date,year,weekday,split,O79,C79,H79,L79,R79,n_w_bars,ATR_ref,class,prev_class,y,y_1000,y_1100,dual_same_bar,is_event,is_holiday,is_early_close,excl_reason,primary_ok,all_days_ok,range_expansion,chop
2022-12-27,2022,1,warmup,13789.25,13712.25,13790.0,13695.25,94.75,120,,,,,,,False,False,False,False,no_atr,False,False,,
2022-12-28,2022,2,warmup,13593.25,13568.5,13607.25,13562.5,44.75,120,,,,,,,False,False,False,False,no_atr,False,False,,
2022-12-29,2022,3,warmup,13502.0,13553.75,13557.75,13485.75,72.0,120,,,,,,,False,False,False,False,no_atr,False,False,,
2022-12-30,2022,4,warmup,13638.5,13576.0,13644.25,13559.25,85.0,120,,,,,,,False,False,False,False,no_atr,False,False,,
2023-01-03,2023,1,IS,13732.0,13779.0,13782.0,13707.5,74.5,120,,,,,,,False,False,False,False,no_atr,False,False,,
2023-01-04,2023,2,IS,13666.0,13680.75,13703.0,13627.75,75.25,120,,,,,,,False,False,False,False,no_atr,False,False,,
2023-01-05,2023,3,IS,13681.5,13582.75,13701.75,13568.0,133.75,120,,,,,,,False,False,False,False,no_atr,False,False,,
2023-01-06,2023,4,IS,13451.0,13604.0,13624.5,13406.0,218.5,120,,,,,,,False,True,False,False,no_atr,False,False,,
2023-01-09,2023,0,IS,13804.5,13831.25,13852.25,13801.5,50.75,120,,,,,,,False,False,False,False,no_atr,False,False,,
2023-01-10,2023,1,IS,13803.5,13783.75,13805.5,13749.0,56.5,120,,,,,,,False,False,False,False,no_atr,False,False,,
2023-01-11,2023,2,IS,13951.0,13974.75,13983.75,13930.5,53.25,120,,,,,,,False,False,False,False,no_atr,False,False,,
2023-01-12,2023,3,IS,14120.75,14197.75,14211.0,13946.0,265.0,120,,,,,,,False,True,False,False,no_atr,False,False,,
2023-01-13,2023,4,IS,14129.0,14054.25,14138.0,14049.25,88.75,120,,,,,,,False,False,False,False,no_atr,False,False,,
2023-01-16,2023,0,IS,14220.0,14243.5,14251.75,14210.5,41.25,120,,,,,,,False,False,True,False,holiday,False,False,,
2023-01-17,2023,1,IS,14225.5,14217.0,14244.0,14197.25,46.75,120,,,,,,,False,False,False,False,no_atr,False,False,,
2023-01-18,2023,2,IS,14303.75,14346.0,14376.75,14291.25,85.5,120,,,,,,,False,False,False,False,no_atr,False,False,,
2023-01-19,2023,3,IS,14039.75,14045.75,14049.75,13999.75,50.0,120,,,,,,,False,False,False,False,no_atr,False,False,,
2023-01-20,2023,4,IS,14066.0,14066.5,14103.5,14057.25,46.25,120,,,,,,,False,False,False,False,no_atr,False,False,,
2023-01-23,2023,0,IS,14313.75,14356.0,14378.25,14312.5,65.75,120,,,,,,,False,False,False,False,no_atr,False,False,,
2023-01-24,2023,1,IS,14538.25,14500.5,14547.0,14490.75,56.25,120,,,,,,,False,False,False,False,no_atr,False,False,,
2023-01-25,2023,2,IS,14393.5,14360.75,14423.75,14360.5,63.25,120,68.875,consolidation,,low,low,low,False,False,False,False,,True,True,2.9130434782608696,False
2023-01-26,2023,3,IS,14597.75,14656.0,14665.0,14585.0,80.0,120,64.5,expansion↑,consolidation,high,high,high,False,False,False,False,,True,True,2.134375,False
2023-01-27,2023,4,IS,14708.0,14692.25,14733.75,14677.75,56.0,120,68.875,consolidation,expansion↑,high,high,high,False,False,False,False,,True,True,2.986607142857143,False
2023-01-30,2023,0,IS,14717.0,14742.5,14753.25,14713.5,39.75,120,64.5,consolidation,consolidation,high,high,high,False,False,False,False,,True,True,4.044025157232705,False
2023-01-31,2023,1,IS,14566.0,14654.5,14672.25,14560.25,112.0,120,59.875,expansion↑,consolidation,high,high,high,False,False,False,False,,True,True,1.1361607142857142,False
2023-02-01,2023,2,IS,14785.25,14787.25,14823.75,14781.0,42.75,120,59.875,consolidation,expansion↑,low,low,low,False,True,False,False,,False,True,1.9005847953216375,False
2023-02-02,2023,3,IS,15224.75,15310.25,15322.75,15207.75,115.0,120,56.375,expansion↑,consolidation,high,high,high,False,False,False,False,,True,True,1.6695652173913043,False
2023-02-03,2023,4,IS,15330.75,15233.0,15416.0,15224.5,191.5,120,56.375,expansion↓,expansion↑,low,low,low,False,True,False,False,,False,True,1.6684073107049608,False
2023-02-06,2023,0,IS,15148.5,15152.5,15193.75,15136.5,57.25,120,56.375,consolidation,expansion↓,high,high,high,False,False,False,False,,True,True,2.668122270742358,False
2023-02-07,2023,1,IS,15199.75,15170.75,15221.0,15158.5,62.5,120,56.875,consolidation,consolidation,low,low,low,False,False,False,False,,True,True,1.884,False
2023-02-08,2023,2,IS,15402.5,15373.75,15437.75,15365.75,72.0,120,59.875,consolidation,consolidation,low,low,low,False,False,False,False,,True,True,3.2604166666666665,False
2023-02-09,2023,3,IS,15345.0,15368.5,15372.25,15315.5,56.75,120,62.875,consolidation,consolidation,high,high,high,False,False,False,False,,True,True,3.0220264317180616,False
2023-02-10,2023,4,IS,14942.75,14988.5,15005.75,14925.5,80.25,120,59.875,expansion↑,consolidation,high,high,high,False,False,False,False,,True,True,1.8006230529595015,False
2023-02-13,2023,0,IS,15050.0,15041.5,15088.5,15036.5,52.0,120,59.875,consolidation,expansion↑,low,low,low,False,False,False,False,,True,True,3.769230769230769,False
2023-02-14,2023,1,IS,15231.25,15188.75,15342.0,15115.0,227.0,120,59.875,consolidation,consolidation,low,low,low,False,True,False,False,,False,True,1.2466960352422907,False
2023-02-15,2023,2,IS,15226.5,15240.0,15275.25,15189.25,86.0,120,62.875,consolidation,consolidation,high,high,high,False,False,False,False,,True,True,1.7209302325581395,False
2023-02-16,2023,3,IS,15379.75,15211.25,15384.25,15188.5,195.75,120,62.875,expansion↓,consolidation,low,low,low,False,False,False,False,,True,True,0.9029374201787995,True
2023-02-17,2023,4,IS,15020.0,15048.75,15056.75,15015.25,41.5,120,64.5,consolidation,expansion↓,high,high,high,False,False,False,False,,True,True,3.5843373493975905,False
2023-02-20,2023,0,IS,15053.75,15056.75,15072.75,15044.75,28.0,120,64.5,compression,consolidation,,,,False,False,True,False,holiday,False,False,,
2023-02-21,2023,1,IS,14936.25,14901.75,14940.75,14894.25,46.5,120,62.875,consolidation,compression,low,low,low,False,False,False,False,,True,True,3.1236559139784945,False
2023-02-22,2023,2,IS,14750.5,14782.5,14818.25,14745.5,72.75,120,62.875,consolidation,consolidation,high,high,high,False,False,False,False,,True,True,1.9312714776632303,False
2023-02-23,2023,3,IS,14857.25,14874.25,14893.0,14840.25,52.75,120,67.25,consolidation,consolidation,high,high,high,False,False,False,False,,True,True,4.355450236966824,False
2023-02-24,2023,4,IS,14752.0,14654.25,14764.0,14629.25,134.75,120,59.875,expansion↓,consolidation,low,low,low,False,False,False,False,,True,True,0.8905380333951762,True
2023-02-27,2023,0,IS,14717.5,14792.25,14808.0,14708.5,99.5,120,67.25,expansion↑,expansion↓,high,neither,high,False,False,False,False,,True,True,1.2462311557788945,False
2023-02-28,2023,1,IS,14771.75,14748.75,14801.25,14729.75,71.5,120,72.375,consolidation,expansion↑,low,low,low,False,False,False,False,,True,True,1.1538461538461537,False
2023-03-01,2023,2,IS,14782.0,14701.75,14783.5,14696.5,87.0,120,71.75,expansion↓,consolidation,low,low,low,False,False,False,False,,True,True,1.778735632183908,False
2023-03-02,2023,3,IS,14555.25,14497.25,14573.5,14493.0,80.5,120,72.375,expansion↓,expansion↓,high,neither,high,False,False,False,False,,True,True,1.1428571428571428,False
2023-03-03,2023,4,IS,14763.0,14792.75,14797.25,14733.75,63.5,120,72.375,consolidation,expansion↓,high,high,high,False,False,False,False,,True,True,1.9173228346456692,False
2023-03-06,2023,0,IS,14960.5,15022.5,15037.25,14955.75,81.5,120,71.75,expansion↑,consolidation,high,high,high,False,False,False,False,,True,True,1.705521472392638,False
2023-03-07,2023,1,IS,15006.75,14999.75,15019.0,14996.0,23.0,120,72.375,compression,expansion↑,low,low,low,False,False,False,False,,True,True,7.934782608695652,False
2023-03-08,2023,2,IS,14845.25,14837.0,14852.0,14800.25,51.75,120,72.375,consolidation,compression,high,high,high,False,False,False,False,,True,True,2.8260869565217392,False
2023-03-09,2023,3,IS,14827.5,14891.5,14895.75,14806.75,89.0,120,72.125,expansion↑,consolidation,high,high,high,False,False,False,False,,True,True,1.3876404494382022,False
2023-03-10,2023,4,IS,14684.0,14722.0,14764.0,14588.0,176.0,120,76.5,consolidation,expansion↑,low,low,low,False,True,False,False,,False,True,1.21875,False
2023-03-13,2023,0,IS,14623.75,14426.5,14647.75,14331.0,316.75,120,76.625,expansion↓,consolidation,high,neither,neither,False,False,False,False,,True,True,1.1578531965272296,False
2023-03-14,2023,1,IS,14628.25,14709.0,14727.75,14557.0,170.75,120,81.0,consolidation,expansion↓,high,high,high,False,True,False,False,,False,True,0.9238653001464129,True
2023-03-15,2023,2,IS,14650.5,14676.5,14744.25,14630.25,114.0,120,81.0,consolidation,consolidation,high,high,high,False,False,False,False,,True,True,1.4013157894736843,False
2023-03-16,2023,3,IS,14937.25,14902.75,14954.25,14874.75,79.5,120,81.0,consolidation,consolidation,low,low,low,False,False,False,False,,True,True,4.440251572327044,False
2023-03-17,2023,4,IS,15247.0,15202.75,15269.0,15185.0,84.0,120,80.0,expansion↓,consolidation,high,high,high,False,False,False,False,,True,True,2.8779761904761907,False
2023-03-20,2023,0,IS,15184.5,15198.25,15213.25,15138.25,75.0,120,81.0,consolidation,expansion↓,low,low,low,False,False,False,False,,True,True,2.24,False
2023-03-21,2023,1,IS,15253.25,15284.5,15316.75,15248.25,68.5,120,81.0,consolidation,consolidation,high,high,high,False,False,False,False,,True,True,1.8211678832116789,False
2023-03-22,2023,2,IS,15376.5,15377.5,15392.0,15360.0,32.0,120,81.0,compression,consolidation,high,high,high,False,True,False,False,,False,True,2.9375,False
2023-03-23,2023,3,IS,15342.5,15349.5,15369.75,15325.25,44.5,120,81.0,consolidation,compression,high,high,high,False,False,False,False,,True,True,4.162921348314606,False
2023-03-24,2023,4,IS,15321.0,15342.5,15344.0,15278.25,65.75,120,81.0,consolidation,consolidation,high,high,high,False,False,False,False,,True,True,1.7756653992395437,False
2023-03-27,2023,0,IS,15453.5,15440.25,15482.25,15436.0,46.25,120,80.0,consolidation,consolidation,low,low,low,False,False,False,False,,True,True,4.124324324324324,False
2023-03-28,2023,1,IS,15285.5,15293.5,15321.25,15281.75,39.5,120,77.25,consolidation,consolidation,low,low,low,False,False,False,False,,True,True,3.2278481012658227,False
2023-03-29,2023,2,IS,15360.5,15382.0,15385.75,15355.0,30.75,120,77.25,compression,consolidation,high,high,high,False,False,False,False,,True,True,2.5447154471544717,False
2023-03-30,2023,3,IS,15553.25,15575.75,15594.0,15546.5,47.5,120,71.75,consolidation,compression,high,high,high,False,False,False,False,,True,True,1.7578947368421052,False
2023-03-31,2023,4,IS,15598.0,15621.0,15652.75,15582.25,70.5,120,67.125,consolidation,consolidation,high,high,high,False,False,False,False,,True,True,1.9148936170212767,False
2023-04-03,2023,0,IS,15745.0,15734.75,15752.75,15704.25,48.5,120,69.5,consolidation,consolidation,high,high,high,False,False,False,False,,True,True,2.3556701030927836,False
2023-04-04,2023,1,IS,15852.5,15827.75,15858.75,15819.25,39.5,120,67.125,consolidation,consolidation,low,low,low,False,False,False,False,,True,True,3.050632911392405,False
2023-04-05,2023,2,IS,15727.75,15723.75,15760.75,15715.0,45.75,120,67.125,consolidation,consolidation,low,low,low,False,False,False,False,,True,True,3.551912568306011,False
2023-04-06,2023,3,IS,15566.75,15544.5,15595.75,15539.75,56.0,120,67.125,consolidation,consolidation,low,low,low,False,False,False,False,,True,True,3.1205357142857144,False
2023-04-07,2023,4,IS,15692.75,15697.0,15717.0,15646.75,70.25,120,60.875,consolidation,consolidation,,,,False,True,True,False,holiday,False,False,,
2023-04-10,2023,0,IS,15677.5,15585.25,15679.25,15577.75,101.5,120,60.875,expansion↓,consolidation,low,low,low,False,False,False,False,,True,True,1.1921182266009853,False
2023-04-11,2023,1,IS,15705.25,15662.25,15708.25,15650.25,58.0,120,60.875,consolidation,expansion↓,low,low,low,False,False,False,False,,True,True,1.8448275862068966,False
2023-04-12,2023,2,IS,15593.75,15711.5,15766.5,15575.25,191.25,120,57.0,expansion↑,consolidation,low,low,low,False,True,False,False,,False,True,1.0705882352941176,False
2023-04-13,2023,3,IS,15505.0,15546.5,15562.75,15482.0,80.75,120,57.0,expansion↑,expansion↑,high,high,high,False,False,False,False,,True,True,1.5510835913312693,False
2023-04-14,2023,4,IS,15660.5,15637.75,15697.25,15625.75,71.5,120,57.0,consolidation,expansion↑,high,high,high,False,False,False,False,,True,True,2.027972027972028,False
2023-04-17,2023,0,IS,15713.0,15696.75,15726.75,15683.0,43.75,120,57.0,consolidation,consolidation,low,low,low,False,False,False,False,,True,True,2.697142857142857,False
2023-04-18,2023,1,IS,15789.75,15815.5,15823.5,15781.25,42.25,120,52.25,consolidation,consolidation,low,low,low,False,False,False,False,,True,True,3.4615384615384617,False
2023-04-19,2023,2,IS,15620.0,15603.25,15630.0,15592.75,37.25,120,48.0,consolidation,consolidation,high,high,high,False,False,False,False,,True,True,2.61744966442953,False
2023-04-20,2023,3,IS,15588.75,15598.0,15600.75,15557.25,43.5,120,48.0,consolidation,consolidation,high,high,high,False,False,False,False,,True,True,2.5689655172413794,False
2023-04-21,2023,4,IS,15535.75,15574.25,15580.25,15529.75,50.5,120,48.0,expansion↑,consolidation,high,high,high,False,False,False,False,,True,True,2.267326732673267,False
2023-04-24,2023,0,IS,15597.5,15620.0,15624.25,15596.0,28.25,120,48.0,consolidation,expansion↑,low,low,low,False,False,False,False,,True,True,5.902654867256637,False
2023-04-25,2023,1,IS,15527.25,15524.0,15543.0,15516.75,26.25,120,48.0,consolidation,consolidation,low,low,low,False,False,False,False,,True,True,3.7904761904761903,False
2023-04-26,2023,2,IS,15457.5,15470.75,15479.25,15410.0,69.25,120,48.0,consolidation,consolidation,high,high,high,False,False,False,False,,True,True,1.444043321299639,False
2023-04-27,2023,3,IS,15518.5,15549.25,15572.75,15508.25,64.5,120,49.5,consolidation,consolidation,high,high,high,False,False,False,False,,True,True,2.0775193798449614,False
2023-04-28,2023,4,IS,15717.25,15736.25,15748.25,15693.75,54.5,120,53.25,consolidation,consolidation,high,high,high,False,False,False,False,,True,True,2.2155963302752295,False
2023-05-01,2023,0,IS,15836.25,15826.25,15842.75,15810.0,32.75,120,52.5,consolidation,consolidation,high,high,high,False,False,False,False,,True,True,2.2442748091603053,False
2023-05-02,2023,1,IS,15830.5,15825.25,15841.0,15807.75,33.25,120,52.5,consolidation,consolidation,low,low,low,False,False,False,False,,True,True,6.105263157894737,False
2023-05-03,2023,2,IS,15726.5,15729.0,15756.25,15721.75,34.5,120,52.5,consolidation,consolidation,low,low,low,False,True,False,False,,False,True,1.8768115942028984,False
2023-05-04,2023,3,IS,15633.25,15607.0,15636.5,15586.0,50.5,120,52.5,consolidation,consolidation,low,low,low,False,False,False,False,,True,True,2.089108910891089,False
2023-05-05,2023,4,IS,15646.5,15644.0,15682.25,15610.0,72.25,120,50.5,consolidation,consolidation,high,high,high,False,True,False,False,,False,True,2.124567474048443,False
2023-05-08,2023,0,IS,15834.75,15821.25,15849.5,15812.5,37.0,120,50.5,consolidation,consolidation,low,low,low,False,False,False,False,,True,True,1.8310810810810811,False
2023-05-09,2023,1,IS,15825.0,15802.25,15828.5,15798.25,30.25,120,47.125,consolidation,consolidation,high,high,high,False,False,False,False,,True,True,1.9008264462809918,False
2023-05-10,2023,2,IS,15769.25,15908.0,15917.5,15764.75,152.75,120,43.625,expansion↑,consolidation,high,high,high,False,True,False,False,,False,True,0.8870703764320785,True
2023-05-11,2023,3,IS,15961.5,15956.5,15992.25,15929.0,63.25,120,43.625,consolidation,expansion↑,low,low,low,False,False,False,False,,True,True,1.3952569169960474,False
2023-05-12,2023,4,IS,15999.75,15991.5,16005.75,15978.5,27.25,120,43.625,consolidation,consolidation,high,high,high,False,False,False,False,,True,True,4.302752293577981,False
2023-05-15,2023,0,IS,15958.25,15946.5,15967.75,15937.25,30.5,120,42.875,consolidation,consolidation,low,low,low,False,False,False,False,,True,True,3.180327868852459,False
2023-05-16,2023,1,IS,15998.0,15959.25,16004.75,15954.5,50.25,120,39.75,expansion↓,consolidation,high,high,high,False,False,False,False,,True,True,2.2935323383084576,False
2023-05-17,2023,2,IS,16029.75,16044.0,16047.25,16018.75,28.5,120,40.375,consolidation,expansion↓,high,high,high,False,False,False,False,,True,True,3.026315789473684,False
2023-05-18,2023,3,IS,16194.0,16164.25,16208.0,16163.75,44.25,120,40.25,expansion↓,consolidation,high,high,high,False,False,False,False,,True,True,4.604519774011299,False
2023-05-19,2023,4,IS,16411.5,16440.25,16443.75,16402.25,41.5,120,40.625,expansion↑,expansion↓,high,high,high,False,False,False,False,,True,True,2.572289156626506,False
2023-05-22,2023,0,IS,16365.75,16379.5,16393.75,16349.25,44.5,120,39.25,consolidation,expansion↑,high,high,high,False,False,False,False,,True,True,2.241573033707865,False
2023-05-23,2023,1,IS,16420.25,16366.25,16426.75,16363.5,63.25,120,42.875,expansion↓,consolidation,low,low,low,False,False,False,False,,True,True,0.8814229249011858,True
2023-05-24,2023,2,IS,16211.75,16172.25,16220.25,16168.5,51.75,120,44.375,expansion↓,expansion↓,low,low,low,False,False,False,False,,True,True,2.0966183574879227,False
2023-05-25,2023,3,IS,16422.5,16487.75,16495.0,16414.0,81.0,120,44.375,expansion↑,expansion↓,low,low,low,False,False,False,False,,True,True,1.6728395061728396,False
2023-05-26,2023,4,IS,16542.25,16543.25,16569.5,16503.25,66.25,120,44.375,consolidation,expansion↑,high,high,high,False,False,False,False,,True,True,4.3283018867924525,False
2023-05-29,2023,0,IS,16918.0,16899.75,16921.0,16892.25,28.75,120,44.375,consolidation,consolidation,,,,False,False,True,False,holiday,False,False,,
2023-05-30,2023,1,IS,17009.5,17050.25,17094.75,17007.25,87.5,120,44.375,consolidation,consolidation,low,low,low,False,False,False,False,,True,True,1.822857142857143,False
2023-05-31,2023,2,IS,16895.5,16843.75,16906.25,16840.5,65.75,120,47.375,expansion↓,consolidation,high,high,high,False,False,False,False,,True,True,2.425855513307985,False
2023-06-01,2023,3,IS,16842.0,16821.0,16861.25,16797.75,63.5,120,50.375,consolidation,expansion↓,low,low,low,False,False,False,False,,True,True,2.7007874015748032,False
2023-06-02,2023,4,IS,17056.75,17036.25,17089.75,17018.25,71.5,120,51.0,consolidation,consolidation,high,high,high,False,True,False,False,,False,True,2.230769230769231,False
2023-06-05,2023,0,IS,17074.25,17084.5,17093.25,17069.0,24.25,120,51.0,compression,consolidation,high,high,high,False,False,False,False,,True,True,5.216494845360825,False
2023-06-06,2023,1,IS,17106.0,17093.25,17119.0,17088.75,30.25,120,51.0,consolidation,compression,low,low,low,False,False,False,False,,True,True,3.6942148760330578,False
2023-06-07,2023,2,IS,17107.0,17116.5,17139.0,17107.0,32.0,120,51.0,consolidation,consolidation,high,high,high,False,False,False,False,,True,True,7.796875,False
2023-06-08,2023,3,IS,16856.0,16887.75,16896.75,16812.75,84.0,120,47.375,consolidation,consolidation,high,high,high,False,False,False,False,,True,True,2.2232142857142856,False
2023-06-09,2023,4,IS,17020.25,17077.25,17082.0,17019.0,63.0,120,47.375,expansion↑,consolidation,high,high,high,False,False,False,False,,True,True,2.488095238095238,False
2023-06-12,2023,0,IS,17149.75,17161.5,17171.75,17133.25,38.5,120,51.0,consolidation,expansion↑,low,low,low,False,False,False,False,,True,True,2.396103896103896,False
2023-06-13,2023,1,IS,17374.0,17447.75,17454.5,17327.75,126.75,120,51.0,expansion↑,consolidation,high,high,high,False,True,False,False,,False,True,1.3175542406311638,False
2023-06-14,2023,2,IS,17466.0,17458.5,17494.25,17448.25,46.0,120,57.375,consolidation,expansion↑,low,low,low,False,True,False,False,,False,True,3.5543478260869565,False
2023-06-15,2023,3,IS,17442.5,17469.75,17478.5,17414.25,64.25,120,57.375,consolidation,consolidation,high,high,high,False,False,False,False,,True,True,3.2684824902723735,False
2023-06-16,2023,4,IS,17737.0,17781.0,17792.0,17736.5,55.5,120,63.125,consolidation,consolidation,high,high,high,False,False,False,False,,True,True,2.725225225225225,False
2023-06-19,2023,0,IS,17604.0,17600.5,17609.0,17582.25,26.75,120,63.125,compression,consolidation,,,,False,False,True,False,holiday,False,False,,
2023-06-20,2023,1,IS,17556.75,17598.25,17599.25,17556.25,43.0,120,63.125,consolidation,compression,low,low,low,False,False,False,False,,True,True,4.284883720930233,False
2023-06-21,2023,2,IS,17588.75,17549.5,17595.0,17534.0,61.0,120,59.25,expansion↓,consolidation,low,low,low,False,False,False,False,,True,True,3.557377049180328,False
2023-06-22,2023,3,IS,17329.75,17341.75,17372.0,17318.25,53.75,120,62.0,consolidation,expansion↓,low,low,low,False,False,False,False,,True,True,4.037209302325581,False
2023-06-23,2023,4,IS,17456.75,17386.5,17494.0,17367.25,126.75,120,58.25,expansion↓,consolidation,low,low,low,False,False,False,False,,True,True,0.8086785009861933,True
2023-06-26,2023,0,IS,17372.75,17409.75,17416.75,17363.75,53.0,120,58.25,consolidation,expansion↓,high,high,high,False,False,False,False,,True,True,3.292452830188679,False
2023-06-27,2023,1,IS,17275.5,17260.5,17285.5,17239.0,46.5,120,58.25,consolidation,consolidation,high,high,high,False,False,False,False,,True,True,2.6989247311827955,False
2023-06-28,2023,2,IS,17410.0,17393.0,17437.0,17383.0,54.0,120,54.625,consolidation,consolidation,low,low,low,False,False,False,False,,True,True,3.365740740740741,False
2023-06-29,2023,3,IS,17535.75,17490.5,17551.0,17475.75,75.25,120,53.875,expansion↓,consolidation,low,low,low,False,False,False,False,,True,True,1.5448504983388704,False
2023-06-30,2023,4,IS,17523.5,17585.25,17608.25,17513.5,94.75,120,53.875,expansion↑,expansion↓,high,high,high,False,False,False,False,,True,True,1.4591029023746702,False
2023-07-03,2023,0,IS,17714.0,17699.0,17716.25,17679.75,36.5,120,53.875,consolidation,expansion↑,high,high,high,False,False,False,True,,True,True,2.2465753424657535,False
2023-07-04,2023,1,IS,17695.5,17705.75,17707.25,17691.0,16.25,120,53.875,compression,consolidation,,,,False,False,True,False,holiday,False,False,,
2023-07-05,2023,2,IS,17638.25,17632.5,17641.5,17609.5,32.0,120,53.875,consolidation,compression,high,high,high,False,False,False,False,,True,True,4.4140625,False
2023-07-06,2023,3,IS,17631.5,17538.25,17653.25,17512.75,140.5,120,53.875,expansion↓,consolidation,low,low,low,False,False,False,False,,True,True,0.7313167259786477,True
2023-07-07,2023,4,IS,17560.25,17574.25,17662.25,17548.0,114.25,120,53.875,consolidation,expansion↓,low,low,low,False,True,False,False,,False,True,0.8927789934354485,True
2023-07-10,2023,0,IS,17488.25,17506.75,17545.5,17486.5,59.0,120,53.875,consolidation,consolidation,high,high,high,False,False,False,False,,True,True,2.190677966101695,False
2023-07-11,2023,1,IS,17553.25,17575.25,17588.0,17549.5,38.5,120,54.75,consolidation,consolidation,low,low,low,False,False,False,False,,True,True,3.2987012987012987,False
2023-07-12,2023,2,IS,17635.5,17746.75,17773.0,17633.25,139.75,120,53.875,expansion↑,consolidation,high,high,high,False,True,False,False,,False,True,1.1717352415026834,False
2023-07-13,2023,3,IS,17896.0,17905.75,17929.5,17876.25,53.25,120,54.75,consolidation,expansion↑,high,high,high,False,False,False,False,,True,True,1.5633802816901408,False
2023-07-14,2023,4,IS,18039.75,18061.25,18073.0,18037.75,35.25,120,53.875,consolidation,consolidation,high,high,high,False,False,False,False,,True,True,4.120567375886525,False
2023-07-17,2023,0,IS,18040.25,18052.5,18054.5,18027.5,27.0,120,53.5,consolidation,consolidation,high,high,high,False,False,False,False,,True,True,3.787037037037037,False
2023-07-18,2023,1,IS,18168.75,18156.75,18186.0,18144.25,41.75,120,53.5,consolidation,consolidation,low,low,low,False,False,False,False,,True,True,3.7365269461077846,False
2023-07-19,2023,2,IS,18348.25,18354.0,18363.0,18330.0,33.0,120,53.5,consolidation,consolidation,high,high,high,False,False,False,False,,True,True,2.3863636363636362,False
2023-07-20,2023,3,IS,18203.5,18187.5,18221.25,18166.75,54.5,120,53.125,consolidation,consolidation,high,high,high,False,False,False,False,,True,True,3.591743119266055,False
2023-07-21,2023,4,IS,18019.25,18040.0,18047.75,17994.0,53.75,120,53.125,consolidation,consolidation,high,high,high,False,False,False,False,,True,True,3.167441860465116,False
2023-07-24,2023,0,IS,17922.5,17916.0,17937.75,17910.75,27.0,120,53.125,consolidation,consolidation,high,high,high,False,False,False,False,,True,True,5.0,False
2023-07-25,2023,1,IS,17947.75,17955.75,17973.25,17947.0,26.25,120,49.875,consolidation,consolidation,low,low,low,False,False,False,False,,True,True,3.8666666666666667,False
2023-07-26,2023,2,IS,17972.0,17967.75,17995.25,17954.5,40.75,120,47.5,consolidation,consolidation,low,low,low,False,True,False,False,,False,True,3.049079754601227,False
2023-07-27,2023,3,IS,18146.75,18164.0,18192.75,18138.75,54.0,120,41.25,consolidation,consolidation,high,high,high,False,False,False,False,,True,True,2.6296296296296298,False
2023-07-28,2023,4,IS,18043.75,18089.75,18098.25,18033.25,65.0,120,41.25,expansion↑,consolidation,high,high,high,False,False,False,False,,True,True,2.769230769230769,False
2023-07-31,2023,0,IS,18197.5,18234.75,18243.5,18196.0,47.5,120,41.25,expansion↑,expansion↑,low,low,low,False,False,False,False,,True,True,2.1,False
2023-08-01,2023,1,IS,18172.5,18122.0,18177.0,18104.0,73.0,120,44.625,expansion↓,expansion↑,low,neither,low,False,False,False,False,,True,True,1.4828767123287672,False
2023-08-02,2023,2,IS,18036.5,18033.75,18068.0,18008.75,59.25,120,50.375,consolidation,expansion↓,low,low,low,False,False,False,False,,True,True,3.7637130801687766,False
2023-08-03,2023,3,IS,17759.0,17720.5,17793.75,17710.75,83.0,120,53.5,consolidation,consolidation,low,low,low,False,False,False,False,,True,True,1.6295180722891567,False
2023-08-04,2023,4,IS,17832.5,17860.25,17885.0,17750.0,135.0,120,53.5,consolidation,consolidation,high,high,high,False,True,False,False,,False,True,1.412962962962963,False
2023-08-07,2023,0,IS,17764.25,17789.0,17791.0,17742.25,48.75,120,53.5,consolidation,consolidation,high,high,high,False,False,False,False,,True,True,2.8512820512820514,False
2023-08-08,2023,1,IS,17752.75,17725.25,17759.75,17667.0,92.75,120,51.0,consolidation,consolidation,low,low,low,False,False,False,False,,True,True,1.743935309973046,False
2023-08-09,2023,2,IS,17734.0,17716.5,17756.0,17711.5,44.5,120,53.5,consolidation,consolidation,low,low,low,False,False,False,False,,True,True,4.98876404494382,False
2023-08-10,2023,3,IS,17617.0,17670.25,17705.75,17592.25,113.5,120,51.0,consolidation,consolidation,high,high,high,False,True,False,False,,False,True,2.0770925110132157,False
2023-08-11,2023,4,IS,17514.75,17445.5,17541.25,17432.0,109.25,120,51.25,expansion↓,consolidation,low,low,low,False,False,False,False,,True,True,1.2540045766590389,False
2023-08-14,2023,0,IS,17502.0,17433.25,17505.25,17404.0,101.25,120,53.875,expansion↓,expansion↓,low,low,low,False,False,False,False,,True,True,2.1037037037037036,False
2023-08-15,2023,1,IS,17527.75,17534.25,17553.25,17500.25,53.0,120,54.25,consolidation,expansion↓,high,high,high,False,False,False,False,,True,True,2.8632075471698113,False
2023-08-16,2023,2,IS,17462.0,17415.25,17467.0,17412.25,54.75,120,54.25,expansion↓,consolidation,low,low,low,False,False,False,False,,True,True,2.0182648401826486,False
2023-08-17,2023,3,IS,17312.5,17359.0,17366.5,17301.25,65.25,120,54.625,expansion↑,expansion↓,low,low,low,False,False,False,False,,True,True,2.310344827586207,False
2023-08-18,2023,4,IS,17057.0,16996.25,17065.75,16978.25,87.5,120,57.0,expansion↓,expansion↑,low,low,low,False,False,False,False,,True,True,1.52,False
2023-08-21,2023,0,IS,17174.75,17166.0,17206.75,17162.0,44.75,120,62.125,consolidation,expansion↓,low,low,low,False,False,False,False,,True,True,3.212290502793296,False
2023-08-22,2023,1,IS,17418.0,17440.75,17466.5,17402.75,63.75,120,62.125,consolidation,consolidation,low,low,low,False,False,False,False,,True,True,1.9450980392156862,False
2023-08-23,2023,2,IS,17365.5,17331.75,17370.5,17305.5,65.0,120,64.375,expansion↓,consolidation,high,high,high,False,False,False,False,,True,True,3.1923076923076925,False
2023-08-24,2023,3,IS,17723.5,17677.5,17743.5,17671.0,72.5,120,65.0,expansion↓,expansion↓,low,low,low,False,False,False,False,,True,True,5.489655172413793,False
2023-08-25,2023,4,IS,17229.0,17242.75,17266.5,17204.75,61.75,120,65.125,consolidation,expansion↓,high,high,high,False,False,False,False,,True,True,4.809716599190283,False
2023-08-28,2023,0,IS,17359.5,17436.75,17437.75,17357.25,80.5,120,65.125,expansion↑,consolidation,high,high,high,False,False,False,False,,True,True,1.7763975155279503,False
2023-08-29,2023,1,IS,17432.25,17417.75,17443.25,17398.0,45.25,120,68.875,consolidation,expansion↑,high,high,high,False,False,False,False,,True,True,7.149171270718232,False
2023-08-30,2023,2,IS,17741.75,17777.0,17800.0,17729.5,70.5,120,65.125,expansion↑,consolidation,high,high,high,False,False,False,False,,True,True,1.875886524822695,False
2023-08-31,2023,3,IS,17831.25,17853.25,17892.5,17820.5,72.0,120,67.875,consolidation,expansion↑,high,high,high,False,False,False,False,,True,True,1.6527777777777777,False
2023-09-01,2023,4,IS,17910.0,17987.0,18002.0,17904.5,97.5,120,67.875,expansion↑,consolidation,low,low,low,False,True,False,False,,False,True,2.017948717948718,False
2023-09-04,2023,0,IS,17908.25,17900.75,17914.5,17894.25,20.25,120,67.875,compression,expansion↑,,,,False,False,True,False,holiday,False,False,,
2023-09-05,2023,1,IS,17824.0,17838.0,17847.5,17785.0,62.5,120,67.875,consolidation,compression,high,high,high,False,False,False,False,,True,True,2.148,False
2023-09-06,2023,2,IS,17833.75,17845.25,17858.75,17822.5,36.25,120,65.125,consolidation,consolidation,low,low,low,False,False,False,False,,True,True,4.5793103448275865,False
2023-09-07,2023,3,IS,17641.75,17549.5,17660.75,17535.75,125.0,120,65.125,expansion↓,consolidation,low,low,low,False,False,False,False,,True,True,0.99,True
2023-09-08,2023,4,IS,17607.75,17621.0,17639.25,17571.25,68.0,120,65.125,consolidation,expansion↓,high,high,high,False,False,False,False,,True,True,1.7830882352941178,False
2023-09-11,2023,0,IS,17739.75,17770.75,17774.0,17730.5,43.5,120,65.125,consolidation,consolidation,high,high,high,False,False,False,False,,True,True,2.5172413793103448,False
2023-09-12,2023,1,IS,17799.5,17769.5,17802.25,17764.0,38.25,120,64.375,consolidation,consolidation,low,low,low,False,False,False,False,,True,True,3.712418300653595,False
2023-09-13,2023,2,IS,17627.0,17652.5,17676.0,17557.0,119.0,120,64.375,consolidation,consolidation,high,high,high,False,True,False,False,,False,True,1.2563025210084033,False
2023-09-14,2023,3,IS,17767.0,17761.0,17788.75,17719.75,69.0,120,65.125,consolidation,consolidation,high,high,high,False,False,False,False,,True,True,2.3731884057971016,False
2023-09-15,2023,4,IS,17819.5,17776.5,17823.75,17771.0,52.75,120,66.5,consolidation,consolidation,low,low,low,False,False,False,False,,True,True,4.085308056872038,False
2023-09-18,2023,0,IS,17561.75,17512.5,17566.25,17481.5,84.75,120,64.375,expansion↓,consolidation,high,high,high,False,False,False,False,,True,True,1.2920353982300885,False
2023-09-19,2023,1,IS,17581.0,17539.25,17593.25,17533.25,60.0,120,66.5,consolidation,expansion↓,low,low,low,False,False,False,False,,True,True,2.0791666666666666,False
2023-09-20,2023,2,IS,17551.0,17581.25,17581.5,17543.5,38.0,120,66.5,consolidation,consolidation,low,low,low,False,True,False,False,,False,True,2.8092105263157894,False
2023-09-21,2023,3,IS,17179.75,17110.0,17187.75,17093.25,94.5,120,65.25,expansion↓,consolidation,low,low,low,False,False,False,False,,True,True,1.0714285714285714,False
2023-09-22,2023,4,IS,17078.0,17105.25,17123.5,17063.5,60.0,120,65.25,consolidation,expansion↓,low,low,low,False,False,False,False,,True,True,2.325,False
2023-09-25,2023,0,IS,17009.5,16971.5,17021.75,16950.0,71.75,120,65.25,expansion↓,consolidation,low,low,low,False,False,False,False,,True,True,1.9581881533101044,False
2023-09-26,2023,1,IS,17022.0,16991.75,17044.0,16989.25,54.75,120,65.25,consolidation,expansion↓,low,low,low,False,False,False,False,,True,True,2.223744292237443,False
2023-09-27,2023,2,IS,16914.5,16920.0,16929.25,16884.75,44.5,120,65.25,consolidation,consolidation,high,high,high,False,False,False,False,,True,True,2.99438202247191,False
2023-09-28,2023,3,IS,16880.25,16844.75,16928.25,16828.75,99.5,120,61.25,consolidation,consolidation,low,low,low,False,False,False,False,,True,True,2.540201005025126,False
2023-09-29,2023,4,IS,17101.5,17154.0,17160.75,17071.25,89.5,120,61.25,expansion↑,consolidation,high,high,high,False,False,False,False,,True,True,1.7094972067039107,False
2023-10-02,2023,0,IS,17043.75,17010.25,17058.5,16995.75,62.75,120,61.25,expansion↓,expansion↑,high,high,high,False,False,False,False,,True,True,3.1593625498007967,False
2023-10-03,2023,1,IS,17118.75,17003.75,17120.0,16998.25,121.75,120,62.625,expansion↓,expansion↓,high,high,high,False,False,False,False,,True,True,2.1704312114989732,False
2023-10-04,2023,2,IS,16847.5,16932.0,16950.75,16844.0,106.75,120,65.375,expansion↑,expansion↓,high,high,high,False,False,False,False,,True,True,1.5269320843091334,False
2023-10-05,2023,3,IS,17063.0,17039.25,17109.75,17010.0,99.75,120,68.5,consolidation,expansion↑,low,low,low,False,False,False,False,,True,True,2.107769423558897,False
2023-10-06,2023,4,IS,17057.5,16833.25,17067.0,16811.0,256.0,120,68.5,expansion↓,consolidation,high,neither,neither,False,True,False,False,,False,True,1.3525390625,False
2023-10-09,2023,0,IS,17148.5,17140.75,17170.75,17122.75,48.0,120,70.375,consolidation,expansion↓,low,low,low,False,False,False,False,,True,True,2.4427083333333335,False
2023-10-10,2023,1,IS,17370.75,17346.5,17373.75,17322.75,51.0,120,70.375,consolidation,consolidation,high,high,high,False,False,False,False,,True,True,3.9901960784313726,False
2023-10-11,2023,2,IS,17474.75,17486.5,17496.75,17435.25,61.5,120,70.375,consolidation,consolidation,high,high,high,False,False,False,False,,True,True,1.548780487804878,False
2023-10-12,2023,3,IS,17589.75,17547.5,17597.0,17512.5,84.5,120,65.875,expansion↓,consolidation,high,neither,high,False,True,False,False,,False,True,1.1952662721893492,False
2023-10-13,2023,4,IS,17404.75,17477.75,17484.0,17394.0,90.0,120,67.25,expansion↑,expansion↓,high,high,high,False,False,False,False,,True,True,2.861111111111111,False
2023-10-16,2023,0,IS,17280.0,17321.0,17331.0,17262.75,68.25,120,78.125,consolidation,expansion↑,high,high,high,False,False,False,False,,True,True,2.3003663003663,False
2023-10-17,2023,1,IS,17402.0,17321.25,17404.5,17319.5,85.0,120,70.0,expansion↓,consolidation,low,low,low,False,False,False,False,,True,True,2.7441176470588236,False
2023-10-18,2023,2,IS,17295.25,17281.25,17325.0,17277.0,48.0,120,78.125,consolidation,expansion↓,low,low,low,False,False,False,False,,True,True,2.7239583333333335,False
2023-10-19,2023,3,IS,17211.75,17236.75,17241.0,17173.0,68.0,120,78.125,consolidation,consolidation,high,high,high,False,False,False,False,,True,True,2.099264705882353,False
2023-10-20,2023,4,IS,16982.0,16978.5,17021.5,16955.5,66.0,120,70.0,consolidation,consolidation,high,high,high,False,False,False,False,,True,True,3.4204545454545454,False
2023-10-23,2023,0,IS,16723.5,16754.5,16779.25,16715.25,64.0,120,70.0,consolidation,consolidation,high,high,high,False,False,False,False,,True,True,3.953125,False
2023-10-24,2023,1,IS,16947.25,16949.25,16969.25,16932.25,37.0,120,68.125,consolidation,consolidation,low,low,low,False,False,False,False,,True,True,3.22972972972973,False
2023-10-25,2023,2,IS,16918.5,16900.25,16941.25,16899.0,42.25,120,68.125,consolidation,consolidation,low,low,low,False,False,False,False,,True,True,4.118343195266272,False
2023-10-26,2023,3,IS,16487.0,16557.0,16564.75,16453.5,111.25,120,68.125,expansion↑,consolidation,high,high,high,False,False,False,False,,True,True,2.0808988764044942,False
2023-10-27,2023,4,IS,16462.0,16461.0,16485.5,16421.0,64.5,120,68.125,consolidation,expansion↑,high,high,high,False,False,False,False,,True,True,2.0736434108527133,False
2023-10-30,2023,0,IS,16518.0,16505.75,16542.5,16496.0,46.5,120,67.0,consolidation,consolidation,low,low,low,False,False,False,False,,True,True,3.661290322580645,False
2023-10-31,2023,1,IS,16575.75,16563.25,16605.0,16553.75,51.25,120,67.0,consolidation,consolidation,low,low,low,False,False,False,False,,True,True,2.4,False
2023-11-01,2023,2,IS,16586.75,16643.5,16666.0,16561.75,104.25,120,65.25,expansion↑,consolidation,high,high,high,False,True,False,False,,False,True,1.2877697841726619,False
2023-11-02,2023,3,IS,17013.25,17100.25,17104.5,17007.25,97.25,120,65.25,expansion↑,expansion↑,high,neither,high,False,False,False,False,,True,True,1.0539845758354756,False
2023-11-03,2023,4,IS,17095.75,17193.0,17216.5,17082.5,134.0,120,65.25,expansion↑,expansion↑,high,high,high,False,True,False,False,,False,True,0.9160447761194029,True
2023-11-06,2023,0,IS,17364.5,17354.25,17368.0,17340.0,28.0,120,65.25,compression,expansion↑,high,high,high,False,False,False,False,,True,True,2.5892857142857144,False
2023-11-07,2023,1,IS,17342.0,17402.25,17404.0,17341.5,62.5,120,65.25,consolidation,compression,high,high,high,False,False,False,False,,True,True,2.86,False
2023-11-08,2023,2,IS,17520.5,17524.75,17539.75,17507.75,32.0,120,65.25,compression,consolidation,high,high,high,False,False,False,False,,True,True,2.71875,False
2023-11-09,2023,3,IS,17515.0,17552.75,17553.75,17514.0,39.75,120,65.25,consolidation,compression,high,high,high,False,False,False,False,,True,True,2.710691823899371,False
2023-11-10,2023,4,IS,17378.75,17467.5,17471.75,17372.5,99.25,120,64.25,expansion↑,consolidation,high,high,high,False,False,False,False,,True,True,1.4760705289672544,False
2023-11-13,2023,0,IS,17715.25,17684.0,17725.25,17678.0,47.25,120,64.25,consolidation,expansion↑,low,low,low,False,False,False,False,,True,True,2.6296296296296298,False
2023-11-14,2023,1,IS,17735.25,17966.25,17990.75,17703.0,287.75,120,63.25,expansion↑,consolidation,high,high,high,False,True,False,False,,False,True,0.39183318853171156,True
2023-11-15,2023,2,IS,18125.25,18118.5,18200.5,18088.25,112.25,120,63.25,consolidation,expansion↑,low,low,low,False,False,False,False,,True,True,0.7527839643652561,True
2023-11-16,2023,3,IS,18010.75,18032.0,18034.25,17973.0,61.25,120,64.25,consolidation,consolidation,high,high,high,False,False,False,False,,True,True,1.779591836734694,False
2023-11-17,2023,4,IS,18047.5,18039.0,18070.75,18034.25,36.5,120,63.25,consolidation,consolidation,low,low,low,False,False,False,False,,True,True,1.5273972602739727,False
2023-11-20,2023,0,IS,18074.0,18067.75,18075.25,18038.25,37.0,120,61.875,consolidation,consolidation,high,high,high,False,False,False,False,,True,True,3.5337837837837838,False
2023-11-21,2023,1,IS,18212.25,18158.25,18225.75,18155.0,70.75,120,56.25,expansion↓,consolidation,low,low,low,False,False,False,False,,True,True,1.469964664310954,False
2023-11-22,2023,2,IS,18180.25,18217.0,18221.0,18177.0,44.0,120,61.875,consolidation,expansion↓,high,high,high,False,False,False,False,,True,True,3.8181818181818183,False
2023-11-23,2023,3,IS,18223.5,18217.25,18228.75,18208.0,20.75,120,61.875,compression,consolidation,,,,False,False,True,False,holiday,False,False,,
2023-11-24,2023,4,IS,18187.0,18202.0,18204.5,18177.25,27.25,120,56.25,compression,compression,low,low,low,False,False,False,True,,True,True,2.63302752293578,False
2023-11-27,2023,0,IS,18152.0,18148.5,18172.75,18147.5,25.25,120,49.25,consolidation,compression,low,low,low,False,False,False,False,,True,True,3.792079207920792,False
2023-11-28,2023,1,IS,18142.75,18136.0,18150.0,18096.25,53.75,120,49.25,consolidation,consolidation,high,high,high,False,False,False,False,,True,True,2.1023255813953488,False
2023-11-29,2023,2,IS,18282.5,18293.75,18324.25,18274.25,50.0,120,50.5,consolidation,consolidation,high,high,high,False,False,False,False,,True,True,3.535,False
2023-11-30,2023,3,IS,18203.5,18200.75,18249.5,18200.0,49.5,120,48.625,consolidation,consolidation,low,low,low,False,False,False,False,,True,True,3.757575757575758,False
2023-12-01,2023,4,IS,18115.0,18082.75,18116.25,18070.25,46.0,120,48.375,consolidation,consolidation,low,low,low,False,False,False,False,,True,True,3.342391304347826,False
2023-12-04,2023,0,IS,18097.0,18055.25,18119.0,18055.25,63.75,120,46.625,expansion↓,consolidation,low,low,low,False,False,False,False,,True,True,2.4352941176470586,False
2023-12-05,2023,1,IS,17916.5,17953.0,17968.25,17915.0,53.25,120,48.375,expansion↑,expansion↓,high,high,high,False,False,False,False,,True,True,3.3896713615023475,False
2023-12-06,2023,2,IS,18097.0,18162.75,18168.25,18072.75,95.5,120,48.375,expansion↑,expansion↑,high,high,high,False,False,False,False,,True,True,1.824607329842932,False
2023-12-07,2023,3,IS,18005.0,18065.5,18067.25,17989.5,77.75,120,49.75,expansion↑,expansion↑,high,high,high,False,False,False,False,,True,True,1.8070739549839228,False
2023-12-08,2023,4,IS,18143.25,18120.0,18153.5,18039.25,114.25,120,51.625,consolidation,expansion↑,high,high,high,False,True,False,False,,False,True,1.4551422319474836,False
2023-12-11,2023,0,IS,18224.75,18231.0,18237.75,18210.75,27.0,120,51.625,consolidation,consolidation,high,high,high,False,False,False,False,,True,True,4.861111111111111,False
2023-12-12,2023,1,IS,18409.75,18393.5,18489.25,18383.5,105.75,120,51.625,consolidation,consolidation,low,low,low,False,True,False,False,,False,True,1.1394799054373523,False
2023-12-13,2023,2,IS,18551.0,18569.0,18572.75,18544.25,28.5,120,51.625,consolidation,consolidation,low,low,low,False,True,False,False,,False,True,2.1052631578947367,False
2023-12-14,2023,3,IS,18776.75,18792.75,18796.25,18748.25,48.0,120,49.75,consolidation,consolidation,high,high,high,False,False,False,False,,True,True,2.8177083333333335,False
2023-12-15,2023,4,IS,18749.5,18728.5,18754.0,18698.0,56.0,120,48.75,consolidation,consolidation,high,high,high,False,False,False,False,,True,True,2.111607142857143,False
2023-12-18,2023,0,IS,18765.25,18794.25,18795.5,18759.5,36.0,120,49.75,consolidation,consolidation,high,high,high,False,False,False,False,,True,True,2.2847222222222223,False
2023-12-19,2023,1,IS,18898.25,18901.25,18930.5,18890.75,39.75,120,49.75,consolidation,consolidation,low,low,low,False,False,False,False,,True,True,1.7106918238993711,False
2023-12-20,2023,2,IS,18916.75,18925.0,18928.5,18908.5,20.0,120,48.75,compression,consolidation,high,high,high,False,False,False,False,,True,True,5.125,False
2023-12-21,2023,3,IS,18812.0,18883.0,18911.5,18801.5,110.0,120,48.75,expansion↑,compression,low,neither,low,False,False,False,False,,True,True,1.05,False
2023-12-22,2023,4,IS,18877.25,18938.75,18948.0,18871.75,76.25,120,49.75,expansion↑,expansion↑,high,high,high,False,False,False,False,,True,True,0.9573770491803278,True
2023-12-26,2023,1,IS,18951.25,18946.0,18957.75,18926.0,31.75,120,51.625,consolidation,expansion↑,high,high,high,False,False,False,False,,True,True,1.7322834645669292,False
2023-12-27,2023,2,IS,19025.0,19043.5,19047.5,19016.0,31.5,120,51.625,consolidation,consolidation,high,high,high,False,False,False,False,,True,True,2.1984126984126986,False
2023-12-28,2023,3,IS,19090.25,19088.25,19106.5,19087.75,18.75,120,49.75,compression,consolidation,low,low,low,False,False,False,False,,True,True,3.0,False
2023-12-29,2023,4,IS,19058.0,19026.5,19058.75,19007.25,51.5,120,48.75,expansion↓,compression,low,neither,low,False,False,False,False,,True,True,3.2864077669902914,False
2024-01-02,2024,1,IS,18817.75,18795.5,18819.25,18758.25,61.0,120,49.75,consolidation,expansion↓,low,low,low,False,False,False,False,,True,True,3.0901639344262297,False
2024-01-03,2024,2,IS,18590.25,18561.0,18590.75,18539.25,51.5,120,52.375,consolidation,consolidation,low,low,low,False,False,False,False,,True,True,2.1262135922330097,False
2024-01-04,2024,3,IS,18474.25,18408.25,18477.0,18392.5,84.5,120,51.5,expansion↓,consolidation,low,low,low,False,False,False,False,,True,True,1.6627218934911243,False
2024-01-05,2024,4,IS,18328.25,18336.0,18368.0,18275.5,92.5,120,51.5,consolidation,expansion↓,high,high,high,False,True,False,False,,False,True,1.5108108108108107,False
2024-01-08,2024,0,IS,18399.0,18414.25,18439.0,18393.5,45.5,120,51.5,consolidation,consolidation,high,high,high,False,False,False,False,,True,True,3.818681318681319,False
2024-01-09,2024,1,IS,18634.5,18605.5,18666.75,18599.0,67.75,120,49.75,consolidation,consolidation,high,neither,high,False,False,False,False,,True,True,2.5535055350553506,False
2024-01-10,2024,2,IS,18787.75,18759.75,18807.25,18756.0,51.25,120,49.75,expansion↓,consolidation,high,high,high,False,False,False,False,,True,True,1.8731707317073172,False
2024-01-11,2024,3,IS,18951.0,18854.75,18998.25,18833.5,164.75,120,51.375,expansion↓,expansion↓,low,neither,low,False,True,False,False,,False,True,1.763277693474962,False
2024-01-12,2024,4,IS,18830.75,18903.75,18920.5,18828.5,92.0,120,51.375,expansion↑,expansion↓,high,high,high,False,False,False,False,,True,True,1.4021739130434783,False
2024-01-15,2024,0,IS,18909.75,18900.5,18922.0,18892.75,29.25,120,51.5,consolidation,expansion↑,,,,False,False,True,False,holiday,False,False,,
2024-01-16,2024,1,IS,18819.75,18833.75,18871.5,18813.5,58.0,120,51.5,consolidation,consolidation,high,high,high,False,False,False,False,,True,True,3.081896551724138,False
2024-01-17,2024,2,IS,18831.0,18760.25,18849.25,18746.5,102.75,120,51.5,expansion↓,consolidation,low,low,low,False,False,False,False,,True,True,1.4963503649635037,False
2024-01-18,2024,3,IS,18934.0,18920.75,18986.0,18917.5,68.5,120,54.75,consolidation,expansion↓,high,high,high,False,False,False,False,,True,True,1.6934306569343065,False
2024-01-19,2024,4,IS,19187.5,19162.25,19196.5,19151.5,45.0,120,59.5,consolidation,consolidation,low,low,low,False,False,False,False,,True,True,2.327777777777778,False
2024-01-22,2024,0,IS,19476.75,19469.5,19523.75,19458.75,65.0,120,59.5,consolidation,consolidation,high,high,high,False,False,False,False,,True,True,2.25,False
2024-01-23,2024,1,IS,19416.25,19439.0,19466.75,19407.5,59.25,120,59.5,consolidation,consolidation,low,low,low,False,False,False,False,,True,True,1.409282700421941,False
2024-01-24,2024,2,IS,19588.75,19608.5,19633.5,19582.5,51.0,120,58.625,consolidation,consolidation,high,high,high,False,False,False,False,,True,True,2.5,False
2024-01-25,2024,3,IS,19588.0,19646.0,19656.75,19555.0,101.75,120,58.625,expansion↑,consolidation,high,high,high,False,False,False,False,,True,True,1.00982800982801,False
2024-01-26,2024,4,IS,19491.0,19543.0,19552.75,19479.75,73.0,120,60.125,expansion↑,expansion↑,low,low,low,False,False,False,False,,True,True,1.7191780821917808,False
2024-01-29,2024,0,IS,19510.0,19488.5,19520.0,19479.25,40.75,120,63.0,consolidation,expansion↑,low,low,low,False,False,False,False,,True,True,1.5644171779141105,False
2024-01-30,2024,1,IS,19641.25,19602.0,19644.0,19594.25,49.75,120,63.0,consolidation,consolidation,low,neither,low,False,False,False,False,,True,True,1.3718592964824121,False
2024-01-31,2024,2,IS,19334.0,19349.0,19395.5,19325.5,70.0,120,62.125,consolidation,consolidation,low,low,low,False,True,False,False,,False,True,2.0428571428571427,False
2024-02-01,2024,3,IS,19278.25,19281.0,19305.0,19243.5,61.5,120,66.375,consolidation,consolidation,low,low,low,False,False,False,False,,True,True,1.7520325203252032,False
2024-02-02,2024,4,IS,19558.0,19430.0,19584.5,19424.5,160.0,120,63.25,expansion↓,consolidation,low,low,low,False,True,False,False,,False,True,1.5765625,False
2024-02-05,2024,0,IS,19648.75,19637.0,19680.5,19631.75,48.75,120,63.25,consolidation,expansion↓,low,low,low,False,False,False,False,,True,True,3.753846153846154,False
2024-02-06,2024,1,IS,19632.5,19680.5,19686.0,19611.75,74.25,120,63.25,expansion↑,consolidation,high,high,high,False,False,False,False,,True,True,2.5555555555555554,False
2024-02-07,2024,2,IS,19620.5,19679.75,19687.75,19594.0,93.75,120,63.25,expansion↑,expansion↑,high,high,high,False,False,False,False,,True,True,1.672,False
2024-02-08,2024,3,IS,19753.25,19765.5,19769.75,19733.5,36.25,120,66.75,consolidation,expansion↑,high,high,high,False,False,False,False,,True,True,2.3793103448275863,False
2024-02-09,2024,4,IS,19859.75,19873.0,19913.25,19843.75,69.5,120,63.25,consolidation,consolidation,low,low,low,False,False,False,False,,True,True,1.9064748201438848,False
2024-02-12,2024,0,IS,19987.75,19972.5,19991.75,19967.75,24.0,120,63.25,compression,consolidation,low,low,low,False,False,False,False,,True,True,4.760416666666667,False
2024-02-13,2024,1,IS,19779.75,19599.0,19811.25,19579.5,231.75,120,63.25,expansion↓,compression,low,low,low,False,True,False,False,,False,True,0.8845738942826321,True
2024-02-14,2024,2,IS,19730.5,19720.75,19753.0,19708.25,44.75,120,66.75,consolidation,expansion↓,high,high,high,False,False,False,False,,True,True,3.195530726256983,False
2024-02-15,2024,3,IS,19842.5,19836.0,19874.75,19823.5,51.25,120,63.25,consolidation,consolidation,low,low,low,False,False,False,False,,True,True,2.395121951219512,False
2024-02-16,2024,4,IS,19955.25,19878.75,19959.25,19844.25,115.0,120,60.375,expansion↓,consolidation,low,low,low,False,False,False,False,,True,True,1.882608695652174,False
2024-02-19,2024,0,IS,19701.75,19716.25,19725.25,19696.25,29.0,120,63.25,compression,expansion↓,,,,False,False,True,False,holiday,False,False,,
2024-02-20,2024,1,IS,19592.25,19611.25,19640.75,19589.5,51.25,120,60.375,consolidation,compression,high,high,high,False,False,False,False,,True,True,4.721951219512195,False
2024-02-21,2024,2,IS,19468.5,19444.75,19479.75,19421.75,58.0,120,56.375,consolidation,consolidation,low,low,low,False,False,False,False,,True,True,1.331896551724138,False
2024-02-22,2024,3,IS,19850.25,19841.5,19853.0,19813.75,39.25,120,59.75,consolidation,consolidation,high,high,high,False,False,False,False,,True,True,2.9808917197452227,False
2024-02-23,2024,4,IS,19974.5,20012.75,20024.0,19962.75,61.25,120,54.625,expansion↑,consolidation,high,high,high,False,False,False,False,,True,True,3.2448979591836733,False
2024-02-26,2024,0,IS,19929.0,19958.0,19969.25,19913.0,56.25,120,54.625,expansion↑,expansion↑,high,high,high,False,False,False,False,,True,True,1.6488888888888888,False
2024-02-27,2024,1,IS,19948.5,19971.25,19981.5,19928.0,53.5,120,57.125,consolidation,expansion↑,low,low,low,False,False,False,False,,True,True,1.7102803738317758,False
2024-02-28,2024,2,IS,19884.0,19880.25,19902.0,19860.0,42.0,120,57.125,consolidation,consolidation,low,low,low,False,False,False,False,,True,True,2.357142857142857,False
2024-02-29,2024,3,IS,19829.25,19951.0,19967.75,19799.0,168.75,120,54.875,expansion↑,consolidation,high,high,high,False,False,False,False,,True,True,1.0325925925925925,False
2024-03-01,2024,4,IS,20032.5,20030.25,20051.75,20011.75,40.0,120,54.875,consolidation,expansion↑,high,high,high,False,False,False,False,,True,True,3.91875,False
2024-03-04,2024,0,IS,20276.25,20278.25,20294.0,20268.0,26.0,120,52.375,compression,consolidation,low,low,low,False,False,False,False,,True,True,2.0961538461538463,False
2024-03-05,2024,1,IS,20099.25,20073.75,20124.0,20073.0,51.0,120,52.375,consolidation,compression,low,low,low,False,False,False,False,,True,True,4.504901960784314,False
2024-03-06,2024,2,IS,19984.5,20035.5,20038.0,19975.5,62.5,120,51.25,expansion↑,consolidation,high,high,high,False,False,False,False,,True,True,2.676,False
2024-03-07,2024,3,IS,20050.25,20094.25,20103.0,20045.5,57.5,120,51.25,expansion↑,expansion↑,high,high,high,False,False,False,False,,True,True,3.273913043478261,False
2024-03-08,2024,4,IS,20231.0,20304.0,20312.5,20152.25,160.25,120,52.375,consolidation,expansion↑,high,high,high,False,True,False,False,,False,True,1.7925117004680187,False
2024-03-11,2024,0,IS,19981.5,19892.75,19986.25,19864.75,121.5,120,52.375,expansion↓,consolidation,low,low,low,False,False,False,False,,True,True,1.0781893004115226,False
2024-03-12,2024,1,IS,19995.25,20016.75,20074.75,19897.75,177.0,120,54.875,consolidation,expansion↓,low,low,low,False,True,False,False,,False,True,1.6016949152542372,False
2024-03-13,2024,2,IS,20169.25,20118.0,20180.25,20105.75,74.5,120,54.875,expansion↓,consolidation,low,low,low,False,False,False,False,,True,True,2.057046979865772,False
2024-03-14,2024,3,IS,20102.25,20063.25,20114.25,20045.0,69.25,120,56.875,expansion↓,expansion↓,low,low,low,False,False,False,False,,True,True,2.812274368231047,False
2024-03-15,2024,4,IS,20005.25,19946.25,20006.0,19926.25,79.75,120,57.75,expansion↓,expansion↓,low,low,low,False,False,False,False,,True,True,1.8244514106583072,False
2024-03-18,2024,0,IS,19891.25,19967.0,19983.0,19885.0,98.0,120,57.75,expansion↑,expansion↓,high,high,high,False,False,False,False,,True,True,1.1275510204081634,False
2024-03-19,2024,1,IS,19876.0,19825.0,19876.25,19771.5,104.75,120,59.625,consolidation,expansion↑,low,low,low,False,False,False,False,,True,True,1.1050119331742243,False
2024-03-20,2024,2,IS,19982.5,19989.5,20025.0,19976.25,48.75,120,61.875,consolidation,consolidation,high,high,high,False,True,False,False,,False,True,1.8205128205128205,False
2024-03-21,2024,3,IS,20299.5,20352.0,20368.5,20297.25,71.25,120,61.875,expansion↑,consolidation,high,high,high,False,False,False,False,,True,True,1.2842105263157895,False
2024-03-22,2024,4,IS,20266.75,20222.5,20277.0,20185.75,91.25,120,65.875,consolidation,expansion↑,neither,neither,neither,False,False,False,False,,True,True,0.7123287671232876,True
2024-03-25,2024,0,IS,20195.0,20169.5,20196.25,20150.25,46.0,120,70.25,consolidation,consolidation,low,low,low,False,False,False,False,,True,True,3.016304347826087,False
2024-03-26,2024,1,IS,20301.75,20264.0,20312.75,20250.75,62.0,120,70.25,consolidation,consolidation,low,low,low,False,False,False,False,,True,True,1.2016129032258065,False
2024-03-27,2024,2,IS,20231.25,20240.5,20241.75,20205.0,36.75,120,70.25,consolidation,consolidation,high,high,high,False,False,False,False,,True,True,5.258503401360544,False
2024-03-28,2024,3,IS,20186.75,20189.75,20221.5,20167.75,53.75,120,70.25,consolidation,consolidation,low,low,low,False,False,False,False,,True,True,1.5162790697674418,False
2024-04-01,2024,0,IS,20273.0,20206.0,20274.5,20187.0,87.5,120,65.875,expansion↓,consolidation,low,low,low,False,False,False,False,,True,True,2.1314285714285712,False
2024-04-02,2024,1,IS,20136.5,20029.25,20137.0,20021.5,115.5,120,70.25,expansion↓,expansion↓,low,low,low,False,False,False,False,,True,True,0.7835497835497836,True
2024-04-03,2024,2,IS,19961.0,19956.75,20014.5,19942.75,71.75,120,72.875,consolidation,expansion↓,low,low,low,False,False,False,False,,True,True,3.0209059233449476,False
2024-04-04,2024,3,IS,20155.5,20232.0,20235.5,20136.0,99.5,120,73.125,expansion↑,consolidation,high,high,high,False,False,False,False,,True,True,0.8869346733668342,True
2024-04-05,2024,4,IS,19833.25,19838.75,19884.0,19745.25,138.75,120,77.125,consolidation,expansion↑,high,high,high,False,True,False,False,,False,True,1.9045045045045046,False
2024-04-08,2024,0,IS,20003.5,20047.5,20061.25,19975.75,85.5,120,83.625,expansion↑,consolidation,low,low,low,False,False,False,False,,True,True,1.6198830409356726,False
2024-04-09,2024,1,IS,19980.5,20056.5,20065.25,19977.0,88.25,120,82.625,expansion↑,expansion↑,high,high,high,False,False,False,False,,True,True,2.7677053824362607,False
2024-04-10,2024,2,IS,20064.5,19805.75,20168.0,19747.25,420.75,120,82.625,expansion↓,expansion↑,neither,neither,neither,False,True,False,False,,False,True,0.30005941770647654,True
2024-04-11,2024,3,IS,19855.5,19935.25,19957.25,19781.75,175.5,120,82.625,consolidation,expansion↓,high,high,high,False,False,False,False,,True,True,0.8717948717948718,True
2024-04-12,2024,4,IS,20080.25,20009.5,20123.25,20006.0,117.25,120,86.5,expansion↓,consolidation,low,low,low,False,False,False,False,,True,True,1.279317697228145,False
2024-04-15,2024,0,IS,19971.5,20026.75,20041.5,19958.0,83.5,120,87.875,consolidation,expansion↓,low,low,low,False,False,False,False,,True,True,2.2395209580838324,False
2024-04-16,2024,1,IS,19548.5,19592.5,19612.25,19545.5,66.75,120,87.875,consolidation,consolidation,low,low,low,False,False,False,False,,True,True,1.7153558052434457,False
2024-04-17,2024,2,IS,19614.0,19626.5,19633.0,19586.75,46.25,120,86.5,consolidation,consolidation,high,high,high,False,False,False,False,,True,True,5.064864864864865,False
2024-04-18,2024,3,IS,19404.0,19378.5,19418.25,19357.25,61.0,120,84.5,consolidation,consolidation,low,low,low,False,False,False,False,,True,True,3.180327868852459,False
2024-04-19,2024,4,IS,19137.25,19213.5,19247.0,19124.25,122.75,120,84.5,expansion↑,consolidation,low,low,low,False,False,False,False,,True,True,1.8615071283095723,False
2024-04-22,2024,0,IS,18971.25,18990.25,18997.5,18940.0,57.5,120,86.5,consolidation,expansion↑,high,high,high,False,False,False,False,,True,True,3.1826086956521737,False
2024-04-23,2024,1,IS,19104.5,19115.25,19123.5,19053.75,69.75,120,84.5,consolidation,consolidation,high,high,high,False,False,False,False,,True,True,2.7777777777777777,False
2024-04-24,2024,2,IS,19391.25,19397.5,19448.5,19386.25,62.25,120,84.5,consolidation,consolidation,high,high,high,False,False,False,False,,True,True,3.0963855421686746,False
2024-04-25,2024,3,IS,19180.0,19073.5,19209.25,19062.0,147.25,120,84.5,expansion↓,consolidation,low,low,low,False,False,False,False,,True,True,0.9422750424448217,True
2024-04-26,2024,4,IS,19417.0,19421.0,19512.25,19387.0,125.25,120,86.5,consolidation,expansion↓,low,low,low,False,False,False,False,,True,True,1.7405189620758483,False
2024-04-29,2024,0,IS,19592.75,19614.0,19622.75,19577.0,45.75,120,87.875,consolidation,consolidation,high,high,high,False,False,False,False,,True,True,2.601092896174863,False
2024-04-30,2024,1,IS,19585.75,19518.75,19588.25,19484.25,104.0,120,86.875,expansion↓,consolidation,high,neither,high,False,False,False,False,,True,True,1.5697115384615385,False
2024-05-01,2024,2,IS,19150.0,19191.0,19209.5,19131.75,77.75,120,86.875,consolidation,expansion↓,high,high,high,False,True,False,False,,False,True,1.3536977491961415,False
2024-05-02,2024,3,IS,19288.75,19271.75,19313.5,19252.0,61.5,120,86.875,consolidation,consolidation,low,low,low,False,False,False,False,,True,True,3.516260162601626,False
2024-05-03,2024,4,IS,19446.5,19620.0,19656.0,19434.0,222.0,120,84.5,expansion↑,consolidation,high,high,high,False,True,False,False,,False,True,0.704954954954955,True
2024-05-06,2024,0,IS,19749.75,19752.0,19766.5,19730.5,36.0,120,84.5,compression,expansion↑,high,high,high,False,False,False,False,,True,True,2.1875,False
2024-05-07,2024,1,IS,19874.25,19882.0,19884.0,19844.75,39.25,120,80.625,compression,compression,high,high,high,False,False,False,False,,True,True,2.089171974522293,False
2024-05-08,2024,2,IS,19883.75,19786.5,19883.75,19766.25,117.5,120,73.75,expansion↓,compression,high,neither,high,False,False,False,False,,True,True,1.3936170212765957,False
2024-05-09,2024,3,IS,19828.0,19885.5,19894.25,19819.5,74.75,120,73.75,expansion↑,expansion↓,high,high,high,False,False,False,False,,True,True,1.7190635451505016,False
2024-05-10,2024,4,IS,19982.25,19945.0,19995.75,19944.25,51.5,120,72.25,consolidation,expansion↑,high,high,high,False,False,False,False,,True,True,3.0970873786407767,False
2024-05-13,2024,0,IS,19994.25,20019.75,20022.5,19990.75,31.75,120,68.25,compression,consolidation,high,high,high,False,False,False,False,,True,True,2.645669291338583,False
2024-05-14,2024,1,IS,19994.5,19958.25,19997.75,19859.25,138.5,120,64.5,consolidation,compression,high,high,high,False,False,False,False,,True,True,0.759927797833935,True
2024-05-15,2024,2,IS,20100.25,20198.25,20241.5,20087.25,154.25,120,66.0,expansion↑,consolidation,high,neither,high,False,True,False,False,,False,True,1.0259319286871962,False
2024-05-16,2024,3,IS,20414.75,20388.75,20428.75,20380.25,48.5,120,72.25,consolidation,expansion↑,low,low,low,False,False,False,False,,True,True,1.8298969072164948,False
2024-05-17,2024,4,IS,20359.25,20379.0,20380.5,20348.75,31.75,120,72.25,compression,consolidation,low,low,low,False,False,False,False,,True,True,1.779527559055118,False
2024-05-20,2024,0,IS,20370.5,20343.5,20383.25,20337.0,46.25,120,66.0,consolidation,compression,low,low,low,False,False,False,False,,True,True,2.9567567567567568,False
2024-05-21,2024,1,IS,20443.5,20413.0,20453.75,20410.25,43.5,120,66.0,consolidation,consolidation,low,low,low,False,False,False,False,,True,True,1.9655172413793103,False
2024-05-22,2024,2,IS,20471.0,20497.0,20505.25,20468.5,36.75,120,61.875,consolidation,consolidation,high,high,high,False,False,False,False,,True,True,1.3605442176870748,False
2024-05-23,2024,3,IS,20663.0,20699.5,20717.0,20658.5,58.5,120,56.5,expansion↑,consolidation,low,low,low,False,False,False,False,,True,True,3.08974358974359,False
2024-05-24,2024,4,IS,20443.5,20442.75,20466.5,20417.25,49.25,120,55.0,consolidation,expansion↑,high,high,high,False,False,False,False,,True,True,3.786802030456853,False
2024-05-27,2024,0,IS,20567.5,20564.75,20577.0,20564.75,12.25,120,50.375,compression,consolidation,,,,False,False,True,False,holiday,False,False,,
2024-05-28,2024,1,IS,20610.25,20609.75,20627.5,20593.0,34.5,120,50.375,consolidation,compression,high,high,high,False,False,False,False,,True,True,2.9130434782608696,False
2024-05-29,2024,2,IS,20504.0,20475.75,20529.0,20466.5,62.5,120,48.875,consolidation,consolidation,low,low,low,False,False,False,False,,True,True,1.952,False
2024-05-30,2024,3,IS,20448.75,20455.5,20480.75,20432.25,48.5,120,48.875,consolidation,consolidation,low,low,low,False,False,False,False,,True,True,3.0051546391752577,False
2024-05-31,2024,4,IS,20205.0,20342.5,20362.0,20203.5,158.5,120,48.5,expansion↑,consolidation,low,neither,low,False,False,False,False,,True,True,2.1246056782334386,False
2024-06-03,2024,0,IS,20355.25,20377.25,20396.5,20353.0,43.5,120,48.5,consolidation,expansion↑,high,high,high,False,False,False,False,,True,True,4.396551724137931,False
2024-06-04,2024,1,IS,20247.25,20298.75,20307.75,20246.5,61.25,120,48.5,expansion↑,consolidation,high,high,high,False,False,False,False,,True,True,1.5714285714285714,False
2024-06-05,2024,2,IS,20470.5,20519.0,20522.0,20458.5,63.5,120,48.875,expansion↑,expansion↑,high,high,high,False,False,False,False,,True,True,2.9448818897637796,False
2024-06-06,2024,3,IS,20786.0,20788.5,20818.25,20750.75,67.5,120,48.875,consolidation,expansion↑,low,low,low,False,False,False,False,,True,True,1.237037037037037,False
2024-06-07,2024,4,IS,20761.25,20677.25,20840.5,20633.75,206.75,120,48.875,consolidation,consolidation,neither,neither,neither,False,True,False,False,,False,True,0.6045949214026602,True
2024-06-10,2024,0,IS,20712.25,20687.0,20733.25,20682.0,51.25,120,48.875,consolidation,consolidation,low,low,low,False,False,False,False,,True,True,2.648780487804878,False
2024-06-11,2024,1,IS,20754.0,20746.75,20761.75,20723.25,38.5,120,50.25,consolidation,consolidation,high,high,high,False,False,False,False,,True,True,3.7012987012987013,False
2024-06-12,2024,2,IS,20960.25,21116.25,21152.5,20955.75,196.75,120,48.875,expansion↑,consolidation,high,high,high,False,True,False,False,,False,True,0.8742058449809402,True
2024-06-13,2024,3,IS,21309.5,21325.5,21384.75,21299.5,85.25,120,48.875,consolidation,expansion↑,low,neither,low,False,False,False,False,,True,True,1.5102639296187683,False
2024-06-14,2024,4,IS,21240.5,21253.75,21270.75,21195.25,75.5,120,50.25,consolidation,consolidation,high,high,high,False,False,False,False,,True,True,1.2086092715231789,False
2024-06-17,2024,0,IS,21398.5,21390.25,21421.0,21377.75,43.25,120,54.875,consolidation,consolidation,low,low,low,False,False,False,False,,True,True,2.76878612716763,False
2024-06-18,2024,1,IS,21660.0,21640.75,21703.5,21625.25,78.25,120,54.875,consolidation,consolidation,low,low,low,False,False,False,False,,True,True,1.1757188498402555,False
2024-06-19,2024,2,IS,21675.25,21674.75,21680.75,21664.25,16.5,120,59.875,compression,consolidation,,,,False,False,True,False,holiday,False,False,,
2024-06-20,2024,3,IS,21755.0,21697.0,21763.0,21691.5,71.5,120,59.875,expansion↓,compression,low,low,low,False,False,False,False,,True,True,2.0244755244755246,False
2024-06-21,2024,4,IS,21450.75,21462.25,21476.25,21411.5,64.75,120,61.875,consolidation,expansion↓,low,low,low,False,False,False,False,,True,True,2.3745173745173744,False
2024-06-24,2024,0,IS,21402.75,21369.75,21416.75,21356.0,60.75,120,63.0,consolidation,consolidation,low,low,low,False,False,False,False,,True,True,2.8683127572016462,False
2024-06-25,2024,1,IS,21271.5,21267.5,21284.0,21238.0,46.0,120,63.0,consolidation,consolidation,low,low,low,False,False,False,False,,True,True,3.6630434782608696,False
2024-06-26,2024,2,IS,21432.75,21368.5,21442.5,21363.25,79.25,120,63.0,expansion↓,consolidation,low,low,low,False,False,False,False,,True,True,1.4637223974763407,False
2024-06-27,2024,3,IS,21414.0,21436.0,21438.75,21386.0,52.75,120,64.125,consolidation,expansion↓,high,high,high,False,False,False,False,,True,True,3.085308056872038,False
2024-06-28,2024,4,IS,21557.5,21516.5,21611.0,21511.75,99.25,120,64.125,consolidation,consolidation,low,low,low,False,False,False,False,,True,True,2.3576826196473553,False
2024-07-01,2024,0,IS,21390.25,21414.0,21423.75,21384.0,39.75,120,64.125,consolidation,consolidation,low,low,low,False,False,False,False,,True,True,4.377358490566038,False
2024-07-02,2024,1,IS,21397.0,21379.0,21397.5,21343.0,54.5,120,64.125,consolidation,consolidation,high,high,high,False,False,False,False,,True,True,3.293577981651376,False
2024-07-03,2024,2,IS,21691.5,21653.0,21696.75,21638.0,58.75,120,64.125,consolidation,consolidation,high,high,high,False,False,False,True,,True,True,2.8382978723404255,False
2024-07-04,2024,3,IS,21836.25,21839.5,21841.5,21834.75,6.75,120,62.75,compression,consolidation,,,,False,False,True,False,holiday,False,False,,
2024-07-05,2024,4,IS,21874.0,21864.0,21929.0,21806.0,123.0,120,59.75,consolidation,compression,high,high,high,False,True,False,False,,False,True,1.4532520325203253,False
2024-07-08,2024,0,IS,22045.25,22062.0,22070.5,22038.0,32.5,120,59.75,consolidation,consolidation,high,high,high,False,False,False,False,,True,True,2.546153846153846,False
2024-07-09,2024,1,IS,22171.5,22154.75,22178.25,22136.25,42.0,120,59.75,consolidation,consolidation,high,high,high,False,False,False,False,,True,True,2.4166666666666665,False
2024-07-10,2024,2,IS,22170.25,22188.25,22200.25,22163.25,37.0,120,59.75,consolidation,consolidation,high,high,high,False,False,False,False,,True,True,2.527027027027027,False
2024-07-11,2024,3,IS,22313.5,22327.5,22416.75,22298.75,118.0,120,56.625,consolidation,consolidation,low,low,low,False,True,False,False,,False,True,3.614406779661017,False
2024-07-12,2024,4,IS,21862.25,21879.0,21901.5,21768.0,133.5,120,56.625,consolidation,consolidation,high,high,high,False,False,False,False,,True,True,1.8089887640449438,False
2024-07-15,2024,0,IS,22058.0,22032.5,22085.5,22026.75,58.75,120,56.625,consolidation,consolidation,high,high,high,False,False,False,False,,True,True,3.6638297872340426,False
2024-07-16,2024,1,IS,22051.0,22065.75,22086.5,22008.0,78.5,120,58.75,consolidation,consolidation,high,high,high,False,False,False,False,,True,True,2.535031847133758,False
2024-07-17,2024,2,IS,21766.25,21708.0,21782.5,21692.75,89.75,120,58.75,expansion↓,consolidation,low,low,low,False,False,False,False,,True,True,2.5459610027855155,False
2024-07-18,2024,3,IS,21504.75,21579.75,21579.75,21491.75,88.0,120,59.75,expansion↑,expansion↓,high,high,high,False,False,False,False,,True,True,4.139204545454546,False
2024-07-19,2024,4,IS,21304.5,21370.75,21377.5,21296.5,81.0,120,59.75,expansion↑,expansion↑,low,low,low,False,False,False,False,,True,True,3.3641975308641974,False
2024-07-22,2024,0,IS,21309.25,21352.75,21364.0,21299.25,64.75,120,59.75,expansion↑,expansion↑,high,high,high,False,False,False,False,,True,True,3.3513513513513513,False
2024-07-23,2024,1,IS,21408.75,21405.25,21448.5,21356.75,91.75,120,61.75,consolidation,expansion↑,high,high,high,False,False,False,False,,True,True,1.7138964577656677,False
2024-07-24,2024,2,IS,21156.5,21063.5,21163.5,21040.5,123.0,120,71.625,expansion↓,consolidation,low,low,low,False,False,False,False,,True,True,2.410569105691057,False
2024-07-25,2024,3,IS,20587.0,20658.5,20666.5,20513.0,153.5,120,71.625,consolidation,expansion↓,low,low,low,False,False,False,False,,True,True,2.5846905537459284,False
2024-07-26,2024,4,IS,20597.75,20608.5,20669.5,20587.5,82.0,120,79.75,consolidation,consolidation,low,low,low,False,False,False,False,,True,True,1.8780487804878048,False
2024-07-29,2024,0,IS,20726.5,20746.75,20795.0,20711.0,84.0,120,79.75,consolidation,consolidation,low,low,low,False,False,False,False,,True,True,3.142857142857143,False
2024-07-30,2024,1,IS,20682.75,20699.75,20713.0,20678.0,35.0,120,81.5,compression,consolidation,high,high,high,False,False,False,False,,True,True,11.25,False
2024-07-31,2024,2,IS,20672.75,20782.75,20787.75,20647.0,140.75,120,81.5,expansion↑,compression,high,high,high,False,True,False,False,,False,True,1.458259325044405,False
2024-08-01,2024,3,IS,21018.25,21022.75,21080.25,21000.0,80.25,120,83.0,consolidation,expansion↑,low,low,low,False,False,False,False,,True,True,6.67601246105919,False
2024-08-02,2024,4,IS,20142.25,20018.0,20194.5,19941.5,253.0,120,83.0,consolidation,consolidation,low,neither,low,False,True,False,False,,False,True,1.483201581027668,False
2024-08-05,2024,0,IS,19209.5,18985.25,19253.75,18795.5,458.25,120,83.0,consolidation,consolidation,high,high,high,False,False,False,False,,True,True,1.4839061647572287,False
2024-08-06,2024,1,IS,19602.25,19527.75,19686.75,19485.5,201.25,120,86.0,consolidation,consolidation,low,low,low,False,False,False,False,,True,True,1.906832298136646,False
2024-08-07,2024,2,IS,19878.75,19866.0,19894.75,19811.0,83.75,120,88.875,consolidation,consolidation,high,high,high,False,False,False,False,,True,True,2.5940298507462685,False
2024-08-08,2024,3,IS,19393.0,19604.25,19637.0,19369.25,267.75,120,88.875,expansion↑,consolidation,high,high,high,False,False,False,False,,True,True,1.395891690009337,False
2024-08-09,2024,4,IS,19999.25,19862.75,20031.25,19816.0,215.25,120,88.875,expansion↓,expansion↑,neither,neither,neither,False,False,False,False,,True,True,0.8095238095238095,True
2024-08-12,2024,0,IS,20093.75,20096.0,20126.5,20073.25,53.25,120,88.875,consolidation,expansion↓,low,low,low,False,False,False,False,,True,True,4.539906103286385,False
2024-08-13,2024,1,IS,20094.0,20247.75,20258.0,20081.5,176.5,120,88.875,expansion↑,consolidation,high,high,high,False,False,False,False,,True,True,1.0269121813031161,False
2024-08-14,2024,2,IS,20533.5,20565.5,20596.5,20433.0,163.5,120,90.75,consolidation,expansion↑,high,high,high,False,True,False,False,,False,True,1.7003058103975535,False
2024-08-15,2024,3,IS,20556.25,20763.75,20804.5,20537.75,266.75,120,107.375,expansion↑,consolidation,high,high,high,False,False,False,False,,True,True,0.7900656044985942,True
2024-08-16,2024,4,IS,21026.0,20914.75,21033.5,20880.5,153.0,120,131.875,expansion↓,expansion↑,neither,neither,neither,False,False,False,False,,True,True,0.8415032679738562,True
2024-08-19,2024,0,IS,21013.0,21055.25,21068.75,21011.0,57.75,120,146.875,compression,expansion↓,low,low,low,False,False,False,False,,True,True,2.6147186147186146,False
2024-08-20,2024,1,IS,21312.0,21279.0,21323.0,21274.5,48.5,120,146.875,compression,compression,low,low,low,False,False,False,False,,True,True,3.752577319587629,False
2024-08-21,2024,2,IS,21275.0,21269.75,21296.75,21256.0,40.75,120,146.875,compression,compression,low,low,low,False,False,False,False,,True,True,4.398773006134969,False
2024-08-22,2024,3,IS,21389.5,21413.25,21427.5,21370.0,57.5,120,146.875,compression,compression,high,high,high,False,False,False,False,,True,True,6.282608695652174,False
2024-08-23,2024,4,IS,21174.75,21192.5,21193.25,21152.5,40.75,120,112.375,compression,compression,high,high,high,False,False,False,False,,True,True,6.914110429447852,False
2024-08-26,2024,0,IS,21240.0,21206.0,21250.5,21178.0,72.5,120,112.375,consolidation,compression,low,low,low,False,False,False,False,,True,True,4.082758620689655,False
2024-08-27,2024,1,IS,21006.5,20952.5,21047.5,20935.5,112.0,120,112.25,consolidation,consolidation,low,low,low,False,False,False,False,,True,True,2.2566964285714284,False
2024-08-28,2024,2,IS,21097.5,21074.25,21100.5,21038.25,62.25,120,126.375,compression,consolidation,low,low,low,False,False,False,False,,True,True,5.096385542168675,False
2024-08-29,2024,3,IS,20887.25,20899.5,20946.5,20851.5,95.0,120,97.875,consolidation,compression,high,high,high,False,False,False,False,,True,True,2.2657894736842104,False
2024-08-30,2024,4,IS,20973.25,20952.25,21006.0,20941.5,64.5,120,103.5,consolidation,consolidation,high,high,high,False,False,False,False,,True,True,3.3255813953488373,False
2024-09-02,2024,0,IS,21030.5,21042.0,21057.0,21017.5,39.5,120,89.375,compression,consolidation,,,,False,False,True,False,holiday,False,False,,
2024-09-03,2024,1,IS,20934.25,20914.5,20955.25,20890.75,64.5,120,78.125,consolidation,compression,low,low,low,False,False,False,False,,True,True,5.275193798449612,False
2024-09-04,2024,2,IS,20294.75,20338.0,20350.5,20277.25,73.25,120,68.5,expansion↑,consolidation,high,high,high,False,False,False,False,,True,True,3.7747440273037545,False
2024-09-05,2024,3,IS,20379.75,20328.75,20400.0,20260.25,139.75,120,68.5,consolidation,expansion↑,high,high,high,False,False,False,False,,True,True,2.2075134168157424,False
2024-09-06,2024,4,IS,20173.25,20365.75,20391.25,20153.0,238.25,120,68.5,expansion↑,consolidation,high,high,high,False,True,False,False,,False,True,2.1888772298006294,False
2024-09-09,2024,0,IS,20037.5,20035.75,20072.0,19998.5,73.5,120,68.5,consolidation,expansion↑,high,high,high,False,False,False,False,,True,True,3.0408163265306123,False
2024-09-10,2024,1,IS,20083.75,20187.5,20202.5,20080.25,122.25,120,72.875,expansion↑,consolidation,high,high,high,False,False,False,False,,True,True,1.6339468302658486,False
2024-09-11,2024,2,IS,20235.5,20299.25,20307.75,20163.5,144.25,120,72.875,consolidation,expansion↑,high,high,high,False,True,False,False,,False,True,2.4922010398613517,False
2024-09-12,2024,3,IS,20720.5,20696.5,20762.5,20681.5,81.0,120,72.875,consolidation,consolidation,low,low,low,False,False,False,False,,True,True,2.515432098765432,False
2024-09-13,2024,4,IS,20899.75,20885.5,20903.75,20845.75,58.0,120,72.875,consolidation,consolidation,low,low,low,False,False,False,False,,True,True,2.5129310344827585,False
2024-09-16,2024,0,IS,20931.0,20872.0,20931.75,20860.75,71.0,120,68.5,expansion↓,consolidation,low,low,low,False,False,False,False,,True,True,2.3732394366197185,False
2024-09-17,2024,1,IS,20949.5,20992.0,21017.5,20938.0,79.5,120,71.75,expansion↑,expansion↓,high,high,high,False,False,False,False,,True,True,1.7767295597484276,False
2024-09-18,2024,2,IS,20910.5,20921.5,20930.75,20869.5,61.25,120,72.875,consolidation,expansion↑,high,high,high,False,True,False,False,,False,True,2.453061224489796,False
2024-09-19,2024,3,IS,21193.0,21200.75,21217.0,21176.0,41.0,120,72.875,consolidation,consolidation,high,high,high,False,False,False,False,,True,True,4.7439024390243905,False
2024-09-20,2024,4,IS,21188.25,21259.75,21273.0,21180.25,92.75,120,72.875,expansion↑,consolidation,high,high,high,False,False,False,False,,True,True,2.398921832884097,False
2024-09-23,2024,0,IS,21272.75,21290.25,21295.25,21242.5,52.75,120,73.375,consolidation,expansion↑,low,low,low,False,False,False,False,,True,True,1.8104265402843602,False
2024-09-24,2024,1,IS,21330.25,21312.75,21331.5,21248.75,82.75,120,73.375,consolidation,consolidation,high,high,high,False,False,False,False,,True,True,3.163141993957704,False
2024-09-25,2024,2,IS,21321.5,21347.25,21356.0,21319.0,37.0,120,73.375,consolidation,consolidation,high,high,high,False,False,False,False,,True,True,3.5945945945945947,False
2024-09-26,2024,3,IS,21683.5,21714.75,21718.5,21660.5,58.0,120,73.375,consolidation,consolidation,low,low,low,False,False,False,False,,True,True,5.681034482758621,False
2024-09-27,2024,4,IS,21489.25,21571.0,21593.75,21489.25,104.5,120,72.125,expansion↑,consolidation,low,neither,low,False,False,False,False,,True,True,1.4497607655502391,False
2024-09-30,2024,0,IS,21397.25,21366.0,21401.25,21317.5,83.75,120,73.375,consolidation,expansion↑,high,high,high,False,False,False,False,,True,True,1.6119402985074627,False
2024-10-01,2024,1,IS,21516.0,21467.0,21522.75,21451.0,71.75,120,76.5,consolidation,consolidation,low,low,low,False,False,False,False,,True,True,6.2439024390243905,False
2024-10-02,2024,2,IS,21156.5,21180.5,21208.75,21122.25,86.5,120,76.5,consolidation,consolidation,low,low,low,False,False,False,False,,True,True,2.968208092485549,False
2024-10-03,2024,3,IS,21140.5,21126.0,21193.0,21125.5,67.5,120,80.25,consolidation,consolidation,low,low,low,False,False,False,False,,True,True,3.2444444444444445,False
2024-10-04,2024,4,IS,21246.25,21438.0,21442.25,21241.25,201.0,120,76.5,expansion↑,consolidation,low,neither,low,False,True,False,False,,False,True,1.123134328358209,False
2024-10-07,2024,0,IS,21295.75,21321.5,21340.75,21278.0,62.75,120,76.5,consolidation,expansion↑,high,high,high,False,False,False,False,,True,True,1.5737051792828685,False
2024-10-08,2024,1,IS,21281.25,21257.5,21302.0,21256.0,46.0,120,75.625,consolidation,consolidation,high,high,high,False,False,False,False,,True,True,4.434782608695652,False
2024-10-09,2024,2,IS,21478.25,21469.5,21489.5,21447.25,42.25,120,71.375,consolidation,consolidation,low,low,low,False,False,False,False,,True,True,4.964497041420119,False
2024-10-10,2024,3,IS,21608.25,21554.75,21676.5,21520.25,156.25,120,69.25,consolidation,consolidation,low,low,low,False,True,False,False,,False,True,1.1264,False
2024-10-11,2024,4,IS,21579.75,21564.75,21614.25,21553.0,61.25,120,69.25,consolidation,consolidation,low,low,low,False,False,False,False,,True,True,2.7183673469387757,False
2024-10-14,2024,0,IS,21705.5,21738.0,21739.0,21695.75,43.25,120,69.25,consolidation,consolidation,high,high,high,False,False,False,False,,True,True,3.5838150289017343,False
2024-10-15,2024,1,IS,21811.75,21825.5,21828.75,21792.0,36.75,120,65.125,consolidation,consolidation,high,high,high,False,False,False,False,,True,True,8.92517006802721,False
2024-10-16,2024,2,IS,21560.75,21548.0,21584.0,21539.25,44.75,120,62.0,consolidation,consolidation,low,low,low,False,False,False,False,,True,True,3.4078212290502794,False
2024-10-17,2024,3,IS,21725.75,21753.0,21755.0,21703.0,52.0,120,62.0,consolidation,consolidation,high,high,high,False,False,False,False,,True,True,4.1298076923076925,False
2024-10-18,2024,4,IS,21646.25,21677.5,21683.75,21634.75,49.0,120,62.0,consolidation,consolidation,high,high,high,False,False,False,False,,True,True,1.9744897959183674,False
2024-10-21,2024,0,IS,21571.0,21602.0,21606.5,21541.75,64.75,120,59.625,consolidation,consolidation,high,high,high,False,False,False,False,,True,True,3.2355212355212357,False
2024-10-22,2024,1,IS,21597.0,21587.75,21643.0,21558.25,84.75,120,62.0,consolidation,consolidation,high,high,high,False,False,False,False,,True,True,1.775811209439528,False
2024-10-23,2024,2,IS,21655.0,21655.5,21692.5,21641.5,51.0,120,62.0,consolidation,consolidation,low,low,low,False,False,False,False,,True,True,3.1323529411764706,False
2024-10-24,2024,3,IS,21579.25,21581.75,21626.5,21568.25,58.25,120,62.0,consolidation,consolidation,low,low,low,False,False,False,False,,True,True,1.9656652360515021,False
2024-10-25,2024,4,IS,21627.25,21689.5,21690.75,21608.0,82.75,120,62.0,expansion↑,consolidation,high,high,high,False,False,False,False,,True,True,2.622356495468278,False
2024-10-28,2024,0,IS,21833.25,21852.5,21858.5,21778.75,79.75,120,62.0,consolidation,expansion↑,low,low,low,False,False,False,False,,True,True,1.3667711598746082,False
2024-10-29,2024,1,IS,21714.5,21686.5,21716.0,21659.0,57.0,120,62.0,consolidation,consolidation,high,high,high,False,False,False,False,,True,True,3.3859649122807016,False
2024-10-30,2024,2,IS,21934.0,21890.25,21952.5,21872.0,80.5,120,59.75,expansion↓,consolidation,low,low,low,False,False,False,False,,True,True,1.9472049689440993,False
2024-10-31,2024,3,IS,21538.0,21581.0,21615.0,21537.25,77.75,120,59.75,expansion↑,expansion↓,low,low,low,False,False,False,False,,True,True,4.556270096463023,False
2024-11-01,2024,4,IS,21311.25,21311.75,21344.5,21275.0,69.5,120,59.75,consolidation,expansion↑,low,low,low,False,True,False,False,,False,True,3.316546762589928,False
2024-11-04,2024,0,IS,21380.5,21346.5,21392.25,21298.75,93.5,120,59.75,consolidation,consolidation,low,low,low,False,False,False,False,,True,True,2.286096256684492,False
2024-11-05,2024,1,IS,21360.5,21331.5,21366.0,21323.75,42.25,120,59.75,consolidation,consolidation,high,high,high,False,False,False,False,,True,True,4.781065088757397,False
2024-11-06,2024,2,IS,21808.25,21888.5,21916.5,21797.25,119.25,120,59.75,expansion↑,consolidation,high,high,high,False,False,False,False,,True,True,1.4926624737945493,False
2024-11-07,2024,3,IS,22139.75,22179.0,22197.25,22138.75,58.5,120,63.0,consolidation,expansion↑,high,high,high,False,True,False,False,,False,True,3.3632478632478633,False
2024-11-08,2024,4,IS,22362.0,22364.25,22393.0,22355.0,38.0,120,59.875,consolidation,consolidation,high,high,high,False,False,False,False,,True,True,1.980263157894737,False
2024-11-11,2024,0,IS,22484.25,22498.75,22538.75,22483.0,55.75,120,58.375,consolidation,consolidation,low,low,low,False,False,False,False,,True,True,2.4663677130044843,False
2024-11-12,2024,1,IS,22377.5,22418.25,22431.0,22374.25,56.75,120,58.375,consolidation,consolidation,high,high,high,False,False,False,False,,True,True,1.9030837004405285,False
2024-11-13,2024,2,IS,22328.0,22376.75,22441.5,22312.25,129.25,120,58.375,consolidation,consolidation,low,neither,low,False,True,False,False,,False,True,0.9903288201160542,True
2024-11-14,2024,3,IS,22374.75,22334.0,22381.0,22310.75,70.25,120,61.625,expansion↓,consolidation,low,low,low,False,False,False,False,,True,True,1.9110320284697508,False
2024-11-15,2024,4,IS,22042.75,22007.25,22065.0,21998.0,67.0,120,67.125,consolidation,expansion↓,low,low,low,False,False,False,False,,True,True,4.399253731343284,False
2024-11-18,2024,0,IS,21770.75,21750.5,21781.5,21679.5,102.0,120,68.25,consolidation,consolidation,high,neither,high,False,False,False,False,,True,True,2.1887254901960786,False
2024-11-19,2024,1,IS,21771.75,21632.5,21821.5,21613.75,207.75,120,69.875,expansion↓,consolidation,high,neither,high,False,False,False,False,,True,True,0.927797833935018,True
2024-11-20,2024,2,IS,21997.25,21991.25,22028.0,21983.25,44.75,120,69.875,consolidation,expansion↓,low,low,low,False,False,False,False,,True,True,6.262569832402234,False
2024-11-21,2024,3,IS,21932.0,22043.5,22070.75,21921.25,149.5,120,69.875,expansion↑,consolidation,high,high,high,False,False,False,False,,True,True,2.6187290969899664,False
2024-11-22,2024,4,IS,21965.25,21983.25,22013.75,21963.75,50.0,120,74.0,consolidation,expansion↑,high,high,high,False,False,False,False,,True,True,3.015,False
2024-11-25,2024,0,IS,22165.5,22204.25,22225.0,22141.0,84.0,120,69.875,consolidation,consolidation,high,high,high,False,False,False,False,,True,True,2.5208333333333335,False
2024-11-26,2024,1,IS,22134.5,22137.5,22153.0,22117.75,35.25,120,69.875,consolidation,consolidation,high,high,high,False,False,False,False,,True,True,2.9858156028368796,False
2024-11-27,2024,2,IS,22129.25,22149.5,22168.75,22114.5,54.25,120,69.875,consolidation,consolidation,low,low,low,False,False,False,False,,True,True,4.511520737327189,False
2024-11-28,2024,3,IS,22060.25,22070.5,22076.0,22056.0,20.0,120,68.25,compression,consolidation,,,,False,False,True,False,holiday,False,False,,
2024-11-29,2024,4,IS,22084.75,22023.25,22086.0,22010.25,75.75,120,62.75,expansion↓,compression,low,low,low,False,False,False,True,,True,True,2.6534653465346536,False
2024-12-02,2024,0,IS,22165.5,22222.75,22234.75,22163.5,71.25,120,62.75,expansion↑,expansion↓,high,high,high,False,False,False,False,,True,True,2.9789473684210526,False
2024-12-03,2024,1,IS,22406.25,22398.25,22424.0,22385.25,38.75,120,62.75,consolidation,expansion↑,low,low,low,False,False,False,False,,True,True,3.3161290322580643,False
2024-12-04,2024,2,IS,22617.0,22643.25,22646.25,22605.75,40.5,120,62.75,consolidation,consolidation,low,low,low,False,False,False,False,,True,True,2.6790123456790123,False
2024-12-05,2024,3,IS,22716.0,22722.25,22735.75,22704.0,31.75,120,57.625,consolidation,consolidation,high,high,high,False,False,False,False,,True,True,2.0078740157480315,False
2024-12-06,2024,4,IS,22659.75,22693.5,22727.75,22638.25,89.5,120,56.25,consolidation,consolidation,high,high,high,False,True,False,False,,False,True,1.7793296089385475,False
2024-12-09,2024,0,IS,22809.25,22821.25,22829.0,22806.0,23.0,120,61.875,compression,consolidation,low,low,low,False,False,False,False,,True,True,9.25,False
2024-12-10,2024,1,IS,22708.25,22696.25,22736.0,22693.75,42.25,120,61.875,consolidation,compression,high,high,high,False,False,False,False,,True,True,3.7337278106508878,False
2024-12-11,2024,2,IS,22642.25,22724.25,22734.0,22629.5,104.5,120,60.625,expansion↑,consolidation,high,high,high,False,True,False,False,,False,True,1.8851674641148326,False
2024-12-12,2024,3,IS,22924.25,22872.75,22932.75,22846.75,86.0,120,60.625,expansion↓,expansion↑,low,neither,low,False,False,False,False,,True,True,1.3372093023255813,False
2024-12-13,2024,4,IS,22986.5,23020.25,23041.75,22979.25,62.5,120,60.625,expansion↑,expansion↓,high,high,high,False,False,False,False,,True,True,3.864,False
2024-12-16,2024,0,IS,23074.75,23119.25,23121.25,23067.75,53.5,120,58.375,consolidation,expansion↑,high,high,high,False,False,False,False,,True,True,3.121495327102804,False
2024-12-17,2024,1,IS,23297.75,23267.75,23310.5,23235.5,75.0,120,53.875,consolidation,consolidation,low,low,low,False,False,False,False,,True,True,1.89,False
2024-12-18,2024,2,IS,23279.75,23207.75,23299.75,23205.25,94.5,120,53.875,expansion↓,consolidation,low,low,low,False,True,False,False,,False,True,1.4867724867724867,False
2024-12-19,2024,3,IS,22485.5,22539.0,22592.75,22479.0,113.75,120,58.375,consolidation,expansion↓,high,high,high,False,False,False,False,,True,True,2.0813186813186815,False
2024-12-20,2024,4,IS,22006.5,22141.0,22141.75,21918.5,223.25,120,58.375,expansion↑,consolidation,high,high,high,False,False,False,False,,True,True,2.799552071668533,False
2024-12-23,2024,0,IS,22505.25,22473.5,22584.5,22456.25,128.25,120,66.875,consolidation,expansion↑,high,high,high,False,False,False,False,,True,True,1.709551656920078,False
2024-12-24,2024,1,IS,22697.75,22738.25,22739.0,22690.75,48.25,120,66.875,consolidation,consolidation,high,high,high,False,False,False,True,,True,True,4.051813471502591,False
2024-12-26,2024,3,IS,22873.75,22862.0,22889.5,22819.5,70.0,120,66.875,consolidation,consolidation,high,high,high,False,False,False,False,,True,True,2.432142857142857,False
2024-12-27,2024,4,IS,22845.75,22815.75,22867.25,22797.25,70.0,120,70.625,consolidation,consolidation,low,low,low,False,False,False,False,,True,True,5.085714285714285,False
2024-12-30,2024,0,IS,22555.75,22291.0,22565.5,22270.5,295.0,120,70.625,expansion↓,consolidation,low,low,low,False,False,False,False,,True,True,0.7347457627118644,True
2024-12-31,2024,1,IS,22408.5,22379.5,22436.75,22348.0,88.75,120,70.625,consolidation,expansion↓,low,low,low,False,False,False,False,,True,True,2.2704225352112677,False
2025-01-02,2025,3,OOS,22372.5,22325.5,22402.5,22316.25,86.25,120,72.5,expansion↓,consolidation,low,low,low,False,False,False,False,,True,True,3.217391304347826,False
2025-01-03,2025,4,OOS,22161.5,22141.75,22185.5,22120.5,65.0,120,80.5,consolidation,expansion↓,high,high,high,False,False,False,False,,True,True,3.55,False
2025-01-06,2025,0,OOS,22636.5,22653.25,22672.5,22619.0,53.5,120,80.5,consolidation,consolidation,high,high,high,False,False,False,False,,True,True,3.2383177570093458,False
2025-01-07,2025,1,OOS,22645.25,22680.5,22683.0,22630.75,52.25,120,80.5,consolidation,consolidation,high,high,high,False,False,False,False,,True,True,7.779904306220096,False
2025-01-08,2025,2,OOS,22274.5,22284.75,22305.5,22133.5,172.0,120,72.5,consolidation,consolidation,high,neither,high,False,False,False,False,,True,True,1.0930232558139534,False
2025-01-09,2025,3,OOS,22213.5,22213.0,22246.0,22197.75,48.25,120,80.5,consolidation,consolidation,neither,neither,neither,False,False,False,False,,True,True,0.19170984455958548,
2025-01-10,2025,4,OOS,22231.0,22046.5,22235.5,21957.0,278.5,120,80.5,expansion↓,consolidation,low,low,low,False,True,False,False,,False,True,1.1579892280071813,False
2025-01-13,2025,0,OOS,21674.25,21722.25,21758.0,21637.5,120.5,120,80.5,consolidation,expansion↓,low,low,low,False,False,False,False,,True,True,1.479253112033195,False
2025-01-14,2025,1,OOS,21960.25,21973.0,22050.5,21856.0,194.5,120,80.625,consolidation,consolidation,low,neither,low,False,False,False,False,,True,True,1.595115681233933,False
2025-01-15,2025,2,OOS,21914.0,22204.5,22241.0,21889.5,351.5,120,87.5,expansion↑,consolidation,high,high,high,False,True,False,False,,False,True,0.6294452347083926,True
2025-01-16,2025,3,OOS,22424.25,22380.5,22424.5,22332.0,92.5,120,91.625,consolidation,expansion↑,low,low,low,False,False,False,False,,True,True,1.9648648648648648,False
2025-01-17,2025,4,OOS,22237.25,22443.0,22449.0,22218.75,230.25,120,93.5,expansion↑,consolidation,high,high,high,False,False,False,False,,True,True,0.8099891422366993,True
2025-01-20,2025,0,OOS,22538.25,22603.0,22605.25,22450.0,155.25,120,103.125,consolidation,expansion↑,,,,False,False,True,False,holiday,False,False,,
2025-01-21,2025,1,OOS,22586.75,22627.5,22641.5,22555.5,86.0,120,106.5,consolidation,consolidation,low,low,low,False,False,False,False,,True,True,2.238372093023256,False
2025-01-22,2025,2,OOS,22798.0,22839.75,22846.25,22792.0,54.25,120,90.625,consolidation,consolidation,high,high,high,False,False,False,False,,True,True,3.2442396313364057,False
2025-01-23,2025,3,OOS,22809.0,22814.0,22831.5,22784.5,47.0,120,87.5,consolidation,consolidation,low,low,low,False,False,False,False,,True,True,2.24468085106383,False
2025-01-24,2025,4,OOS,22919.75,22922.25,22955.75,22908.0,47.75,120,87.5,consolidation,consolidation,high,high,high,False,False,False,False,,True,True,2.261780104712042,False
2025-01-27,2025,0,OOS,21916.25,22071.5,22086.75,21906.0,180.75,120,87.5,expansion↑,consolidation,high,high,high,False,False,False,False,,True,True,1.7123098201936375,False
2025-01-28,2025,1,OOS,22252.25,22211.5,22270.0,22169.75,100.25,120,90.625,consolidation,expansion↑,low,low,low,False,False,False,False,,True,True,3.2144638403990027,False
2025-01-29,2025,2,OOS,22593.5,22510.25,22595.5,22472.25,123.25,120,90.625,expansion↓,consolidation,low,low,low,False,True,False,False,,False,True,1.2251521298174441,False
2025-01-30,2025,3,OOS,22551.25,22578.25,22580.5,22486.25,94.25,120,96.375,consolidation,expansion↓,high,high,high,False,False,False,False,,True,True,3.493368700265252,False
2025-01-31,2025,4,OOS,22720.0,22703.75,22725.0,22667.75,57.25,120,97.25,consolidation,consolidation,high,high,high,False,False,False,False,,True,True,3.510917030567686,False
2025-02-03,2025,0,OOS,22133.5,22113.5,22159.5,22067.5,92.0,120,97.25,consolidation,consolidation,high,high,high,False,False,False,False,,True,True,3.926630434782609,False
2025-02-04,2025,1,OOS,22316.75,22334.75,22410.5,22311.0,99.5,120,97.25,consolidation,consolidation,high,high,high,False,False,False,False,,True,True,2.9020100502512562,False
2025-02-05,2025,2,OOS,22407.75,22442.75,22465.75,22383.0,82.75,120,99.875,consolidation,consolidation,high,high,high,False,False,False,False,,True,True,2.6374622356495467,False
2025-02-06,2025,3,OOS,22636.75,22682.25,22689.0,22617.75,71.25,120,96.875,consolidation,consolidation,high,high,high,False,False,False,False,,True,True,1.550877192982456,False
2025-02-07,2025,4,OOS,22782.25,22790.25,22842.0,22702.25,139.75,120,96.875,consolidation,consolidation,high,high,high,False,True,False,False,,False,True,2.584973166368515,False
2025-02-10,2025,0,OOS,22654.0,22690.0,22697.5,22634.0,63.5,120,96.875,consolidation,consolidation,high,high,high,False,False,False,False,,True,True,2.3622047244094486,False
2025-02-11,2025,1,OOS,22674.75,22589.5,22682.0,22588.25,93.75,120,93.375,expansion↓,consolidation,high,high,high,False,False,False,False,,True,True,1.8213333333333332,False
2025-02-12,2025,2,OOS,22702.75,22469.25,22762.0,22426.25,335.75,120,93.125,expansion↓,expansion↓,neither,neither,neither,False,True,False,False,,False,True,0.7393894266567387,True
2025-02-13,2025,3,OOS,22737.0,22788.25,22812.75,22699.25,113.5,120,93.125,consolidation,expansion↓,high,high,high,False,False,False,False,,True,True,1.9647577092511013,False
2025-02-14,2025,4,OOS,22970.25,23014.75,23027.25,22968.25,59.0,120,94.0,consolidation,consolidation,high,high,high,False,False,False,False,,True,True,1.3855932203389831,False
2025-02-17,2025,0,OOS,23153.75,23166.75,23170.75,23153.5,17.25,120,92.875,compression,consolidation,,,,False,False,True,False,holiday,False,False,,
2025-02-18,2025,1,OOS,23189.75,23222.0,23223.25,23179.25,44.0,120,89.0,compression,compression,low,low,low,False,False,False,False,,True,True,3.25,False
2025-02-19,2025,2,OOS,23124.5,23116.25,23167.75,23091.5,76.25,120,87.375,consolidation,compression,low,low,low,False,False,False,False,,True,True,1.6459016393442623,False
2025-02-20,2025,3,OOS,23103.5,23113.25,23124.75,23085.5,39.25,120,87.375,compression,consolidation,high,high,high,False,False,False,False,,True,True,6.993630573248407,False
2025-02-21,2025,4,OOS,23076.0,23137.0,23157.5,23068.75,88.75,120,87.375,expansion↑,compression,low,low,low,False,False,False,False,,True,True,2.952112676056338,False
2025-02-24,2025,0,OOS,22682.75,22710.0,22712.5,22651.5,61.0,120,90.375,consolidation,expansion↑,low,low,low,False,False,False,False,,True,True,5.991803278688525,False
2025-02-25,2025,1,OOS,22275.75,22312.0,22363.75,22274.75,89.0,120,85.75,consolidation,consolidation,low,low,low,False,False,False,False,,True,True,4.617977528089888,False
2025-02-26,2025,2,OOS,22198.5,22182.0,22244.5,22166.5,78.0,120,85.75,consolidation,consolidation,low,low,low,False,False,False,False,,True,True,2.823717948717949,False
2025-02-27,2025,3,OOS,22248.0,22230.0,22298.5,22180.75,117.75,120,80.375,consolidation,consolidation,low,low,low,False,False,False,False,,True,True,4.116772823779193,False
2025-02-28,2025,4,OOS,21570.5,21515.75,21576.75,21473.5,103.25,120,80.375,expansion↓,consolidation,low,low,low,False,False,False,False,,True,True,3.0750605326876514,False
2025-03-03,2025,0,OOS,21950.5,21979.0,22013.0,21943.25,69.75,120,85.75,consolidation,expansion↓,low,low,low,False,False,False,False,,True,True,5.17562724014337,False
2025-03-04,2025,1,OOS,21390.0,21240.75,21391.5,21174.0,217.5,120,80.375,expansion↓,consolidation,low,low,low,False,False,False,False,,True,True,1.6310344827586207,False
2025-03-05,2025,2,OOS,21402.0,21330.25,21439.5,21315.0,124.5,120,80.375,expansion↓,expansion↓,low,low,low,False,False,False,False,,True,True,2.2650602409638556,False
2025-03-06,2025,3,OOS,21337.5,21244.0,21341.75,21211.0,130.75,120,83.375,expansion↓,expansion↓,low,low,low,False,False,False,False,,True,True,2.179732313575526,False
2025-03-07,2025,4,OOS,21088.25,20985.75,21185.75,20973.5,212.25,120,88.875,consolidation,expansion↓,low,low,low,False,True,False,False,,False,True,2.2449941107184923,False
2025-03-10,2025,0,OOS,20879.5,20819.75,20932.5,20773.0,159.5,120,88.875,consolidation,consolidation,low,low,low,False,False,False,False,,True,True,2.404388714733542,False
2025-03-11,2025,1,OOS,20445.25,20369.0,20497.0,20351.25,145.75,120,91.375,expansion↓,consolidation,low,low,low,False,False,False,False,,True,True,2.3979416809605487,False
2025-03-12,2025,2,OOS,20457.25,20634.0,20700.75,20455.0,245.75,120,96.125,expansion↑,expansion↓,low,neither,low,False,True,False,False,,False,True,1.5564598168870805,False
2025-03-13,2025,3,OOS,20488.25,20458.0,20512.0,20389.0,123.0,120,96.125,consolidation,expansion↑,low,low,low,False,False,False,False,,True,True,2.4430894308943087,False
2025-03-14,2025,4,OOS,20367.0,20406.0,20445.5,20336.0,109.5,120,96.125,consolidation,consolidation,high,high,high,False,False,False,False,,True,True,2.4315068493150687,False
2025-03-17,2025,0,OOS,20603.5,20662.25,20696.25,20575.75,120.5,120,106.375,consolidation,consolidation,high,high,high,False,False,False,False,,True,True,1.8609958506224067,False
2025-03-18,2025,1,OOS,20690.0,20619.75,20706.25,20609.5,96.75,120,113.625,consolidation,consolidation,low,low,low,False,False,False,False,,True,True,3.0671834625322996,False
2025-03-19,2025,2,OOS,20464.75,20464.5,20498.25,20451.0,47.25,120,113.625,compression,consolidation,high,high,high,False,True,False,False,,False,True,4.894179894179894,False
2025-03-20,2025,3,OOS,20525.25,20541.0,20570.5,20503.0,67.5,120,113.625,consolidation,compression,low,low,low,False,False,False,False,,True,True,5.17037037037037,False
2025-03-21,2025,4,OOS,20510.5,20392.5,20538.5,20378.75,159.75,120,113.625,expansion↓,consolidation,low,low,low,False,False,False,False,,True,True,1.2801251956181534,False
2025-03-24,2025,0,OOS,20924.75,20978.0,20984.75,20918.75,66.0,120,119.125,consolidation,expansion↓,high,high,high,False,False,False,False,,True,True,2.1363636363636362,False
2025-03-25,2025,1,OOS,21080.75,21112.75,21156.0,21072.5,83.5,120,119.125,consolidation,consolidation,low,low,low,False,False,False,False,,True,True,1.598802395209581,False
2025-03-26,2025,2,OOS,21180.75,21186.0,21201.5,21158.5,43.0,120,119.125,compression,consolidation,low,low,low,False,False,False,False,,True,True,7.093023255813954,False
2025-03-27,2025,3,OOS,20789.5,20776.75,20813.75,20739.5,74.25,120,119.125,consolidation,compression,low,low,low,False,False,False,False,,True,True,3.531986531986532,False
2025-03-28,2025,4,OOS,20658.0,20579.25,20666.75,20571.75,95.0,120,115.0,consolidation,consolidation,low,low,low,False,False,False,False,,True,True,4.205263157894737,False
2025-03-31,2025,0,OOS,19924.25,19926.5,19937.25,19827.0,110.25,120,115.0,consolidation,consolidation,low,low,low,False,False,False,False,,True,True,2.6031746031746033,False
2025-04-01,2025,1,OOS,20111.0,20102.0,20116.25,20019.75,96.5,120,115.375,consolidation,consolidation,high,high,high,False,False,False,False,,True,True,3.5725388601036268,False
2025-04-02,2025,2,OOS,20175.75,20094.0,20191.5,20051.75,139.75,120,109.875,expansion↓,consolidation,low,low,low,False,False,False,False,,True,True,2.8443649373881934,False
2025-04-03,2025,3,OOS,19698.5,19578.75,19769.75,19558.75,211.0,120,109.875,expansion↓,expansion↓,high,high,high,False,False,False,False,,True,True,1.6789099526066351,False
2025-04-04,2025,4,OOS,18774.0,18895.25,18948.5,18529.25,419.25,120,109.875,consolidation,expansion↓,high,high,high,False,True,False,False,,False,True,1.413834227787716,False
2025-04-07,2025,0,OOS,17824.25,17891.5,17940.75,17669.25,271.5,120,109.875,consolidation,consolidation,low,low,low,False,False,False,False,,True,True,6.21731123388582,False
2025-04-08,2025,1,OOS,18494.25,18698.0,18770.75,18468.5,302.25,120,109.875,expansion↑,consolidation,high,high,high,False,False,False,False,,True,True,1.339123242349049,False
2025-04-09,2025,2,OOS,18046.0,17856.25,18055.75,17576.0,479.75,120,109.875,consolidation,expansion↑,high,high,high,False,False,False,False,,True,True,0.8405419489317353,True
2025-04-10,2025,3,OOS,19596.5,19514.25,19695.5,19441.75,253.75,120,109.875,consolidation,consolidation,low,low,low,False,True,False,False,,False,True,2.4226600985221673,False
2025-04-11,2025,4,OOS,19332.25,19196.25,19380.75,19171.0,209.75,120,109.875,expansion↓,consolidation,low,low,low,False,False,False,False,,True,True,1.800953516090584,False
2025-04-14,2025,0,OOS,19803.5,19896.25,19905.0,19771.5,133.5,120,115.375,expansion↑,expansion↓,high,high,high,False,False,False,False,,True,True,3.3801498127340825,False
2025-04-15,2025,1,OOS,19680.5,19644.0,19702.75,19544.25,158.5,120,121.875,consolidation,expansion↑,high,high,high,False,False,False,False,,True,True,1.389589905362776,False
2025-04-16,2025,2,OOS,19397.5,19349.5,19432.5,19338.5,94.0,120,136.625,consolidation,consolidation,low,low,low,False,False,False,False,,True,True,2.401595744680851,False
2025-04-17,2025,3,OOS,19219.25,19238.5,19332.75,19165.25,167.5,120,136.625,consolidation,consolidation,low,low,low,False,False,False,False,,True,True,1.480597014925373,False
2025-04-21,2025,0,OOS,18896.25,18829.75,18922.25,18788.5,133.75,120,149.125,consolidation,consolidation,low,low,low,False,False,False,False,,True,True,2.829906542056075,False
2025-04-22,2025,1,OOS,18799.25,18844.5,18846.0,18752.25,93.75,120,136.75,consolidation,consolidation,high,high,high,False,False,False,False,,True,True,3.1573333333333333,False
2025-04-23,2025,2,OOS,19629.75,19674.0,19680.5,19566.25,114.25,120,136.75,consolidation,consolidation,high,high,high,False,False,False,False,,True,True,3.2231947483588623,False
2025-04-24,2025,3,OOS,19534.25,19548.75,19574.25,19438.0,136.25,120,136.75,consolidation,consolidation,high,high,high,False,False,False,False,,True,True,2.704587155963303,False
2025-04-25,2025,4,OOS,19943.25,19949.5,20030.5,19930.75,99.75,120,138.0,consolidation,consolidation,high,high,high,False,False,False,False,,True,True,1.7243107769423558,False
2025-04-28,2025,0,OOS,20187.25,20253.0,20258.5,20174.75,83.75,120,138.0,consolidation,consolidation,high,high,high,False,False,False,False,,True,True,3.716417910447761,False
2025-04-29,2025,1,OOS,20201.25,20157.25,20246.5,20155.25,91.25,120,138.0,consolidation,consolidation,low,low,low,False,False,False,False,,True,True,2.317808219178082,False
2025-04-30,2025,2,OOS,20275.75,20000.75,20309.5,19966.0,343.5,120,138.0,expansion↓,consolidation,low,low,low,False,False,False,False,,True,True,1.022561863173217,False
2025-05-01,2025,3,OOS,20711.5,20664.25,20744.25,20658.0,86.25,120,149.125,consolidation,expansion↓,low,low,low,False,False,False,False,,True,True,3.081159420289855,False
2025-05-02,2025,4,OOS,20638.0,20796.25,20814.0,20610.0,204.0,120,147.375,expansion↑,consolidation,high,high,high,False,True,False,False,,False,True,0.9178921568627451,True
2025-05-05,2025,0,OOS,20717.5,20712.75,20728.25,20674.5,53.75,120,147.375,compression,expansion↑,high,high,high,False,False,False,False,,True,True,2.5813953488372094,False
2025-05-06,2025,1,OOS,20596.5,20551.25,20616.75,20511.5,105.25,120,135.0,consolidation,compression,low,low,low,False,False,False,False,,True,True,2.0285035629453683,False
2025-05-07,2025,2,OOS,20703.0,20639.0,20738.75,20616.5,122.25,120,133.625,consolidation,consolidation,low,low,low,False,True,False,False,,False,True,1.556237218813906,False
2025-05-08,2025,3,OOS,20958.75,20884.5,20965.75,20843.0,122.75,120,127.875,consolidation,consolidation,low,low,low,False,False,False,False,,True,True,2.74949083503055,False
2025-05-09,2025,4,OOS,20934.0,20944.25,20997.25,20848.5,148.75,120,122.5,consolidation,consolidation,low,neither,low,False,False,False,False,,True,True,1.4907563025210084,False
2025-05-12,2025,0,OOS,21677.0,21625.25,21700.0,21591.5,108.5,120,122.5,consolidation,consolidation,low,low,low,False,False,False,False,,True,True,2.205069124423963,False
2025-05-13,2025,1,OOS,21610.0,21708.5,21774.25,21595.0,179.25,120,118.25,expansion↑,consolidation,high,high,high,False,True,False,False,,False,True,1.8521617852161785,False
2025-05-14,2025,2,OOS,22005.25,22040.25,22091.0,22001.25,89.75,120,118.25,consolidation,expansion↑,high,high,high,False,False,False,False,,True,True,1.4651810584958218,False
2025-05-15,2025,3,OOS,21958.25,21997.5,22038.5,21944.75,93.75,120,111.375,consolidation,consolidation,high,high,high,False,False,False,False,,True,True,2.12,False
2025-05-16,2025,4,OOS,22167.75,22149.75,22209.5,22142.5,67.0,120,111.375,consolidation,consolidation,low,low,low,False,False,False,False,,True,True,2.4365671641791047,False
2025-05-19,2025,0,OOS,21892.5,21917.0,21928.5,21869.5,59.0,120,106.875,consolidation,consolidation,high,high,high,False,False,False,False,,True,True,4.783898305084746,False
2025-05-20,2025,1,OOS,22169.25,22142.75,22192.25,22127.0,65.25,120,102.5,consolidation,consolidation,low,low,low,False,False,False,False,,True,True,1.475095785440613,False
2025-05-21,2025,2,OOS,22005.25,22021.75,22064.25,21992.5,71.75,120,102.5,consolidation,consolidation,low,low,low,False,False,False,False,,True,True,3.6445993031358883,False
2025-05-22,2025,3,OOS,21893.75,21890.25,21952.0,21748.5,203.5,120,96.75,consolidation,consolidation,high,high,high,False,False,False,False,,True,True,1.065110565110565,False
2025-05-23,2025,4,OOS,21882.25,21501.75,21891.75,21435.5,456.25,120,96.75,expansion↓,consolidation,neither,neither,neither,False,False,False,False,,True,True,0.40821917808219177,True
2025-05-26,2025,0,OOS,21971.5,21972.25,21997.5,21963.5,34.0,120,99.5,compression,expansion↓,,,,False,False,True,False,holiday,False,False,,
2025-05-27,2025,1,OOS,22014.5,21982.5,22019.0,21962.25,56.75,120,99.5,consolidation,compression,low,low,low,False,False,False,False,,True,True,3.7665198237885464,False
2025-05-28,2025,2,OOS,22223.0,22216.5,22246.0,22194.75,51.25,120,99.5,consolidation,consolidation,high,high,high,False,False,False,False,,True,True,2.7609756097560973,False
2025-05-29,2025,3,OOS,22441.5,22349.75,22448.0,22329.0,119.0,120,91.75,expansion↓,consolidation,low,low,low,False,False,False,False,,True,True,2.9936974789915967,False
2025-05-30,2025,4,OOS,22085.5,22044.25,22129.5,21934.75,194.75,120,99.5,consolidation,expansion↓,neither,neither,neither,False,False,False,False,,True,True,0.8459563543003851,True
2025-06-02,2025,0,OOS,21956.0,21990.75,22003.0,21947.25,55.75,120,99.5,consolidation,consolidation,high,high,high,False,False,False,False,,True,True,4.004484304932736,False
2025-06-03,2025,1,OOS,22194.0,22244.5,22252.0,22192.5,59.5,120,99.5,consolidation,consolidation,high,high,high,False,False,False,False,,True,True,3.0,False
2025-06-04,2025,2,OOS,22457.0,22410.75,22475.5,22363.75,111.75,120,91.75,consolidation,consolidation,high,high,high,False,False,False,False,,True,True,1.3624161073825503,False
2025-06-05,2025,3,OOS,22484.75,22527.75,22606.5,22421.0,185.5,120,91.75,consolidation,consolidation,low,low,low,False,False,False,False,,True,True,1.3126684636118597,False
2025-06-06,2025,4,OOS,22366.5,22467.25,22494.0,22351.25,142.75,120,91.75,expansion↑,consolidation,high,high,high,False,True,False,False,,False,True,0.9352014010507881,True
2025-06-09,2025,0,OOS,22483.25,22505.5,22532.75,22482.5,50.25,120,91.75,consolidation,expansion↑,low,low,low,False,False,False,False,,True,True,2.7860696517412937,False
2025-06-10,2025,1,OOS,22542.5,22565.5,22576.5,22511.5,65.0,120,80.75,consolidation,consolidation,high,high,high,False,False,False,False,,True,True,2.3153846153846156,False
2025-06-11,2025,2,OOS,22639.75,22736.25,22814.5,22590.5,224.0,120,69.375,consolidation,consolidation,neither,neither,neither,False,True,False,False,,False,True,0.671875,True
2025-06-12,2025,3,OOS,22513.0,22550.25,22556.5,22422.5,134.0,120,69.375,consolidation,consolidation,high,high,high,False,False,False,False,,True,True,1.1847014925373134,False
2025-06-13,2025,4,OOS,22357.75,22364.75,22411.25,22351.0,60.25,120,69.375,consolidation,consolidation,high,high,high,False,False,False,False,,True,True,3.7510373443983402,False
2025-06-16,2025,0,OOS,22495.0,22530.0,22556.75,22468.0,88.75,120,68.5,consolidation,consolidation,high,high,high,False,False,False,False,,True,True,2.3661971830985915,False
2025-06-17,2025,1,OOS,22531.25,22546.25,22595.0,22523.75,71.25,120,80.25,consolidation,consolidation,high,high,high,False,False,False,False,,True,True,1.5298245614035089,False
2025-06-18,2025,2,OOS,22453.75,22482.5,22524.5,22446.0,78.5,120,80.25,consolidation,consolidation,low,low,low,False,True,False,False,,False,True,2.1847133757961785,False
2025-06-19,2025,3,OOS,22345.5,22258.0,22347.5,22236.5,111.0,120,83.625,expansion↓,consolidation,,,,False,False,True,False,holiday,False,False,,
2025-06-20,2025,4,OOS,22394.5,22527.25,22536.25,22389.75,146.5,120,83.625,expansion↑,expansion↓,high,high,high,False,False,False,False,,True,True,2.419795221843003,False
2025-06-23,2025,0,OOS,22353.25,22377.25,22378.25,22269.0,109.25,120,83.625,consolidation,expansion↑,low,low,low,False,False,False,False,,True,True,2.3752860411899315,False
2025-06-24,2025,1,OOS,22778.5,22780.75,22808.25,22745.75,62.5,120,99.0,consolidation,consolidation,high,high,high,False,False,False,False,,True,True,2.048,False
2025-06-25,2025,2,OOS,22939.25,23000.0,23001.5,22937.75,63.75,120,99.0,consolidation,consolidation,high,high,high,False,False,False,False,,True,True,1.8705882352941177,False
2025-06-26,2025,3,OOS,23051.0,23045.75,23079.0,23014.0,65.0,120,99.0,consolidation,consolidation,low,low,low,False,False,False,False,,True,True,2.1961538461538463,False
2025-06-27,2025,4,OOS,23230.25,23227.75,23282.0,23216.75,65.25,120,83.625,consolidation,consolidation,low,low,low,False,False,False,False,,True,True,2.1494252873563218,False
2025-06-30,2025,0,OOS,23386.25,23357.75,23399.75,23347.75,52.0,120,74.875,consolidation,consolidation,low,low,low,False,False,False,False,,True,True,1.5625,False
2025-07-01,2025,1,OOS,23326.75,23291.25,23342.5,23249.75,92.75,120,74.875,consolidation,consolidation,low,neither,low,False,False,False,False,,True,True,2.7358490566037736,False
2025-07-02,2025,2,OOS,23177.25,23101.25,23195.75,23076.0,119.75,120,83.625,expansion↓,consolidation,high,high,high,False,False,False,False,,True,True,1.6450939457202505,False
2025-07-03,2025,3,OOS,23348.0,23387.5,23430.5,23342.5,88.0,120,83.625,consolidation,expansion↓,high,high,high,False,True,False,True,,False,True,1.9573863636363635,False
2025-07-04,2025,4,OOS,23396.5,23412.25,23436.75,23392.5,44.25,120,83.25,consolidation,consolidation,,,,False,False,True,False,holiday,False,False,,
2025-07-07,2025,0,OOS,23456.25,23444.25,23495.75,23435.5,60.25,120,74.875,consolidation,consolidation,low,low,low,False,False,False,False,,True,True,1.5767634854771784,False
2025-07-08,2025,1,OOS,23437.0,23431.5,23451.0,23408.75,42.25,120,74.875,consolidation,consolidation,low,low,low,False,False,False,False,,True,True,2.42603550295858,False
2025-07-09,2025,2,OOS,23411.75,23429.25,23449.75,23411.5,38.25,120,74.875,consolidation,consolidation,high,high,high,False,False,False,False,,True,True,5.026143790849673,False
2025-07-10,2025,3,OOS,23538.5,23543.75,23571.0,23529.0,42.0,120,68.25,consolidation,consolidation,high,high,high,False,False,False,False,,True,True,4.494047619047619,False
2025-07-11,2025,4,OOS,23363.25,23402.25,23418.0,23362.25,55.75,120,65.125,consolidation,consolidation,high,high,high,False,False,False,False,,True,True,2.6502242152466366,False
2025-07-14,2025,0,OOS,23375.75,23389.75,23403.0,23358.5,44.5,120,65.125,consolidation,consolidation,high,high,high,False,False,False,False,,True,True,4.050561797752809,False
2025-07-15,2025,1,OOS,23663.75,23697.5,23702.0,23629.25,72.75,120,64.375,consolidation,consolidation,high,high,high,False,True,False,False,,False,True,1.7422680412371134,False
2025-07-16,2025,2,OOS,23512.5,23565.5,23579.0,23489.25,89.75,120,64.375,expansion↑,consolidation,high,high,high,False,False,False,False,,True,True,2.83008356545961,False
2025-07-17,2025,3,OOS,23588.0,23639.0,23641.0,23566.0,75.0,120,64.375,expansion↑,expansion↑,low,low,low,False,False,False,False,,True,True,2.53,False
2025-07-18,2025,4,OOS,23760.75,23761.75,23766.75,23745.25,21.5,120,64.375,compression,expansion↑,high,high,high,False,False,False,False,,True,True,5.732558139534884,False
2025-07-21,2025,0,OOS,23785.25,23733.0,23786.5,23731.75,54.75,120,63.125,consolidation,compression,high,high,high,False,False,False,False,,True,True,3.1963470319634704,False
2025-07-22,2025,1,OOS,23791.25,23828.5,23835.25,23787.75,47.5,120,61.375,consolidation,consolidation,high,high,high,False,False,False,False,,True,True,5.089473684210526,False
2025-07-23,2025,2,OOS,23759.75,23731.75,23762.75,23724.25,38.5,120,58.0,consolidation,consolidation,low,low,low,False,False,False,False,,True,True,3.811688311688312,False
2025-07-24,2025,3,OOS,23865.5,23852.0,23896.75,23821.25,75.5,120,55.25,consolidation,consolidation,low,neither,low,False,False,False,False,,True,True,1.3609271523178808,False
2025-07-25,2025,4,OOS,23878.75,23864.25,23883.0,23853.5,29.5,120,55.25,consolidation,consolidation,low,low,low,False,False,False,False,,True,True,3.3389830508474576,False
2025-07-28,2025,0,OOS,23987.75,24006.5,24015.0,23980.25,34.75,120,53.375,consolidation,consolidation,low,low,low,False,False,False,False,,True,True,2.6546762589928057,False
2025-07-29,2025,1,OOS,24092.75,24070.5,24107.5,24066.5,41.0,120,51.125,consolidation,consolidation,high,high,high,False,False,False,False,,True,True,5.225609756097561,False
2025-07-30,2025,2,OOS,23998.5,23986.25,24016.0,23965.5,50.5,120,46.0,consolidation,consolidation,low,low,low,False,True,False,False,,False,True,1.7920792079207921,False
2025-07-31,2025,3,OOS,24270.75,24299.5,24306.0,24246.75,59.25,120,46.0,consolidation,consolidation,low,low,low,False,False,False,False,,True,True,4.5358649789029535,False
2025-08-01,2025,4,OOS,23546.75,23570.75,23661.5,23541.0,120.5,120,46.0,consolidation,consolidation,low,low,low,False,True,False,False,,False,True,2.454356846473029,False
2025-08-04,2025,0,OOS,23554.25,23569.25,23575.75,23525.5,50.25,120,49.0,consolidation,consolidation,high,high,high,False,False,False,False,,True,True,3.54228855721393,False
2025-08-05,2025,1,OOS,23878.5,23854.75,23898.25,23837.0,61.25,120,48.875,consolidation,consolidation,low,low,low,False,False,False,False,,True,True,4.63265306122449,False
2025-08-06,2025,2,OOS,23639.0,23672.5,23690.75,23631.5,59.25,120,50.375,expansion↑,consolidation,high,high,high,False,False,False,False,,True,True,3.831223628691983,False
2025-08-07,2025,3,OOS,24108.25,24094.0,24133.0,24069.75,63.25,120,52.625,consolidation,expansion↑,high,high,high,False,False,False,False,,True,True,3.067193675889328,False
2025-08-08,2025,4,OOS,24061.25,24027.5,24076.0,24012.25,63.75,120,55.25,expansion↓,consolidation,high,high,high,False,False,False,False,,True,True,2.7137254901960786,False
2025-08-11,2025,0,OOS,24218.25,24212.0,24250.25,24201.75,48.5,120,57.0,consolidation,expansion↓,low,low,low,False,False,False,False,,True,True,1.788659793814433,False
2025-08-12,2025,1,OOS,24127.75,24263.0,24316.25,24102.5,213.75,120,57.0,expansion↑,consolidation,high,neither,neither,False,True,False,False,,False,True,1.1649122807017545,False
2025-08-13,2025,2,OOS,24485.75,24513.75,24527.25,24478.25,49.0,120,57.0,consolidation,expansion↑,high,high,high,False,False,False,False,,True,True,3.5969387755102042,False
2025-08-14,2025,3,OOS,24426.0,24325.25,24460.75,24287.25,173.5,120,52.625,expansion↓,consolidation,high,neither,high,False,False,False,False,,True,True,0.9596541786743515,True
2025-08-15,2025,4,OOS,24406.25,24399.75,24421.25,24379.0,42.25,120,52.625,consolidation,expansion↓,low,low,low,False,False,False,False,,True,True,4.431952662721893,False
2025-08-18,2025,0,OOS,24285.75,24267.5,24286.0,24240.25,45.75,120,52.625,consolidation,consolidation,high,high,high,False,False,False,False,,True,True,2.300546448087432,False
2025-08-19,2025,1,OOS,24253.0,24241.25,24277.0,24233.0,44.0,120,50.375,consolidation,consolidation,low,low,low,False,False,False,False,,True,True,5.818181818181818,False
2025-08-20,2025,2,OOS,23920.0,23917.5,23946.0,23879.75,66.25,120,50.375,consolidation,consolidation,low,low,low,False,False,False,False,,True,True,5.992452830188679,False
2025-08-21,2025,3,OOS,23803.5,23713.25,23828.25,23709.25,119.0,120,54.875,expansion↓,consolidation,low,low,low,False,False,False,False,,True,True,1.615546218487395,False
2025-08-22,2025,4,OOS,23759.75,23740.5,23774.75,23733.5,41.25,120,54.875,consolidation,expansion↓,low,low,low,False,False,False,False,,True,True,10.775757575757575,False
2025-08-25,2025,0,OOS,23977.75,23974.25,23995.0,23956.75,38.25,120,54.875,consolidation,consolidation,high,high,high,False,False,False,False,,True,True,4.522875816993464,False
2025-08-26,2025,1,OOS,23987.25,23960.5,23988.75,23933.5,55.25,120,54.875,consolidation,consolidation,high,high,high,False,False,False,False,,True,True,2.2941176470588234,False
2025-08-27,2025,2,OOS,24096.75,24077.75,24115.0,24057.5,57.5,120,57.25,consolidation,consolidation,low,low,low,False,False,False,False,,True,True,2.491304347826087,False
2025-08-28,2025,3,OOS,24103.75,24126.75,24147.75,24076.75,71.0,120,58.375,consolidation,consolidation,high,high,high,False,False,False,False,,True,True,2.538732394366197,False
2025-08-29,2025,4,OOS,24124.0,24159.75,24175.5,24115.75,59.75,120,58.375,expansion↑,consolidation,low,low,low,False,False,False,False,,True,True,4.2301255230125525,False
2025-09-01,2025,0,OOS,23979.0,23967.0,23988.25,23940.25,48.0,120,58.375,consolidation,expansion↑,,,,False,False,True,False,holiday,False,False,,
2025-09-02,2025,1,OOS,23744.5,23601.25,23754.25,23554.25,200.0,120,58.375,expansion↓,consolidation,low,low,low,False,False,False,False,,True,True,1.27375,False
2025-09-03,2025,2,OOS,23934.0,23919.5,23952.5,23893.75,58.75,120,58.375,consolidation,expansion↓,low,low,low,False,False,False,False,,True,True,2.6425531914893616,False
2025-09-04,2025,3,OOS,24006.75,23980.0,24016.75,23963.5,53.25,120,58.125,consolidation,consolidation,low,low,low,False,False,False,False,,True,True,2.7417840375586855,False
2025-09-05,2025,4,OOS,24275.0,24363.25,24365.0,24219.5,145.5,120,56.375,expansion↑,consolidation,high,high,high,False,True,False,False,,False,True,2.7285223367697595,False
2025-09-08,2025,0,OOS,24266.25,24268.25,24276.25,24237.5,38.75,120,56.375,consolidation,expansion↑,high,high,high,False,False,False,False,,True,True,3.0,False
2025-09-09,2025,1,OOS,24337.25,24334.25,24351.25,24305.75,45.5,120,56.375,consolidation,consolidation,high,high,high,False,False,False,False,,True,True,2.8956043956043955,False
2025-09-10,2025,2,OOS,24416.25,24498.75,24538.25,24415.75,122.5,120,54.25,expansion↑,consolidation,low,low,low,False,False,False,False,,True,True,0.8510204081632653,True
2025-09-11,2025,3,OOS,24442.0,24443.75,24470.0,24332.0,138.0,120,56.375,consolidation,expansion↑,high,high,high,False,True,False,False,,False,True,0.9873188405797102,True
2025-09-12,2025,4,OOS,24516.75,24535.0,24542.75,24503.5,39.25,120,56.375,consolidation,consolidation,high,high,high,False,False,False,False,,True,True,2.9044585987261144,False
2025-09-15,2025,0,OOS,24624.25,24666.25,24669.5,24623.0,46.5,120,56.375,consolidation,consolidation,high,high,high,False,False,False,False,,True,True,2.5483870967741935,False
2025-09-16,2025,1,OOS,24881.0,24860.0,24883.75,24841.0,42.75,120,56.375,consolidation,consolidation,low,low,low,False,False,False,False,,True,True,2.2982456140350878,False
2025-09-17,2025,2,OOS,24754.25,24779.75,24782.5,24743.0,39.5,120,56.375,consolidation,consolidation,high,high,high,False,True,False,False,,False,True,3.6139240506329116,False
2025-09-18,2025,3,OOS,24960.5,24958.0,25019.25,24955.5,63.75,120,54.25,consolidation,consolidation,low,low,low,False,False,False,False,,True,True,3.407843137254902,False
2025-09-19,2025,4,OOS,24978.75,24993.5,25011.25,24969.5,41.75,120,54.25,consolidation,consolidation,high,high,high,False,False,False,False,,True,True,2.622754491017964,False
2025-09-22,2025,0,OOS,25034.0,25053.75,25062.5,25022.25,40.25,120,54.25,consolidation,consolidation,high,high,high,False,False,False,False,,True,True,3.0683229813664594,False
2025-09-23,2025,1,OOS,25258.5,25263.75,25267.5,25229.5,38.0,120,54.25,consolidation,consolidation,low,low,low,False,False,False,False,,True,True,2.111842105263158,False
2025-09-24,2025,2,OOS,25159.75,25135.0,25169.25,25126.0,43.25,120,50.625,consolidation,consolidation,low,low,low,False,False,False,False,,True,True,5.109826589595376,False
2025-09-25,2025,3,OOS,24945.25,24822.75,24947.75,24802.25,145.5,120,47.25,expansion↓,consolidation,low,low,low,False,False,False,False,,True,True,1.8848797250859106,False
2025-09-26,2025,4,OOS,24856.0,24959.25,25004.0,24847.0,157.0,120,47.25,expansion↑,expansion↓,low,neither,low,False,False,False,False,,True,True,1.35828025477707,False
2025-09-29,2025,0,OOS,25146.25,25153.75,25166.0,25110.25,55.75,120,47.25,consolidation,expansion↑,low,low,low,False,False,False,False,,True,True,2.596412556053812,False
2025-09-30,2025,1,OOS,25065.25,25088.5,25101.5,25044.5,57.0,120,49.875,consolidation,consolidation,low,low,low,False,False,False,False,,True,True,2.4649122807017543,False
2025-10-01,2025,2,OOS,24993.5,25033.5,25062.0,24987.5,74.5,120,49.875,expansion↑,consolidation,high,high,high,False,False,False,False,,True,True,2.8523489932885906,False
2025-10-02,2025,3,OOS,25367.75,25417.75,25420.75,25364.0,56.75,120,49.875,expansion↑,expansion↑,high,high,high,False,False,False,False,,True,True,3.0881057268722465,False
2025-10-03,2025,4,OOS,25420.25,25377.0,25427.5,25359.5,68.0,120,51.125,expansion↓,expansion↑,low,low,low,False,True,False,False,,False,True,1.7205882352941178,False
2025-10-06,2025,0,OOS,25430.0,25445.0,25498.0,25385.0,113.0,120,51.125,consolidation,expansion↓,low,low,low,False,False,False,False,,True,True,1.002212389380531,False
2025-10-07,2025,1,OOS,25433.75,25510.25,25512.25,25426.5,85.75,120,56.25,expansion↑,consolidation,high,high,high,False,False,False,False,,True,True,3.2653061224489797,False
2025-10-08,2025,2,OOS,25354.75,25316.75,25361.0,25299.0,62.0,120,56.875,expansion↓,expansion↑,high,high,high,False,False,False,False,,True,True,3.0161290322580645,False
2025-10-09,2025,3,OOS,25574.5,25588.0,25597.75,25567.0,30.75,120,56.875,consolidation,expansion↓,low,low,low,False,False,False,False,,True,True,4.691056910569106,False
2025-10-10,2025,4,OOS,25555.0,25549.25,25591.5,25545.25,46.25,120,56.25,consolidation,consolidation,high,high,high,False,False,False,False,,True,True,15.508108108108107,False
2025-10-13,2025,0,OOS,25111.0,25042.25,25122.75,24989.5,133.25,120,56.25,expansion↓,consolidation,low,low,low,False,False,False,False,,True,True,1.4183864915572233,False
2025-10-14,2025,1,OOS,24803.75,24871.75,24921.5,24801.25,120.25,120,56.875,expansion↑,expansion↓,low,low,low,False,False,False,False,,True,True,3.4781704781704783,False
2025-10-15,2025,2,OOS,25222.5,25274.75,25281.0,25194.25,86.75,120,59.5,expansion↑,expansion↑,low,low,low,False,False,False,False,,True,True,2.7406340057636887,False
2025-10-16,2025,3,OOS,25305.75,25338.0,25356.0,25276.5,79.5,120,62.875,consolidation,expansion↑,high,high,high,False,False,False,False,,True,True,2.9371069182389937,False
2025-10-17,2025,4,OOS,24822.5,24992.75,25059.25,24818.0,241.25,120,65.0,expansion↑,consolidation,high,high,high,False,False,False,False,,True,True,1.1948186528497409,False
2025-10-20,2025,0,OOS,25301.5,25384.25,25385.5,25294.5,91.0,120,71.25,expansion↑,expansion↑,high,high,high,False,False,False,False,,True,True,2.5357142857142856,False
2025-10-21,2025,1,OOS,25537.75,25550.75,25571.75,25530.5,41.25,120,77.0,consolidation,expansion↑,low,low,low,False,False,False,False,,True,True,2.993939393939394,False
2025-10-22,2025,2,OOS,25542.25,25518.25,25547.0,25463.0,84.0,120,77.0,consolidation,consolidation,low,low,low,False,False,False,False,,True,True,3.4047619047619047,False
2025-10-23,2025,3,OOS,25304.5,25253.0,25309.5,25193.5,116.0,120,81.75,consolidation,consolidation,high,high,high,False,False,False,False,,True,True,1.875,False
2025-10-24,2025,4,OOS,25622.75,25709.0,25779.75,25600.5,179.25,120,81.75,consolidation,consolidation,high,high,high,False,True,False,False,,False,True,0.6638772663877266,True
2025-10-27,2025,0,OOS,26099.5,26088.5,26105.0,26067.5,37.5,120,81.75,compression,consolidation,high,high,high,False,False,False,False,,True,True,3.026666666666667,False
2025-10-28,2025,1,OOS,26235.0,26266.5,26281.5,26233.75,47.75,120,81.75,consolidation,compression,high,high,high,False,False,False,False,,True,True,1.8586387434554974,False
2025-10-29,2025,2,OOS,26509.25,26519.25,26553.25,26500.5,52.75,120,81.75,consolidation,consolidation,high,high,high,False,True,False,False,,False,True,2.0473933649289098,False
2025-10-30,2025,3,OOS,26491.5,26351.25,26543.5,26346.75,196.75,120,81.75,expansion↓,consolidation,low,low,low,False,False,False,False,,True,True,1.2210927573062262,False
2025-10-31,2025,4,OOS,26440.25,26472.75,26530.5,26423.25,107.25,120,84.875,consolidation,expansion↓,low,low,low,False,False,False,False,,True,True,1.4731934731934733,False
2025-11-03,2025,0,OOS,26407.25,26440.25,26447.0,26389.5,57.5,120,86.25,consolidation,consolidation,high,high,high,False,False,False,False,,True,True,4.356521739130435,False
2025-11-04,2025,1,OOS,26026.0,25974.25,26047.25,25941.0,106.25,120,84.875,consolidation,consolidation,low,low,low,False,False,False,False,,True,True,2.1694117647058824,False
2025-11-05,2025,2,OOS,25736.25,25845.75,25852.5,25714.75,137.75,120,85.375,expansion↑,consolidation,high,high,high,False,False,False,False,,True,True,2.1814882032667877,False
2025-11-06,2025,3,OOS,26008.75,26022.75,26078.75,26002.75,76.0,120,88.875,consolidation,expansion↑,low,low,low,False,False,False,False,,True,True,6.375,False
2025-11-07,2025,4,OOS,25431.0,25373.25,25452.0,25318.25,133.75,120,88.875,consolidation,consolidation,low,low,low,False,True,False,False,,False,True,2.9644859813084112,False
2025-11-10,2025,0,OOS,25800.5,25812.25,25815.5,25769.5,46.0,120,98.625,compression,consolidation,high,high,high,False,False,False,False,,True,True,4.663043478260869,False
2025-11-11,2025,1,OOS,25873.75,25848.0,25896.25,25828.25,68.0,120,88.875,consolidation,compression,high,high,high,False,False,False,False,,True,True,2.463235294117647,False
2025-11-12,2025,2,OOS,25995.0,26058.75,26069.0,25977.5,91.5,120,85.375,expansion↑,consolidation,low,low,low,False,False,False,False,,True,True,3.202185792349727,False
2025-11-13,2025,3,OOS,25843.0,25763.0,25872.25,25757.0,115.25,120,87.5,expansion↓,expansion↑,low,low,low,False,False,False,False,,True,True,2.9761388286334056,False
2025-11-14,2025,4,OOS,25078.5,24975.0,25090.0,24913.5,176.5,120,91.25,expansion↓,expansion↓,low,low,low,False,False,False,False,,True,True,3.638810198300283,False
2025-11-17,2025,0,OOS,25466.5,25320.5,25467.5,25266.5,201.0,120,91.25,expansion↓,expansion↓,low,low,low,False,False,False,False,,True,True,1.537313432835821,False
2025-11-18,2025,1,OOS,25049.25,24987.25,25059.5,24916.0,143.5,120,98.875,consolidation,expansion↓,high,high,high,False,False,False,False,,True,True,3.1759581881533103,False
2025-11-19,2025,2,OOS,24949.0,24917.5,24978.75,24897.25,81.5,120,106.75,consolidation,consolidation,low,low,low,False,False,False,False,,True,True,5.098159509202454,False
2025-11-20,2025,3,OOS,25347.25,25487.5,25521.25,25317.25,204.0,120,106.75,expansion↑,consolidation,high,high,high,False,True,False,False,,False,True,3.911764705882353,False
2025-11-21,2025,4,OOS,24306.0,24491.75,24548.5,24209.0,339.5,120,106.75,expansion↑,expansion↑,high,high,high,False,False,False,False,,True,True,1.3136966126656848,False
2025-11-24,2025,0,OOS,24705.0,24755.75,24820.5,24679.5,141.0,120,106.75,consolidation,expansion↑,high,high,high,False,False,False,False,,True,True,2.645390070921986,False
2025-11-25,2025,1,OOS,25126.5,25135.75,25231.75,25122.75,109.0,120,111.25,consolidation,consolidation,low,low,low,False,False,False,False,,True,True,2.8577981651376145,False
2025-11-26,2025,2,OOS,25435.5,25471.0,25477.0,25375.0,102.0,120,112.125,consolidation,consolidation,high,high,high,False,False,False,False,,True,True,2.375,False
2025-11-27,2025,3,OOS,25565.25,25559.75,25572.0,25546.75,25.25,120,112.125,compression,consolidation,,,,False,False,True,False,holiday,False,False,,
2025-11-28,2025,4,OOS,25625.0,25638.5,25655.5,25619.25,36.25,29,108.125,compression,compression,low,low,low,False,False,False,True,,True,True,2.9034482758620688,False
2025-12-01,2025,0,OOS,25556.25,25523.5,25564.0,25467.25,96.75,120,107.625,consolidation,compression,high,high,high,False,False,False,False,,True,True,2.498708010335917,False
2025-12-02,2025,1,OOS,25737.0,25754.75,25771.25,25714.5,56.75,120,107.625,consolidation,consolidation,high,high,high,False,False,False,False,,True,True,4.502202643171806,False
2025-12-03,2025,2,OOS,25893.0,25906.25,25934.25,25871.25,63.0,120,105.5,consolidation,consolidation,low,low,low,False,False,False,False,,True,True,3.0396825396825395,False
2025-12-04,2025,3,OOS,25908.25,25889.0,25931.0,25874.75,56.25,120,99.375,consolidation,consolidation,high,high,high,False,False,False,False,,True,True,3.6977777777777776,False
2025-12-05,2025,4,OOS,25977.5,25866.25,25992.5,25836.25,156.25,120,99.375,expansion↓,consolidation,high,high,high,False,True,False,False,,False,True,1.3872,False
2025-12-08,2025,0,OOS,26031.0,26060.75,26089.5,26021.25,68.25,120,99.375,consolidation,expansion↓,high,high,high,False,False,False,False,,True,True,3.4358974358974357,False
2025-12-09,2025,1,OOS,25928.75,25869.75,25932.75,25863.5,69.25,120,99.375,consolidation,consolidation,low,low,low,False,False,False,False,,True,True,2.252707581227437,False
2025-12-10,2025,2,OOS,25922.75,25934.75,25976.5,25883.75,92.75,120,99.375,consolidation,consolidation,low,low,low,False,True,False,False,,False,True,1.5471698113207548,False
2025-12-11,2025,3,OOS,25883.25,25900.25,25957.5,25873.5,84.0,120,99.375,consolidation,consolidation,low,low,low,False,False,False,False,,True,True,3.1398809523809526,False
