date,year,weekday,H79,L79,R79,mid79,n_w_bars,n_swing_lows,n_swing_highs,has_rel,has_reh,L_rel,H_reh,L_rel_higher,L_rel_lowest_mean,L_rel_tau4,L_rel_tau8,S_side,I_ctrl,touch_H79_by_T,touch_L79_by_T,treat_eligible,treat_side,tau_s,target,I_treat,I_treat_pierce,excl_reason,eligible_range,rivalB_eligible,rivalB_side,rivalB_I,rivalA_eligible,rivalA_I,I_treat_1000,I_treat_1100,is_event,is_holiday,is_early_close,is_sunday
2023-01-03,2023,1,13782.0,13707.5,74.5,13744.75,120,16,22,True,True,13742.5,13743.75,13742.75,13716.25,13744.5,13744.5,high,1.0,1.0,1.0,True,REH,2023-01-03 09:30:00,13707.5,1.0,1.0,,True,True,H79,1.0,False,,1.0,1.0,False,False,False,False
2023-01-04,2023,2,13703.0,13627.75,75.25,13665.375,120,24,30,True,True,13664.75,13664.25,13665.0,13634.5,13666.0,13666.0,high,1.0,1.0,1.0,True,REH,2023-01-04 09:30:00,13627.75,1.0,1.0,,True,True,L79,1.0,False,,1.0,1.0,False,False,False,False
2023-01-05,2023,3,13701.75,13568.0,133.75,13634.875,120,29,25,True,True,13651.75,13628.25,13651.75,13578.25,13651.75,13651.75,low,0.0,0.0,1.0,False,,,,,,dual_rel_range_samebar,True,True,L79,0.0,True,0.0,,,False,False,False,False
2023-01-06,2023,4,13624.5,13406.0,218.5,13515.25,120,0,0,False,False,,,,,,,,,,,False,,,,,,event,False,False,,,False,,,,True,False,False,False
2023-01-09,2023,0,13852.25,13801.5,50.75,13826.875,120,25,23,True,True,13826.75,13822.25,13826.75,13802.25,13826.75,13826.75,low,1.0,1.0,0.0,False,,,,,,dual_rel_range_samebar,True,True,H79,0.0,False,,,,False,False,False,False
2023-01-10,2023,1,13805.5,13749.0,56.5,13777.25,120,21,17,True,True,13764.75,13776.25,13764.75,13751.75,13764.75,13764.75,low,1.0,1.0,0.0,True,REH,2023-01-10 09:30:00,13749.0,0.0,0.0,,True,True,H79,0.0,False,,0.0,0.0,False,False,False,False
2023-01-11,2023,2,13983.75,13930.5,53.25,13957.125,120,23,20,True,True,13955.5,13959.75,13955.75,13948.25,13957.25,13957.25,low,1.0,1.0,0.0,False,,,,,,dual_rel_range_samebar,True,True,H79,0.0,False,,,,False,False,False,False
2023-01-12,2023,3,14211.0,13946.0,265.0,14078.5,120,0,0,False,False,,,,,,,,,,,False,,,,,,event,False,False,,,False,,,,True,False,False,False
2023-01-13,2023,4,14138.0,14049.25,88.75,14093.625,120,26,24,True,True,14097.5,14100.5,14098.5,14049.75,14097.5,14094.0,high,0.0,1.0,0.0,True,REL,2023-01-13 09:30:00,14138.0,1.0,1.0,,True,True,H79,0.0,True,1.0,0.0,1.0,False,False,False,False
2023-01-16,2023,0,,,,,0,0,0,False,False,,,,,,,,,,,False,,,,,,holiday,False,False,,,False,,,,False,True,False,False
2023-01-17,2023,1,14244.0,14197.25,46.75,14220.625,120,21,29,True,True,14223.75,14222.25,14224.25,14203.0,14223.75,14220.5,low,1.0,1.0,0.0,False,,,,,,dual_rel_range_samebar,True,True,H79,0.0,False,,,,False,False,False,False
2023-01-18,2023,2,14376.75,14291.25,85.5,14334.0,120,20,23,True,True,14335.5,14326.5,14336.0,14297.25,14335.5,14335.5,low,1.0,1.0,1.0,True,REH,2023-01-18 09:30:00,14291.25,1.0,1.0,,True,True,H79,1.0,False,,0.0,1.0,False,False,False,False
2023-01-19,2023,3,14049.75,13999.75,50.0,14024.75,120,26,25,True,True,14025.0,14024.75,14026.0,14010.0,14024.5,14024.5,high,1.0,1.0,1.0,False,,,,,,dual_rel_range_samebar,True,True,H79,1.0,False,,,,False,False,False,False
2023-01-20,2023,4,14103.5,14057.25,46.25,14080.375,120,23,25,True,True,14080.25,14074.0,14080.5,14063.75,14080.25,14080.25,high,1.0,1.0,1.0,True,REH,2023-01-20 09:30:00,14057.25,1.0,1.0,,True,True,L79,1.0,False,,1.0,1.0,False,False,False,False
2023-01-23,2023,0,14378.25,14312.5,65.75,14345.375,120,26,21,True,True,14345.25,14350.0,14345.25,14321.5,14345.25,14345.5,low,1.0,1.0,0.0,True,REH,2023-01-23 09:30:00,14312.5,0.0,0.0,,True,True,H79,0.0,False,,0.0,0.0,False,False,False,False
2023-01-24,2023,1,14547.0,14490.75,56.25,14518.875,120,23,20,True,True,14527.75,14537.5,14528.25,14491.5,14525.75,14525.75,high,0.0,1.0,0.0,True,REL,2023-01-24 09:30:00,14547.0,1.0,1.0,,True,True,H79,0.0,True,1.0,1.0,1.0,False,False,False,False
2023-01-25,2023,2,14423.75,14360.5,63.25,14392.125,120,26,23,True,True,14401.25,14406.25,14401.75,14361.0,14399.0,14399.0,high,1.0,1.0,1.0,True,REL,2023-01-25 09:30:00,14423.75,1.0,1.0,,True,True,L79,1.0,True,1.0,0.0,0.0,False,False,False,False
2023-01-26,2023,3,14665.0,14585.0,80.0,14625.0,120,23,26,True,True,14625.25,14624.75,14626.0,14602.25,14625.25,14625.25,high,1.0,1.0,1.0,False,,,,,,dual_rel_range_samebar,True,True,H79,1.0,False,,,,False,False,False,False
2023-01-27,2023,4,14733.75,14677.75,56.0,14705.75,120,25,25,True,True,14705.0,14705.75,14706.0,14684.75,14706.0,14705.75,high,0.0,1.0,0.0,False,,,,,,dual_rel_reh,True,True,H79,0.0,False,,,,False,False,False,False
2023-01-30,2023,0,14753.25,14713.5,39.75,14733.375,120,19,23,True,True,14731.0,14733.75,14731.0,14719.5,14731.0,14733.25,low,1.0,1.0,1.0,True,REH,2023-01-30 09:30:00,14713.5,1.0,1.0,,True,True,H79,1.0,False,,0.0,1.0,False,False,False,False
2023-01-31,2023,1,14672.25,14560.25,112.0,14616.25,120,30,28,True,True,14587.75,14595.0,14588.0,14560.75,14589.75,14589.75,high,0.0,1.0,0.0,True,REH,2023-01-31 09:30:00,14560.25,0.0,0.0,,True,True,H79,0.0,False,,0.0,0.0,False,False,False,False
2023-02-01,2023,2,14823.75,14781.0,42.75,14802.375,120,0,0,False,False,,,,,,,,,,,False,,,,,,event,False,False,,,False,,,,True,False,False,False
2023-02-02,2023,3,15322.75,15207.75,115.0,15265.25,120,26,25,True,True,15266.5,15268.75,15267.25,15215.5,15266.5,15266.5,high,0.0,1.0,0.0,False,,,,,,dual_rel_range_samebar,True,True,H79,0.0,False,,,,False,False,False,False
2023-02-03,2023,4,15416.0,15224.5,191.5,15320.25,120,0,0,False,False,,,,,,,,,,,False,,,,,,event,False,False,,,False,,,,True,False,False,False
2023-02-06,2023,0,15193.75,15136.5,57.25,15165.125,120,23,21,True,True,15161.5,15164.25,15161.5,15143.25,15161.5,15163.75,high,1.0,1.0,1.0,False,,,,,,dual_rel_reh,True,True,H79,1.0,False,,,,False,False,False,False
2023-02-07,2023,1,15221.0,15158.5,62.5,15189.75,120,22,27,True,True,15199.0,15184.5,15199.75,15168.0,15199.0,15199.0,high,1.0,1.0,1.0,False,,,,,,dual_rel_range_samebar,True,True,L79,1.0,True,1.0,,,False,False,False,False
2023-02-08,2023,2,15437.75,15365.75,72.0,15401.75,120,22,17,True,True,15405.5,15391.75,15406.25,15366.0,15405.5,15405.5,high,1.0,0.0,1.0,True,REL,2023-02-08 09:30:00,15437.75,0.0,0.0,,True,True,L79,0.0,True,1.0,0.0,0.0,False,False,False,False
2023-02-09,2023,3,15372.25,15315.5,56.75,15343.875,120,25,26,True,True,15349.5,15343.75,15349.75,15322.5,15349.5,15346.0,low,1.0,1.0,1.0,False,,,,,,dual_rel_range_samebar,True,True,H79,1.0,False,,,,False,False,False,False
2023-02-10,2023,4,15005.75,14925.5,80.25,14965.625,120,21,24,True,True,14977.5,14961.75,14977.75,14935.75,14977.5,14977.5,low,1.0,1.0,0.0,True,REH,2023-02-10 09:30:00,14925.5,0.0,0.0,,True,True,H79,0.0,False,,0.0,0.0,False,False,False,False
2023-02-13,2023,0,15088.5,15036.5,52.0,15062.5,120,28,23,True,True,15057.75,15062.0,15058.25,15039.5,15060.0,15064.25,high,1.0,1.0,1.0,True,REL,2023-02-13 09:30:00,15088.5,1.0,1.0,,True,True,L79,1.0,True,1.0,1.0,1.0,False,False,False,False
2023-02-14,2023,1,15342.0,15115.0,227.0,15228.5,120,0,0,False,False,,,,,,,,,,,False,,,,,,event,False,False,,,False,,,,True,False,False,False
2023-02-15,2023,2,15275.25,15189.25,86.0,15232.25,120,21,23,True,True,15231.0,15232.25,15231.75,15222.5,15231.0,15233.5,high,1.0,1.0,1.0,True,REL,2023-02-15 09:30:00,15275.25,1.0,1.0,,True,True,H79,1.0,True,1.0,1.0,1.0,False,False,False,False
2023-02-16,2023,3,15384.25,15188.5,195.75,15286.375,120,24,19,True,True,15325.75,15320.0,15326.25,15188.75,15262.25,15262.25,high,1.0,0.0,1.0,False,,,,,,dual_rel_range_samebar,True,True,L79,0.0,True,1.0,,,False,False,False,False
2023-02-17,2023,4,15056.75,15015.25,41.5,15036.0,120,23,18,True,True,15035.75,15037.5,15036.0,15016.25,15035.75,15035.75,high,1.0,1.0,1.0,True,REH,2023-02-17 09:30:00,15015.25,1.0,1.0,,True,True,H79,1.0,False,,1.0,1.0,False,False,False,False
2023-02-20,2023,0,,,,,0,0,0,False,False,,,,,,,,,,,False,,,,,,holiday,False,False,,,False,,,,False,True,False,False
2023-02-21,2023,1,14940.75,14894.25,46.5,14917.5,120,29,25,True,True,14920.0,14917.75,14920.0,14895.25,14918.25,14917.25,low,1.0,1.0,1.0,False,,,,,,dual_rel_range_samebar,True,True,L79,1.0,True,1.0,,,False,False,False,False
2023-02-22,2023,2,14818.25,14745.5,72.75,14781.875,120,23,22,True,True,14781.0,14784.75,14781.25,14761.0,14781.0,14782.0,high,1.0,1.0,1.0,True,REL,2023-02-22 09:30:00,14818.25,1.0,1.0,,True,True,H79,1.0,True,1.0,1.0,1.0,False,False,False,False
2023-02-23,2023,3,14893.0,14840.25,52.75,14866.625,120,23,26,True,True,14867.25,14866.75,14867.5,14844.25,14866.5,14866.5,low,1.0,1.0,1.0,False,,,,,,dual_rel_range_samebar,True,True,H79,1.0,False,,,,False,False,False,False
2023-02-24,2023,4,14764.0,14629.25,134.75,14696.625,120,21,25,True,True,14743.5,14655.25,14743.5,14640.25,14741.5,14741.5,low,0.0,0.0,1.0,True,REL,2023-02-24 09:30:00,14764.0,0.0,0.0,,True,True,L79,0.0,True,1.0,0.0,0.0,False,False,False,False
2023-02-27,2023,0,14808.0,14708.5,99.5,14758.25,120,25,21,True,True,14733.75,14737.75,14734.0,14708.75,14777.75,14777.75,low,1.0,1.0,0.0,True,REH,2023-02-27 09:30:00,14708.5,0.0,0.0,,True,True,H79,0.0,False,,0.0,0.0,False,False,False,False
2023-02-28,2023,1,14801.25,14729.75,71.5,14765.5,120,19,29,True,True,14766.25,14754.0,14766.5,14730.5,14766.25,14766.25,low,0.0,0.0,1.0,False,,,,,,dual_rel_range_samebar,True,True,L79,0.0,True,1.0,,,False,False,False,False
2023-03-01,2023,2,14783.5,14696.5,87.0,14740.0,120,23,22,True,True,14749.0,14752.75,14749.25,14700.75,14749.0,14746.25,low,0.0,0.0,1.0,True,REL,2023-03-01 09:30:00,14783.5,0.0,0.0,,True,True,L79,0.0,True,0.0,0.0,0.0,False,False,False,False
2023-03-02,2023,3,14573.5,14493.0,80.5,14533.25,120,21,25,True,True,14537.0,14533.75,14537.25,14493.25,14537.0,14537.0,low,1.0,1.0,0.0,True,REL,2023-03-02 09:30:00,14573.5,1.0,1.0,,True,True,H79,0.0,True,1.0,0.0,1.0,False,False,False,False
2023-03-03,2023,4,14797.25,14733.75,63.5,14765.5,120,19,23,True,True,14758.25,14764.5,14758.75,14734.0,14760.75,14765.5,low,1.0,1.0,0.0,True,REH,2023-03-03 09:30:00,14733.75,0.0,0.0,,True,True,H79,0.0,False,,0.0,0.0,False,False,False,False
2023-03-06,2023,0,15037.25,14955.75,81.5,14996.5,120,20,27,True,True,15008.5,14989.25,15008.75,14957.5,14999.5,14999.5,high,0.0,1.0,0.0,True,REH,2023-03-06 09:30:00,14955.75,0.0,0.0,,True,True,H79,0.0,False,,0.0,0.0,False,False,False,False
2023-03-07,2023,1,15019.0,14996.0,23.0,15007.5,120,24,28,True,True,15007.5,15007.5,15008.5,14996.0,15007.5,15007.5,low,0.0,0.0,1.0,False,,,,,,dual_rel_range_samebar,True,True,L79,0.0,True,1.0,,,False,False,False,False
2023-03-08,2023,2,14852.0,14800.25,51.75,14826.125,120,24,26,True,True,14823.75,14829.75,14824.5,14800.75,14825.75,14825.75,low,1.0,1.0,1.0,True,REH,2023-03-08 09:30:00,14800.25,1.0,1.0,,True,True,H79,1.0,False,,0.0,1.0,False,False,False,False
2023-03-09,2023,3,14895.75,14806.75,89.0,14851.25,120,21,27,True,True,14818.0,14828.0,14818.25,14807.25,14865.75,14865.75,low,1.0,1.0,0.0,False,,,,,,dual_rel_range_samebar,True,True,H79,0.0,False,,,,False,False,False,False
2023-03-10,2023,4,14764.0,14588.0,176.0,14676.0,120,0,0,False,False,,,,,,,,,,,False,,,,,,event,False,False,,,False,,,,True,False,False,False
2023-03-13,2023,0,14647.75,14331.0,316.75,14489.375,120,27,25,True,True,14515.75,14533.5,14516.0,14515.75,14515.75,14513.0,high,0.0,1.0,0.0,True,REL,2023-03-13 09:30:00,14647.75,1.0,1.0,,True,True,H79,0.0,True,1.0,0.0,0.0,False,False,False,False
2023-03-14,2023,1,14727.75,14557.0,170.75,14642.375,120,0,0,False,False,,,,,,,,,,,False,,,,,,event,False,False,,,False,,,,True,False,False,False
2023-03-15,2023,2,14744.25,14630.25,114.0,14687.25,120,23,23,True,True,14683.75,14687.75,14683.75,14660.75,14685.25,14687.5,high,0.0,1.0,0.0,True,REH,2023-03-15 09:30:00,14630.25,0.0,0.0,,True,True,H79,0.0,False,,0.0,0.0,False,False,False,False
2023-03-16,2023,3,14954.25,14874.75,79.5,14914.5,120,22,25,True,True,14914.75,14915.5,14915.5,14886.0,14914.75,14914.75,high,1.0,1.0,1.0,False,,,,,,dual_rel_range_samebar,True,True,L79,1.0,True,1.0,,,False,False,False,False
2023-03-17,2023,4,15269.0,15185.0,84.0,15227.0,120,25,24,True,True,15224.25,15216.75,15225.0,15205.25,15224.25,15229.0,low,1.0,1.0,1.0,True,REH,2023-03-17 09:30:00,15185.0,1.0,1.0,,True,True,H79,1.0,False,,0.0,1.0,False,False,False,False
2023-03-20,2023,0,15213.25,15138.25,75.0,15175.75,120,22,26,True,True,15176.25,15177.5,15177.25,15138.5,15176.25,15176.25,low,1.0,1.0,1.0,True,REL,2023-03-20 09:30:00,15213.25,1.0,1.0,,True,True,L79,1.0,True,1.0,0.0,0.0,False,False,False,False
2023-03-21,2023,1,15316.75,15248.25,68.5,15282.5,120,26,25,True,True,15283.25,15288.0,15284.0,15248.75,15283.25,15282.5,low,1.0,1.0,1.0,True,REH,2023-03-21 09:30:00,15248.25,1.0,1.0,,True,True,H79,1.0,False,,0.0,1.0,False,False,False,False
2023-03-22,2023,2,15392.0,15360.0,32.0,15376.0,120,0,0,False,False,,,,,,,,,,,False,,,,,,event,False,False,,,False,,,,True,False,False,False
2023-03-23,2023,3,15369.75,15325.25,44.5,15347.5,120,25,21,True,True,15349.5,15347.75,15350.25,15326.25,15347.25,15347.25,high,0.0,1.0,0.0,False,,,,,,dual_rel_range_samebar,True,True,H79,0.0,False,,,,False,False,False,False
2023-03-24,2023,4,15344.0,15278.25,65.75,15311.125,120,21,23,True,True,15307.25,15311.0,15307.5,15290.5,15309.0,15309.0,low,1.0,1.0,1.0,False,,,,,,dual_rel_range_samebar,True,True,H79,1.0,False,,,,False,False,False,False
2023-03-27,2023,0,15482.25,15436.0,46.25,15459.125,120,29,25,True,True,15459.25,15459.25,15459.25,15449.25,15459.25,15459.25,low,1.0,1.0,1.0,True,REL,2023-03-27 09:30:00,15482.25,1.0,1.0,,True,True,L79,1.0,True,1.0,1.0,1.0,False,False,False,False
2023-03-28,2023,1,15321.25,15281.75,39.5,15301.5,120,22,23,True,True,15306.0,15295.5,15307.0,15284.25,15306.0,15302.5,low,0.0,0.0,1.0,False,,,,,,dual_rel_reh,True,True,L79,0.0,False,,,,False,False,False,False
2023-03-29,2023,2,15385.75,15355.0,30.75,15370.375,120,19,19,True,True,15368.5,15370.0,15369.25,15357.75,15370.5,15370.5,high,0.0,1.0,0.0,False,,,,,,dual_rel_range_samebar,True,True,H79,0.0,False,,,,False,False,False,False
2023-03-30,2023,3,15594.0,15546.5,47.5,15570.25,120,25,22,True,True,15559.25,15572.0,15559.25,15549.75,15568.5,15570.75,high,0.0,1.0,0.0,True,REH,2023-03-30 09:30:00,15546.5,0.0,0.0,,True,True,H79,0.0,False,,0.0,0.0,False,False,False,False
2023-03-31,2023,4,15652.75,15582.25,70.5,15617.5,120,21,18,True,True,15618.25,15614.5,15618.75,15587.5,15618.25,15618.25,low,1.0,1.0,0.0,False,,,,,,dual_rel_reh,True,True,H79,0.0,False,,,,False,False,False,False
2023-04-03,2023,0,15752.75,15704.25,48.5,15728.5,120,23,14,True,True,15727.5,15722.5,15728.25,15708.25,15727.5,15728.5,low,1.0,1.0,1.0,True,REH,2023-04-03 09:30:00,15704.25,1.0,1.0,,True,True,H79,1.0,False,,0.0,1.0,False,False,False,False
2023-04-04,2023,1,15858.75,15819.25,39.5,15839.0,120,20,19,True,True,15839.25,15841.25,15839.5,15824.5,15839.25,15839.25,low,0.0,0.0,1.0,False,,,,,,dual_rel_range_samebar,True,True,L79,0.0,True,1.0,,,False,False,False,False
2023-04-05,2023,2,15760.75,15715.0,45.75,15737.875,120,20,23,True,True,15735.25,15738.0,15735.75,15715.5,15735.25,15738.0,high,1.0,0.0,1.0,False,,,,,,dual_rel_range_samebar,True,True,L79,0.0,True,0.0,,,False,False,False,False
2023-04-06,2023,3,15595.75,15539.75,56.0,15567.75,120,22,25,True,True,15567.0,15567.5,15567.0,15550.0,15567.0,15567.0,high,1.0,1.0,1.0,False,,,,,,dual_rel_range_samebar,True,True,L79,1.0,True,1.0,,,False,False,False,False
2023-04-07,2023,4,,,,,0,0,0,False,False,,,,,,,,,,,False,,,,,,holiday,False,False,,,False,,,,True,True,False,False
2023-04-10,2023,0,15679.25,15577.75,101.5,15628.5,120,25,18,True,True,15629.0,15627.5,15629.5,15580.5,15629.0,15629.0,high,1.0,0.0,1.0,False,,,,,,dual_rel_range_samebar,True,True,L79,0.0,True,0.0,,,False,False,False,False
2023-04-11,2023,1,15708.25,15650.25,58.0,15679.25,120,22,22,True,True,15675.75,15680.75,15676.5,15650.5,15675.75,15675.75,high,1.0,0.0,1.0,True,REH,2023-04-11 09:30:00,15650.25,1.0,1.0,,True,True,L79,0.0,False,,1.0,1.0,False,False,False,False
2023-04-12,2023,2,15766.5,15575.25,191.25,15670.875,120,0,0,False,False,,,,,,,,,,,False,,,,,,event,False,False,,,False,,,,True,False,False,False
2023-04-13,2023,3,15562.75,15482.0,80.75,15522.375,120,20,23,True,True,15521.0,15522.25,15521.5,15487.75,15521.0,15521.0,low,1.0,1.0,0.0,True,REH,2023-04-13 09:30:00,15482.0,0.0,0.0,,True,True,H79,0.0,False,,0.0,0.0,False,False,False,False
2023-04-14,2023,4,15697.25,15625.75,71.5,15661.5,120,28,17,True,True,15661.0,15667.25,15661.75,15635.25,15661.5,15661.5,high,0.0,1.0,0.0,True,REL,2023-04-14 09:30:00,15697.25,1.0,1.0,,True,True,H79,0.0,True,1.0,1.0,1.0,False,False,False,False
2023-04-17,2023,0,15726.75,15683.0,43.75,15704.875,120,19,20,True,True,15704.75,15704.25,15704.75,15696.5,15704.75,15704.75,low,1.0,1.0,1.0,True,REL,2023-04-17 09:30:00,15726.75,1.0,1.0,,True,True,L79,1.0,True,1.0,1.0,1.0,False,False,False,False
2023-04-18,2023,1,15823.5,15781.25,42.25,15802.375,120,21,20,True,True,15800.75,15802.75,15801.25,15789.75,15800.75,15802.75,low,0.0,0.0,1.0,True,REH,2023-04-18 09:30:00,15781.25,1.0,1.0,,True,True,L79,0.0,False,,1.0,1.0,False,False,False,False
2023-04-19,2023,2,15630.0,15592.75,37.25,15611.375,120,23,25,True,True,15611.75,15611.0,15612.25,15601.25,15611.5,15611.5,high,0.0,1.0,0.0,False,,,,,,dual_rel_reh,True,True,H79,0.0,False,,,,False,False,False,False
2023-04-20,2023,3,15600.75,15557.25,43.5,15579.0,120,27,25,True,True,15578.25,15587.0,15578.75,15557.5,15579.5,15579.25,low,1.0,1.0,0.0,True,REL,2023-04-20 09:30:00,15600.75,1.0,1.0,,True,True,H79,0.0,True,1.0,1.0,1.0,False,False,False,False
2023-04-21,2023,4,15580.25,15529.75,50.5,15555.0,120,20,26,True,True,15559.5,15555.25,15560.25,15539.75,15559.5,15559.5,low,1.0,1.0,1.0,False,,,,,,dual_rel_range_samebar,True,True,H79,1.0,False,,,,False,False,False,False
2023-04-24,2023,0,15624.25,15596.0,28.25,15610.125,120,22,27,True,True,15610.0,15610.25,15610.25,15596.25,15610.25,15610.25,high,1.0,1.0,1.0,True,REL,2023-04-24 09:30:00,15624.25,1.0,1.0,,True,True,L79,1.0,True,1.0,1.0,1.0,False,False,False,False
2023-04-25,2023,1,15543.0,15516.75,26.25,15529.875,120,24,22,True,True,15529.75,15530.25,15530.0,15520.5,15529.75,15529.75,high,1.0,0.0,1.0,False,,,,,,dual_rel_range_samebar,True,True,L79,0.0,True,1.0,,,False,False,False,False
2023-04-26,2023,2,15479.25,15410.0,69.25,15444.625,120,25,24,True,True,15444.0,15447.5,15444.75,15410.5,15444.0,15444.5,low,1.0,1.0,0.0,False,,,,,,dual_rel_range_samebar,True,True,H79,0.0,False,,,,False,False,False,False
2023-04-27,2023,3,15572.75,15508.25,64.5,15540.5,120,25,24,True,True,15536.5,15537.5,15537.0,15516.5,15536.5,15536.5,low,1.0,1.0,0.0,True,REH,2023-04-27 09:30:00,15508.25,0.0,0.0,,True,True,H79,0.0,False,,0.0,0.0,False,False,False,False
2023-04-28,2023,4,15748.25,15693.75,54.5,15721.0,120,21,23,True,True,15721.0,15721.5,15721.75,15700.5,15721.0,15721.0,low,1.0,1.0,0.0,True,REH,2023-04-28 09:30:00,15693.75,0.0,0.0,,True,True,H79,0.0,False,,0.0,0.0,False,False,False,False
2023-05-01,2023,0,15842.75,15810.0,32.75,15826.375,120,30,24,True,True,15826.5,15829.25,15827.25,15813.5,15826.5,15826.5,high,1.0,1.0,1.0,True,REL,2023-05-01 09:30:00,15842.75,1.0,1.0,,True,True,H79,1.0,True,1.0,1.0,1.0,False,False,False,False
2023-05-02,2023,1,15841.0,15807.75,33.25,15824.375,120,23,25,True,True,15824.25,15824.5,15824.25,15811.5,15824.25,15824.25,high,1.0,0.0,1.0,False,,,,,,dual_rel_reh,True,True,L79,0.0,False,,,,False,False,False,False
2023-05-03,2023,2,15756.25,15721.75,34.5,15739.0,120,0,0,False,False,,,,,,,,,,,False,,,,,,event,False,False,,,False,,,,True,False,False,False
2023-05-04,2023,3,15636.5,15586.0,50.5,15611.25,120,31,29,True,True,15611.5,15610.0,15611.5,15589.75,15611.5,15611.5,low,0.0,0.0,1.0,True,REL,2023-05-04 09:30:00,15636.5,0.0,0.0,,True,True,L79,0.0,True,1.0,0.0,0.0,False,False,False,False
2023-05-05,2023,4,15682.25,15610.0,72.25,15646.125,120,0,0,False,False,,,,,,,,,,,False,,,,,,event,False,False,,,False,,,,True,False,False,False
2023-05-08,2023,0,15849.5,15812.5,37.0,15831.0,120,23,26,True,True,15834.25,15830.0,15834.5,15820.25,15834.25,15831.0,low,0.0,0.0,1.0,True,REL,2023-05-08 09:30:00,15849.5,0.0,0.0,,True,True,L79,0.0,True,1.0,0.0,0.0,False,False,False,False
2023-05-09,2023,1,15828.5,15798.25,30.25,15813.375,120,26,25,True,True,15812.5,15813.5,15813.0,15799.0,15812.5,15813.5,high,1.0,1.0,1.0,True,REL,2023-05-09 09:30:00,15828.5,1.0,1.0,,True,True,H79,1.0,True,1.0,1.0,1.0,False,False,False,False
2023-05-10,2023,2,15917.5,15764.75,152.75,15841.125,120,0,0,False,False,,,,,,,,,,,False,,,,,,event,False,False,,,False,,,,True,False,False,False
2023-05-11,2023,3,15992.25,15929.0,63.25,15960.625,120,24,26,True,True,15959.75,15969.5,15960.0,15934.75,15961.25,15960.5,high,1.0,0.0,1.0,True,REL,2023-05-11 09:30:00,15992.25,0.0,0.0,,True,True,L79,0.0,True,1.0,0.0,0.0,False,False,False,False
2023-05-12,2023,4,16005.75,15978.5,27.25,15992.125,120,18,20,True,True,15992.25,15992.25,15993.0,15979.25,15992.25,15992.25,high,1.0,1.0,1.0,False,,,,,,dual_rel_reh,True,True,H79,1.0,False,,,,False,False,False,False
2023-05-15,2023,0,15967.75,15937.25,30.5,15952.5,120,22,21,True,True,15952.5,15952.25,15952.75,15938.0,15952.5,15952.5,high,1.0,1.0,1.0,True,REL,2023-05-15 09:30:00,15967.75,1.0,1.0,,True,True,L79,1.0,True,1.0,0.0,0.0,False,False,False,False
2023-05-16,2023,1,16004.75,15954.5,50.25,15979.625,120,23,24,True,True,15982.75,15986.0,15983.0,15958.5,15981.5,15981.5,low,1.0,1.0,0.0,True,REL,2023-05-16 09:30:00,16004.75,1.0,1.0,,True,True,H79,0.0,True,1.0,1.0,1.0,False,False,False,False
2023-05-17,2023,2,16047.25,16018.75,28.5,16033.0,120,24,23,True,True,16033.0,16033.5,16033.75,16021.75,16033.0,16033.0,low,1.0,1.0,1.0,False,,,,,,dual_rel_range_samebar,True,True,H79,1.0,False,,,,False,False,False,False
2023-05-18,2023,3,16208.0,16163.75,44.25,16185.875,120,16,22,True,True,16187.5,16188.0,16187.75,16187.5,16185.25,16185.5,high,0.0,1.0,0.0,True,REL,2023-05-18 09:30:00,16208.0,1.0,1.0,,True,True,H79,0.0,True,1.0,1.0,1.0,False,False,False,False
2023-05-19,2023,4,16443.75,16402.25,41.5,16423.0,120,17,22,True,True,16423.5,16424.0,16423.75,16412.5,16422.75,16422.75,high,1.0,1.0,1.0,False,,,,,,dual_rel_reh,True,True,H79,1.0,False,,,,False,False,False,False
2023-05-22,2023,0,16393.75,16349.25,44.5,16371.5,120,22,22,True,True,16373.25,16372.25,16373.75,16355.25,16370.75,16371.5,low,1.0,1.0,0.0,False,,,,,,dual_rel_reh,True,True,H79,0.0,False,,,,False,False,False,False
2023-05-23,2023,1,16426.75,16363.5,63.25,16395.125,120,21,20,True,True,16389.25,16393.0,16390.0,16382.25,16389.25,16393.25,low,0.0,0.0,1.0,False,,,,,,dual_rel_range_samebar,True,True,L79,0.0,True,1.0,,,False,False,False,False
2023-05-24,2023,2,16220.25,16168.5,51.75,16194.375,120,25,24,True,True,16194.5,16197.25,16195.0,16169.25,16194.5,16194.5,high,1.0,0.0,1.0,False,,,,,,dual_rel_range_samebar,True,True,L79,0.0,True,1.0,,,False,False,False,False
2023-05-25,2023,3,16495.0,16414.0,81.0,16454.5,120,26,23,True,True,16454.25,16471.25,16455.0,16418.0,16454.25,16454.25,high,1.0,1.0,1.0,True,REH,2023-05-25 09:30:00,16414.0,1.0,1.0,,True,True,L79,1.0,False,,1.0,1.0,False,False,False,False
2023-05-26,2023,4,16569.5,16503.25,66.25,16536.375,120,22,27,True,True,16542.25,16542.75,16542.75,16528.5,16534.75,16534.75,low,1.0,1.0,0.0,False,,,,,,dual_rel_reh,True,True,H79,0.0,False,,,,False,False,False,False
2023-05-29,2023,0,,,,,0,0,0,False,False,,,,,,,,,,,False,,,,,,holiday,False,False,,,False,,,,False,True,False,False
2023-05-30,2023,1,17094.75,17007.25,87.5,17051.0,120,22,21,True,True,17051.75,17054.25,17051.75,17011.0,17051.75,17051.25,high,1.0,0.0,1.0,True,REL,2023-05-30 09:30:00,17094.75,0.0,0.0,,True,True,L79,0.0,True,1.0,0.0,0.0,False,False,False,False
2023-05-31,2023,2,16906.25,16840.5,65.75,16873.375,120,26,25,True,True,16886.5,16873.25,16887.25,16847.25,16884.25,16864.25,high,1.0,1.0,1.0,True,REL,2023-05-31 09:30:00,16906.25,1.0,1.0,,True,True,H79,1.0,True,1.0,1.0,1.0,False,False,False,False
2023-06-01,2023,3,16861.25,16797.75,63.5,16829.5,120,26,25,True,True,16829.25,16828.75,16829.75,16800.75,16829.25,16829.25,low,1.0,1.0,1.0,True,REL,2023-06-01 09:30:00,16861.25,1.0,1.0,,True,True,L79,1.0,True,1.0,0.0,1.0,False,False,False,False
2023-06-02,2023,4,17089.75,17018.25,71.5,17054.0,120,0,0,False,False,,,,,,,,,,,False,,,,,,event,False,False,,,False,,,,True,False,False,False
2023-06-05,2023,0,17093.25,17069.0,24.25,17081.125,120,19,23,True,True,17080.5,17081.25,17080.5,17069.5,17080.5,17081.0,high,0.0,1.0,0.0,False,,,,,,dual_rel_range_samebar,True,True,H79,0.0,False,,,,False,False,False,False
2023-06-06,2023,1,17119.0,17088.75,30.25,17103.875,120,26,18,True,True,17103.5,17105.75,17103.75,17089.0,17103.5,17104.0,high,1.0,1.0,1.0,False,,,,,,dual_rel_range_samebar,True,True,L79,1.0,True,1.0,,,False,False,False,False
2023-06-07,2023,2,17139.0,17107.0,32.0,17123.0,120,17,29,True,True,17123.0,17122.5,17124.0,17109.25,17123.0,17123.0,high,1.0,1.0,1.0,True,REL,2023-06-07 09:30:00,17139.0,1.0,1.0,,True,True,H79,1.0,True,1.0,1.0,1.0,False,False,False,False
2023-06-08,2023,3,16896.75,16812.75,84.0,16854.75,120,25,24,True,True,16855.0,16856.0,16855.0,16826.75,16855.0,16855.0,high,0.0,1.0,0.0,True,REH,2023-06-08 09:30:00,16812.75,0.0,0.0,,True,True,H79,0.0,False,,0.0,0.0,False,False,False,False
2023-06-09,2023,4,17082.0,17019.0,63.0,17050.5,120,25,25,True,True,17050.5,17048.0,17051.0,17022.25,17050.5,17050.5,high,0.0,1.0,0.0,False,,,,,,dual_rel_range_samebar,True,True,H79,0.0,False,,,,False,False,False,False
2023-06-12,2023,0,17171.75,17133.25,38.5,17152.5,120,26,28,True,True,17152.75,17152.5,17153.0,17133.75,17152.5,17152.5,high,1.0,1.0,1.0,False,,,,,,dual_rel_reh,True,True,L79,1.0,False,,,,False,False,False,False
2023-06-13,2023,1,17454.5,17327.75,126.75,17391.125,120,0,0,False,False,,,,,,,,,,,False,,,,,,event,False,False,,,False,,,,True,False,False,False
2023-06-14,2023,2,17494.25,17448.25,46.0,17471.25,120,0,0,False,False,,,,,,,,,,,False,,,,,,event,False,False,,,False,,,,True,False,False,False
2023-06-15,2023,3,17478.5,17414.25,64.25,17446.375,120,26,23,True,True,17443.5,17445.5,17443.75,17429.25,17445.75,17445.75,low,1.0,1.0,0.0,False,,,,,,dual_rel_range_samebar,True,True,H79,0.0,False,,,,False,False,False,False
2023-06-16,2023,4,17792.0,17736.5,55.5,17764.25,120,30,26,True,True,17766.0,17764.75,17766.75,17740.75,17764.0,17764.25,high,1.0,1.0,1.0,False,,,,,,dual_rel_range_samebar,True,True,H79,1.0,False,,,,False,False,False,False
2023-06-19,2023,0,,,,,0,0,0,False,False,,,,,,,,,,,False,,,,,,holiday,False,False,,,False,,,,False,True,False,False
2023-06-20,2023,1,17599.25,17556.25,43.0,17577.75,120,24,25,True,True,17574.75,17580.75,17574.75,17556.75,17574.75,17577.75,low,1.0,1.0,1.0,False,,,,,,dual_rel_range_samebar,True,True,L79,1.0,True,1.0,,,False,False,False,False
2023-06-21,2023,2,17595.0,17534.0,61.0,17564.5,120,25,25,True,True,17554.5,17557.25,17555.25,17541.75,17566.5,17566.5,low,0.0,0.0,1.0,True,REL,2023-06-21 09:30:00,17595.0,0.0,0.0,,True,True,L79,0.0,True,1.0,0.0,0.0,False,False,False,False
2023-06-22,2023,3,17372.0,17318.25,53.75,17345.125,120,27,25,True,True,17343.5,17345.25,17343.5,17321.25,17343.5,17343.5,high,1.0,1.0,1.0,True,REL,2023-06-22 09:30:00,17372.0,1.0,1.0,,True,True,L79,1.0,True,1.0,1.0,1.0,False,False,False,False
2023-06-23,2023,4,17494.0,17367.25,126.75,17430.625,120,25,24,True,True,17451.75,17464.5,17452.5,17377.25,17434.5,17434.5,low,0.0,0.0,1.0,True,REL,2023-06-23 09:30:00,17494.0,0.0,0.0,,True,True,L79,0.0,True,0.0,0.0,0.0,False,False,False,False
2023-06-26,2023,0,17416.75,17363.75,53.0,17390.25,120,24,20,True,True,17388.75,17394.0,17388.75,17363.75,17388.75,17390.0,high,1.0,1.0,1.0,True,REL,2023-06-26 09:30:00,17416.75,1.0,1.0,,True,True,H79,1.0,True,1.0,1.0,1.0,False,False,False,False
2023-06-27,2023,1,17285.5,17239.0,46.5,17262.25,120,30,27,True,True,17260.25,17262.0,17260.25,17245.75,17262.25,17262.25,high,1.0,1.0,1.0,True,REH,2023-06-27 09:30:00,17239.0,1.0,1.0,,True,True,H79,1.0,False,,0.0,1.0,False,False,False,False
2023-06-28,2023,2,17437.0,17383.0,54.0,17410.0,120,26,28,True,True,17414.25,17410.0,17415.0,17383.25,17414.25,17414.25,low,1.0,1.0,1.0,False,,,,,,dual_rel_range_samebar,True,True,L79,1.0,True,1.0,,,False,False,False,False
2023-06-29,2023,3,17551.0,17475.75,75.25,17513.375,120,22,26,True,True,17519.75,17519.25,17520.25,17519.75,17519.75,17519.75,high,1.0,0.0,1.0,False,,,,,,dual_rel_range_samebar,True,True,L79,0.0,True,0.0,,,False,False,False,False
2023-06-30,2023,4,17608.25,17513.5,94.75,17560.875,120,25,28,True,True,17532.0,17540.0,17532.0,17513.75,17533.25,17533.25,high,0.0,1.0,0.0,True,REH,2023-06-30 09:30:00,17513.5,0.0,0.0,,True,True,H79,0.0,False,,0.0,0.0,False,False,False,False
2023-07-03,2023,0,,,,,0,0,0,False,False,,,,,,,,,,,False,,,,,,early_close,False,False,,,False,,,,False,False,True,False
2023-07-04,2023,1,,,,,0,0,0,False,False,,,,,,,,,,,False,,,,,,holiday,False,False,,,False,,,,False,True,False,False
2023-07-05,2023,2,17641.5,17609.5,32.0,17625.5,120,24,26,True,True,17626.0,17628.0,17626.25,17610.0,17625.5,17625.5,low,1.0,1.0,0.0,False,,,,,,dual_rel_range_samebar,True,True,H79,0.0,False,,,,False,False,False,False
2023-07-06,2023,3,17653.25,17512.75,140.5,17583.0,120,26,28,True,True,17595.0,17583.25,17595.5,17513.5,17593.5,17593.5,low,0.0,0.0,1.0,True,REL,2023-07-06 09:30:00,17653.25,0.0,0.0,,True,True,L79,0.0,True,0.0,0.0,0.0,False,False,False,False
2023-07-07,2023,4,17662.25,17548.0,114.25,17605.125,120,0,0,False,False,,,,,,,,,,,False,,,,,,event,False,False,,,False,,,,True,False,False,False
2023-07-10,2023,0,17545.5,17486.5,59.0,17516.0,120,26,24,True,True,17518.0,17514.5,17518.5,17489.25,17516.0,17516.0,low,1.0,1.0,1.0,False,,,,,,dual_rel_reh,True,True,H79,1.0,False,,,,False,False,False,False
2023-07-11,2023,1,17588.0,17549.5,38.5,17568.75,120,28,23,True,True,17568.5,17568.75,17568.5,17549.75,17568.75,17568.75,low,0.0,0.0,1.0,False,,,,,,dual_rel_range_samebar,True,True,L79,0.0,True,1.0,,,False,False,False,False
2023-07-12,2023,2,17773.0,17633.25,139.75,17703.125,120,0,0,False,False,,,,,,,,,,,False,,,,,,event,False,False,,,False,,,,True,False,False,False
2023-07-13,2023,3,17929.5,17876.25,53.25,17902.875,120,22,23,True,True,17902.5,17902.5,17903.5,17884.5,17902.5,17903.0,low,1.0,1.0,0.0,True,REH,2023-07-13 09:30:00,17876.25,0.0,0.0,,True,True,H79,0.0,False,,0.0,0.0,False,False,False,False
2023-07-14,2023,4,18073.0,18037.75,35.25,18055.375,120,27,26,True,True,18055.0,18057.25,18055.0,18044.75,18055.0,18055.0,low,1.0,1.0,0.0,True,REH,2023-07-14 09:30:00,18037.75,0.0,0.0,,True,True,H79,0.0,False,,0.0,0.0,False,False,False,False
2023-07-17,2023,0,18054.5,18027.5,27.0,18041.0,120,23,22,True,True,18041.0,18041.0,18041.75,18034.25,18041.0,18041.0,low,1.0,1.0,0.0,False,,,,,,dual_rel_range_samebar,True,True,H79,0.0,False,,,,False,False,False,False
2023-07-18,2023,1,18186.0,18144.25,41.75,18165.125,120,25,23,True,True,18166.25,18165.25,18166.25,18150.75,18165.25,18165.25,high,1.0,1.0,1.0,True,REL,2023-07-18 09:30:00,18186.0,1.0,1.0,,True,True,L79,1.0,True,1.0,0.0,0.0,False,False,False,False
2023-07-19,2023,2,18363.0,18330.0,33.0,18346.5,120,20,21,True,True,18346.5,18348.25,18347.25,18333.25,18346.5,18346.5,high,1.0,1.0,1.0,False,,,,,,dual_rel_range_samebar,True,True,H79,1.0,False,,,,False,False,False,False
2023-07-20,2023,3,18221.25,18166.75,54.5,18194.0,120,22,23,True,True,18192.25,18196.25,18192.5,18180.5,18192.25,18192.25,high,1.0,1.0,1.0,True,REL,2023-07-20 09:30:00,18221.25,1.0,1.0,,True,True,H79,1.0,True,1.0,1.0,1.0,False,False,False,False
2023-07-21,2023,4,18047.75,17994.0,53.75,18020.875,120,25,26,True,True,18019.25,18019.0,18019.5,18003.0,18019.25,18021.25,low,1.0,1.0,1.0,True,REH,2023-07-21 09:30:00,17994.0,1.0,1.0,,True,True,H79,1.0,False,,1.0,1.0,False,False,False,False
2023-07-24,2023,0,17937.75,17910.75,27.0,17924.25,120,26,26,True,True,17923.75,17923.0,17924.0,17911.25,17924.25,17924.25,low,1.0,1.0,1.0,False,,,,,,dual_rel_reh,True,True,H79,1.0,False,,,,False,False,False,False
2023-07-25,2023,1,17973.25,17947.0,26.25,17960.125,120,23,24,True,True,17960.0,17960.5,17960.0,17950.5,17960.0,17960.0,high,1.0,1.0,1.0,False,,,,,,dual_rel_range_samebar,True,True,L79,1.0,True,1.0,,,False,False,False,False
2023-07-26,2023,2,17995.25,17954.5,40.75,17974.875,120,0,0,False,False,,,,,,,,,,,False,,,,,,event,False,False,,,False,,,,True,False,False,False
2023-07-27,2023,3,18192.75,18138.75,54.0,18165.75,120,23,23,True,True,18162.5,18165.25,18163.0,18139.75,18162.5,18162.5,high,1.0,1.0,1.0,True,REH,2023-07-27 09:30:00,18138.75,1.0,1.0,,True,True,H79,1.0,False,,0.0,1.0,False,False,False,False
2023-07-28,2023,4,18098.25,18033.25,65.0,18065.75,120,27,19,True,True,18069.5,18065.75,18069.75,18045.25,18068.25,18065.75,high,0.0,1.0,0.0,True,REH,2023-07-28 09:30:00,18033.25,0.0,0.0,,True,True,H79,0.0,False,,0.0,0.0,False,False,False,False
2023-07-31,2023,0,18243.5,18196.0,47.5,18219.75,120,23,21,True,True,18219.75,18215.75,18219.75,18199.25,18219.75,18219.75,low,1.0,1.0,1.0,True,REL,2023-07-31 09:30:00,18243.5,1.0,1.0,,True,True,L79,1.0,True,1.0,1.0,1.0,False,False,False,False
2023-08-01,2023,1,18177.0,18104.0,73.0,18140.5,120,24,22,True,True,18127.25,18134.0,18128.0,18104.75,18127.25,18130.75,low,1.0,1.0,1.0,True,REH,2023-08-01 09:30:00,18104.0,1.0,1.0,,True,True,L79,1.0,False,,0.0,1.0,False,False,False,False
2023-08-02,2023,2,18068.0,18008.75,59.25,18038.375,120,24,28,True,True,18042.5,18040.25,18042.75,18027.75,18042.5,18038.25,high,1.0,0.0,1.0,True,REL,2023-08-02 09:30:00,18068.0,0.0,0.0,,True,True,L79,0.0,True,0.0,0.0,0.0,False,False,False,False
2023-08-03,2023,3,17793.75,17710.75,83.0,17752.25,120,25,27,True,True,17752.75,17752.25,17753.0,17718.25,17752.75,17752.75,high,1.0,1.0,1.0,False,,,,,,dual_rel_range_samebar,True,True,L79,1.0,True,1.0,,,False,False,False,False
2023-08-04,2023,4,17885.0,17750.0,135.0,17817.5,120,0,0,False,False,,,,,,,,,,,False,,,,,,event,False,False,,,False,,,,True,False,False,False
2023-08-07,2023,0,17791.0,17742.25,48.75,17766.625,120,26,23,True,True,17764.25,17766.75,17764.75,17742.75,17766.5,17766.5,high,1.0,1.0,1.0,True,REH,2023-08-07 09:30:00,17742.25,1.0,1.0,,True,True,H79,1.0,False,,1.0,1.0,False,False,False,False
2023-08-08,2023,1,17759.75,17667.0,92.75,17713.375,120,23,27,True,True,17713.25,17713.5,17714.25,17697.75,17713.25,17713.5,high,1.0,0.0,1.0,True,REH,2023-08-08 09:30:00,17667.0,1.0,1.0,,True,True,L79,0.0,False,,1.0,1.0,False,False,False,False
2023-08-09,2023,2,17756.0,17711.5,44.5,17733.75,120,26,25,True,True,17744.0,17736.0,17744.75,17712.25,17730.0,17734.0,low,0.0,0.0,1.0,False,,,,,,dual_rel_range_samebar,True,True,L79,0.0,True,0.0,,,False,False,False,False
2023-08-10,2023,3,17705.75,17592.25,113.5,17649.0,120,0,0,False,False,,,,,,,,,,,False,,,,,,event,False,False,,,False,,,,True,False,False,False
2023-08-11,2023,4,17541.25,17432.0,109.25,17486.625,120,25,27,True,True,17472.5,17486.75,17473.25,17472.5,17472.5,17472.5,low,0.0,0.0,1.0,False,,,,,,dual_rel_range_samebar,True,True,L79,0.0,True,1.0,,,False,False,False,False
2023-08-14,2023,0,17505.25,17404.0,101.25,17454.625,120,25,26,True,True,17461.5,17441.5,17462.25,17461.5,17461.5,17461.5,low,1.0,1.0,1.0,True,REL,2023-08-14 09:30:00,17505.25,1.0,1.0,,True,True,L79,1.0,True,1.0,0.0,1.0,False,False,False,False
2023-08-15,2023,1,17553.25,17500.25,53.0,17526.75,120,24,22,True,True,17526.75,17533.0,17527.0,17509.75,17526.75,17526.75,low,1.0,1.0,1.0,False,,,,,,dual_rel_range_samebar,True,True,H79,1.0,False,,,,False,False,False,False
2023-08-16,2023,2,17467.0,17412.25,54.75,17439.625,120,21,22,True,True,17437.5,17441.0,17438.0,17426.5,17439.5,17439.5,low,1.0,1.0,1.0,True,REL,2023-08-16 09:30:00,17467.0,1.0,1.0,,True,True,L79,1.0,True,1.0,1.0,1.0,False,False,False,False
2023-08-17,2023,3,17366.5,17301.25,65.25,17333.875,120,27,23,True,True,17334.25,17334.0,17334.75,17302.0,17334.25,17334.25,high,1.0,0.0,1.0,True,REH,2023-08-17 09:30:00,17301.25,1.0,1.0,,True,True,L79,0.0,False,,1.0,1.0,False,False,False,False
2023-08-18,2023,4,17065.75,16978.25,87.5,17022.0,120,25,27,True,True,17019.25,17022.5,17019.75,16979.0,17019.25,17019.25,high,1.0,1.0,1.0,False,,,,,,dual_rel_range_samebar,True,True,L79,1.0,True,1.0,,,False,False,False,False
2023-08-21,2023,0,17206.75,17162.0,44.75,17184.375,120,24,25,True,True,17183.5,17184.25,17184.5,17171.25,17183.5,17184.5,high,1.0,1.0,1.0,False,,,,,,dual_rel_range_samebar,True,True,L79,1.0,True,1.0,,,False,False,False,False
2023-08-22,2023,1,17466.5,17402.75,63.75,17434.625,120,20,26,True,True,17438.5,17436.0,17439.0,17429.5,17436.25,17434.25,low,0.0,0.0,1.0,False,,,,,,dual_rel_reh,True,True,L79,0.0,False,,,,False,False,False,False
2023-08-23,2023,2,17370.5,17305.5,65.0,17338.0,120,25,26,True,True,17335.25,17337.25,17336.0,17306.5,17335.25,17339.75,low,1.0,1.0,0.0,True,REH,2023-08-23 09:30:00,17305.5,0.0,0.0,,True,True,H79,0.0,False,,0.0,0.0,False,False,False,False
2023-08-24,2023,3,17743.5,17671.0,72.5,17707.25,120,25,22,True,True,17710.5,17704.75,17710.75,17671.25,17709.0,17709.0,high,1.0,0.0,1.0,True,REL,2023-08-24 09:30:00,17743.5,0.0,0.0,,True,True,L79,0.0,True,0.0,0.0,0.0,False,False,False,False
2023-08-25,2023,4,17266.5,17204.75,61.75,17235.625,120,28,26,True,True,17239.0,17233.5,17239.25,17205.5,17239.0,17239.0,high,1.0,1.0,1.0,False,,,,,,dual_rel_reh,True,True,H79,1.0,False,,,,False,False,False,False
2023-08-28,2023,0,17437.75,17357.25,80.5,17397.5,120,23,25,True,True,17403.75,17395.5,17404.25,17365.0,17403.75,17403.75,high,1.0,1.0,1.0,False,,,,,,dual_rel_range_samebar,True,True,H79,1.0,False,,,,False,False,False,False
2023-08-29,2023,1,17443.25,17398.0,45.25,17420.625,120,27,26,True,True,17420.5,17423.5,17421.0,17404.25,17420.75,17420.75,low,1.0,1.0,0.0,False,,,,,,dual_rel_reh,True,True,H79,0.0,False,,,,False,False,False,False
2023-08-30,2023,2,17800.0,17729.5,70.5,17764.75,120,25,23,True,True,17764.5,17756.5,17765.5,17729.75,17764.5,17764.5,low,1.0,1.0,1.0,False,,,,,,dual_rel_reh,True,True,H79,1.0,False,,,,False,False,False,False
2023-08-31,2023,3,17892.5,17820.5,72.0,17856.5,120,23,30,True,True,17850.75,17855.5,17850.75,17821.25,17862.0,17862.0,high,0.0,1.0,0.0,True,REL,2023-08-31 09:30:00,17892.5,1.0,1.0,,True,True,H79,0.0,True,1.0,1.0,1.0,False,False,False,False
2023-09-01,2023,4,18002.0,17904.5,97.5,17953.25,120,0,0,False,False,,,,,,,,,,,False,,,,,,event,False,False,,,False,,,,True,False,False,False
2023-09-04,2023,0,,,,,0,0,0,False,False,,,,,,,,,,,False,,,,,,holiday,False,False,,,False,,,,False,True,False,False
2023-09-05,2023,1,17847.5,17785.0,62.5,17816.25,120,20,20,True,True,17819.0,17823.25,17819.25,17792.75,17817.75,17816.25,low,1.0,1.0,0.0,True,REH,2023-09-05 09:30:00,17785.0,0.0,0.0,,True,True,H79,0.0,False,,0.0,0.0,False,False,False,False
2023-09-06,2023,2,17858.75,17822.5,36.25,17840.625,120,24,25,True,True,17839.5,17842.25,17840.5,17830.5,17839.5,17839.5,high,1.0,1.0,1.0,False,,,,,,dual_rel_reh,True,True,L79,1.0,False,,,,False,False,False,False
2023-09-07,2023,3,17660.75,17535.75,125.0,17598.25,120,25,21,True,True,17622.25,17615.5,17623.0,17545.0,17602.75,17602.75,low,0.0,0.0,1.0,True,REL,2023-09-07 09:30:00,17660.75,0.0,0.0,,True,True,L79,0.0,True,1.0,0.0,0.0,False,False,False,False
2023-09-08,2023,4,17639.25,17571.25,68.0,17605.25,120,23,24,True,True,17605.25,17602.0,17606.0,17579.75,17605.25,17605.25,high,0.0,1.0,0.0,True,REH,2023-09-08 09:30:00,17571.25,0.0,0.0,,True,True,H79,0.0,False,,0.0,0.0,False,False,False,False
2023-09-11,2023,0,17774.0,17730.5,43.5,17752.25,120,28,21,True,True,17751.5,17757.25,17752.5,17735.5,17751.5,17752.25,low,1.0,1.0,1.0,False,,,,,,dual_rel_range_samebar,True,True,H79,1.0,False,,,,False,False,False,False
2023-09-12,2023,1,17802.25,17764.0,38.25,17783.125,120,27,25,True,True,17780.0,17784.5,17780.5,17765.0,17782.0,17782.0,high,1.0,1.0,1.0,False,,,,,,dual_rel_range_samebar,True,True,L79,1.0,True,1.0,,,False,False,False,False
2023-09-13,2023,2,17676.0,17557.0,119.0,17616.5,120,0,0,False,False,,,,,,,,,,,False,,,,,,event,False,False,,,False,,,,True,False,False,False
2023-09-14,2023,3,17788.75,17719.75,69.0,17754.25,120,22,20,True,True,17754.25,17756.0,17755.25,17727.5,17754.25,17754.25,low,1.0,1.0,1.0,True,REH,2023-09-14 09:30:00,17719.75,1.0,1.0,,True,True,H79,1.0,False,,1.0,1.0,False,False,False,False
2023-09-15,2023,4,17823.75,17771.0,52.75,17797.375,120,21,25,True,True,17799.25,17805.25,17800.0,17775.0,17799.25,17797.5,high,1.0,0.0,1.0,False,,,,,,dual_rel_range_samebar,True,True,L79,0.0,True,0.0,,,False,False,False,False
2023-09-18,2023,0,17566.25,17481.5,84.75,17523.875,120,19,20,True,True,17538.5,17517.5,17539.5,17485.5,17536.25,17536.25,low,1.0,1.0,0.0,True,REL,2023-09-18 09:30:00,17566.25,1.0,1.0,,True,True,H79,0.0,True,1.0,1.0,1.0,False,False,False,False
2023-09-19,2023,1,17593.25,17533.25,60.0,17563.25,120,27,21,True,True,17569.5,17563.25,17569.75,17536.75,17567.5,17562.25,high,1.0,0.0,1.0,False,,,,,,dual_rel_range_samebar,True,True,L79,0.0,True,0.0,,,False,False,False,False
2023-09-20,2023,2,17581.5,17543.5,38.0,17562.5,120,0,0,False,False,,,,,,,,,,,False,,,,,,event,False,False,,,False,,,,True,False,False,False
2023-09-21,2023,3,17187.75,17093.25,94.5,17140.5,120,30,23,True,True,17140.5,17141.0,17140.75,17098.75,17140.5,17140.5,low,0.0,0.0,1.0,False,,,,,,dual_rel_reh,True,True,L79,0.0,False,,,,False,False,False,False
2023-09-22,2023,4,17123.5,17063.5,60.0,17093.5,120,19,27,True,True,17102.0,17094.25,17102.25,17064.25,17088.5,17088.5,low,1.0,1.0,1.0,True,REL,2023-09-22 09:30:00,17123.5,1.0,1.0,,True,True,L79,1.0,True,1.0,0.0,1.0,False,False,False,False
2023-09-25,2023,0,17021.75,16950.0,71.75,16985.875,120,25,27,True,True,16985.5,16985.5,16986.5,16964.75,16985.5,16985.5,high,1.0,1.0,1.0,True,REL,2023-09-25 09:30:00,17021.75,1.0,1.0,,True,True,L79,1.0,True,1.0,1.0,1.0,False,False,False,False
2023-09-26,2023,1,17044.0,16989.25,54.75,17016.625,120,24,23,True,True,17015.0,17020.25,17015.25,16992.5,17016.75,17016.75,low,0.0,0.0,1.0,False,,,,,,dual_rel_range_samebar,True,True,L79,0.0,True,0.0,,,False,False,False,False
2023-09-27,2023,2,16929.25,16884.75,44.5,16907.0,120,23,22,True,True,16906.75,16909.0,16907.0,16904.25,16906.75,16907.25,high,1.0,1.0,1.0,True,REL,2023-09-27 09:30:00,16929.25,1.0,1.0,,True,True,H79,1.0,True,1.0,1.0,1.0,False,False,False,False
2023-09-28,2023,3,16928.25,16828.75,99.5,16878.5,120,28,23,True,True,16879.25,16877.75,16879.25,16833.25,16878.5,16878.5,low,1.0,1.0,1.0,True,REL,2023-09-28 09:30:00,16928.25,1.0,1.0,,True,True,L79,1.0,True,1.0,0.0,1.0,False,False,False,False
2023-09-29,2023,4,17160.75,17071.25,89.5,17116.0,120,24,23,True,True,17108.75,17116.25,17108.75,17083.0,17110.0,17110.0,low,1.0,1.0,1.0,True,REH,2023-09-29 09:30:00,17071.25,1.0,1.0,,True,True,H79,1.0,False,,0.0,0.0,False,False,False,False
2023-10-02,2023,0,17058.5,16995.75,62.75,17027.125,120,19,21,True,True,17035.75,17027.25,17036.0,17006.25,17018.75,17018.75,high,0.0,1.0,0.0,False,,,,,,dual_rel_reh,True,True,H79,0.0,False,,,,False,False,False,False
2023-10-03,2023,1,17120.0,16998.25,121.75,17059.125,120,25,23,True,True,17057.0,17047.25,17058.0,17031.75,17057.0,17057.0,high,1.0,1.0,1.0,True,REL,2023-10-03 09:30:00,17120.0,1.0,1.0,,True,True,H79,1.0,True,1.0,1.0,1.0,False,False,False,False
2023-10-04,2023,2,16950.75,16844.0,106.75,16897.375,120,24,28,True,True,16896.0,16899.25,16896.0,16871.25,16896.0,16896.0,high,0.0,1.0,0.0,True,REH,2023-10-04 09:30:00,16844.0,0.0,0.0,,True,True,H79,0.0,False,,0.0,0.0,False,False,False,False
2023-10-05,2023,3,17109.75,17010.0,99.75,17059.875,120,24,23,True,True,17063.5,17059.25,17064.0,17013.25,17063.5,17063.5,high,1.0,0.0,1.0,False,,,,,,dual_rel_reh,True,True,L79,0.0,False,,,,False,False,False,False
2023-10-06,2023,4,17067.0,16811.0,256.0,16939.0,120,0,0,False,False,,,,,,,,,,,False,,,,,,event,False,False,,,False,,,,True,False,False,False
2023-10-09,2023,0,17170.75,17122.75,48.0,17146.75,120,21,22,True,True,17148.25,17146.75,17148.5,17123.25,17148.25,17148.25,high,1.0,1.0,1.0,True,REH,2023-10-09 09:30:00,17122.75,1.0,1.0,,True,True,L79,1.0,False,,1.0,1.0,False,False,False,False
2023-10-10,2023,1,17373.75,17322.75,51.0,17348.25,120,26,28,True,True,17343.75,17348.5,17344.0,17330.25,17345.5,17349.75,low,1.0,1.0,0.0,False,,,,,,dual_rel_reh,True,True,H79,0.0,False,,,,False,False,False,False
2023-10-11,2023,2,17496.75,17435.25,61.5,17466.0,120,21,25,True,True,17464.75,17482.25,17465.25,17464.75,17464.75,17464.75,high,0.0,1.0,0.0,False,,,,,,dual_rel_range_samebar,True,True,H79,0.0,False,,,,False,False,False,False
2023-10-12,2023,3,17597.0,17512.5,84.5,17554.75,120,0,0,False,False,,,,,,,,,,,False,,,,,,event,False,False,,,False,,,,True,False,False,False
2023-10-13,2023,4,17484.0,17394.0,90.0,17439.0,120,23,25,True,True,17452.0,17440.25,17452.25,17399.5,17452.0,17448.25,high,1.0,1.0,1.0,False,,,,,,dual_rel_range_samebar,True,True,H79,1.0,False,,,,False,False,False,False
2023-10-16,2023,0,17331.0,17262.75,68.25,17296.875,120,26,23,True,True,17296.75,17297.75,17297.75,17263.25,17296.75,17296.75,low,1.0,1.0,0.0,True,REH,2023-10-16 09:30:00,17262.75,0.0,0.0,,True,True,H79,0.0,False,,0.0,0.0,False,False,False,False
2023-10-17,2023,1,17404.5,17319.5,85.0,17362.0,120,26,26,True,True,17370.75,17358.0,17371.75,17343.75,17368.5,17368.5,low,1.0,1.0,1.0,False,,,,,,dual_rel_range_samebar,True,True,L79,1.0,True,1.0,,,False,False,False,False
2023-10-18,2023,2,17325.0,17277.0,48.0,17301.0,120,24,26,True,True,17302.5,17294.25,17302.75,17294.5,17300.25,17301.25,low,1.0,1.0,1.0,False,,,,,,dual_rel_range_samebar,True,True,L79,1.0,True,1.0,,,False,False,False,False
2023-10-19,2023,3,17241.0,17173.0,68.0,17207.0,120,22,19,True,True,17203.5,17206.25,17203.5,17173.75,17203.5,17203.5,high,1.0,1.0,1.0,True,REH,2023-10-19 09:30:00,17173.0,1.0,1.0,,True,True,H79,1.0,False,,1.0,1.0,False,False,False,False
2023-10-20,2023,4,17021.5,16955.5,66.0,16988.5,120,22,25,True,True,16989.0,16984.75,16989.5,16956.25,16989.0,16989.0,high,1.0,1.0,1.0,False,,,,,,dual_rel_range_samebar,True,True,H79,1.0,False,,,,False,False,False,False
2023-10-23,2023,0,16779.25,16715.25,64.0,16747.25,120,23,30,True,True,16751.75,16748.0,16752.25,16722.5,16746.75,16746.75,low,1.0,1.0,1.0,False,,,,,,dual_rel_reh,True,True,H79,1.0,False,,,,False,False,False,False
2023-10-24,2023,1,16969.25,16932.25,37.0,16950.75,120,24,28,True,True,16951.25,16951.0,16951.75,16932.25,16951.25,16951.25,high,1.0,1.0,1.0,False,,,,,,dual_rel_range_samebar,True,True,L79,1.0,True,1.0,,,False,False,False,False
2023-10-25,2023,2,16941.25,16899.0,42.25,16920.125,120,23,21,True,True,16920.25,16928.5,16921.0,16910.75,16920.25,16920.25,low,0.0,0.0,1.0,False,,,,,,dual_rel_range_samebar,True,True,L79,0.0,True,0.0,,,False,False,False,False
2023-10-26,2023,3,16564.75,16453.5,111.25,16509.125,120,22,22,True,True,16495.5,16509.75,16495.5,16464.75,16495.5,16495.5,low,1.0,1.0,1.0,False,,,,,,dual_rel_range_samebar,True,True,H79,1.0,False,,,,False,False,False,False
2023-10-27,2023,4,16485.5,16421.0,64.5,16453.25,120,24,26,True,True,16446.75,16453.25,16447.0,16427.75,16457.75,16457.75,low,1.0,1.0,0.0,True,REH,2023-10-27 09:30:00,16421.0,0.0,0.0,,True,True,H79,0.0,False,,0.0,0.0,False,False,False,False
2023-10-30,2023,0,16542.5,16496.0,46.5,16519.25,120,25,25,True,True,16519.5,16518.75,16519.5,16496.75,16519.25,16519.25,low,1.0,1.0,1.0,False,,,,,,dual_rel_reh,True,True,L79,1.0,False,,,,False,False,False,False
2023-10-31,2023,1,16605.0,16553.75,51.25,16579.375,120,23,23,True,True,16581.0,16581.75,16581.25,16572.5,16579.5,16579.5,high,1.0,0.0,1.0,True,REL,2023-10-31 09:30:00,16605.0,0.0,0.0,,True,True,L79,0.0,True,1.0,0.0,0.0,False,False,False,False
2023-11-01,2023,2,16666.0,16561.75,104.25,16613.875,120,0,0,False,False,,,,,,,,,,,False,,,,,,event,False,False,,,False,,,,True,False,False,False
2023-11-02,2023,3,17104.5,17007.25,97.25,17055.875,120,26,25,True,True,17055.0,17062.25,17055.75,17007.75,17055.0,17055.0,high,0.0,1.0,0.0,True,REH,2023-11-02 09:30:00,17007.25,0.0,0.0,,True,True,H79,0.0,False,,0.0,0.0,False,False,False,False
2023-11-03,2023,4,17216.5,17082.5,134.0,17149.5,120,0,0,False,False,,,,,,,,,,,False,,,,,,event,False,False,,,False,,,,True,False,False,False
2023-11-06,2023,0,17368.0,17340.0,28.0,17354.0,120,26,23,True,True,17355.0,17353.0,17355.25,17340.25,17354.0,17354.0,high,1.0,1.0,1.0,False,,,,,,dual_rel_reh,True,True,H79,1.0,False,,,,False,False,False,False
2023-11-07,2023,1,17404.0,17341.5,62.5,17372.75,120,20,21,True,True,17371.0,17372.5,17371.5,17349.75,17371.0,17373.75,low,1.0,1.0,0.0,False,,,,,,dual_rel_range_samebar,True,True,H79,0.0,False,,,,False,False,False,False
2023-11-08,2023,2,17539.75,17507.75,32.0,17523.75,120,28,23,True,True,17523.75,17523.75,17524.0,17508.5,17523.75,17523.75,high,1.0,1.0,1.0,False,,,,,,dual_rel_range_samebar,True,True,H79,1.0,False,,,,False,False,False,False
2023-11-09,2023,3,17553.75,17514.0,39.75,17533.875,120,21,29,True,True,17534.25,17533.25,17534.75,17520.75,17534.25,17534.0,high,1.0,1.0,1.0,False,,,,,,dual_rel_range_samebar,True,True,H79,1.0,False,,,,False,False,False,False
2023-11-10,2023,4,17471.75,17372.5,99.25,17422.125,120,22,20,True,True,17427.25,17422.0,17427.5,17373.25,17427.25,17427.25,low,1.0,1.0,0.0,False,,,,,,dual_rel_range_samebar,True,True,H79,0.0,False,,,,False,False,False,False
2023-11-13,2023,0,17725.25,17678.0,47.25,17701.625,120,27,21,True,True,17702.5,17706.75,17702.5,17679.5,17702.5,17702.5,high,1.0,1.0,1.0,True,REL,2023-11-13 09:30:00,17725.25,1.0,1.0,,True,True,L79,1.0,True,1.0,0.0,0.0,False,False,False,False
2023-11-14,2023,1,17990.75,17703.0,287.75,17846.875,120,0,0,False,False,,,,,,,,,,,False,,,,,,event,False,False,,,False,,,,True,False,False,False
2023-11-15,2023,2,18200.5,18088.25,112.25,18144.375,120,27,22,True,True,18144.5,18144.25,18144.75,18107.5,18144.5,18144.5,low,0.0,0.0,1.0,True,REL,2023-11-15 09:30:00,18200.5,0.0,0.0,,True,True,L79,0.0,True,0.0,0.0,0.0,False,False,False,False
2023-11-16,2023,3,18034.25,17973.0,61.25,18003.625,120,23,20,True,True,17994.5,17999.25,17995.5,17979.25,18008.5,18003.25,high,1.0,1.0,1.0,True,REH,2023-11-16 09:30:00,17973.0,1.0,1.0,,True,True,H79,1.0,False,,0.0,1.0,False,False,False,False
2023-11-17,2023,4,18070.75,18034.25,36.5,18052.5,120,20,22,True,True,18052.25,18052.5,18053.25,18035.25,18052.25,18052.75,low,0.0,0.0,1.0,False,,,,,,dual_rel_range_samebar,True,True,L79,0.0,True,0.0,,,False,False,False,False
2023-11-20,2023,0,18075.25,18038.25,37.0,18056.75,120,24,22,True,True,18061.25,18056.25,18062.25,18038.5,18056.0,18057.5,high,0.0,1.0,0.0,True,REL,2023-11-20 09:30:00,18075.25,1.0,1.0,,True,True,H79,0.0,True,1.0,1.0,1.0,False,False,False,False
2023-11-21,2023,1,18225.75,18155.0,70.75,18190.375,120,21,25,True,True,18189.75,18190.25,18190.0,18158.75,18189.75,18189.75,high,1.0,0.0,1.0,True,REL,2023-11-21 09:30:00,18225.75,0.0,0.0,,True,True,L79,0.0,True,0.0,0.0,0.0,False,False,False,False
2023-11-22,2023,2,18221.0,18177.0,44.0,18199.0,120,27,26,True,True,18199.0,18203.5,18199.5,18177.75,18199.0,18199.0,low,1.0,1.0,1.0,False,,,,,,dual_rel_range_samebar,True,True,H79,1.0,False,,,,False,False,False,False
2023-11-23,2023,3,,,,,0,0,0,False,False,,,,,,,,,,,False,,,,,,holiday,False,False,,,False,,,,False,True,False,False
2023-11-24,2023,4,,,,,0,0,0,False,False,,,,,,,,,,,False,,,,,,early_close,False,False,,,False,,,,False,False,True,False
2023-11-27,2023,0,18172.75,18147.5,25.25,18160.125,120,16,21,True,True,18157.0,18160.0,18157.0,18148.75,18162.5,18160.25,high,1.0,1.0,1.0,False,,,,,,dual_rel_range_samebar,True,True,L79,1.0,True,1.0,,,False,False,False,False
2023-11-28,2023,1,18150.0,18096.25,53.75,18123.125,120,20,18,True,True,18125.25,18131.25,18125.5,18120.0,18123.0,18123.25,high,0.0,1.0,0.0,True,REL,2023-11-28 09:30:00,18150.0,1.0,1.0,,True,True,H79,0.0,True,1.0,1.0,1.0,False,False,False,False
2023-11-29,2023,2,18324.25,18274.25,50.0,18299.25,120,28,21,True,True,18299.0,18299.25,18299.25,18274.5,18299.0,18299.0,high,1.0,1.0,1.0,False,,,,,,dual_rel_reh,True,True,H79,1.0,False,,,,False,False,False,False
2023-11-30,2023,3,18249.5,18200.0,49.5,18224.75,120,20,22,True,True,18224.25,18225.0,18224.25,18213.75,18224.25,18224.25,high,1.0,0.0,1.0,False,,,,,,dual_rel_range_samebar,True,True,L79,0.0,True,0.0,,,False,False,False,False
2023-12-01,2023,4,18116.25,18070.25,46.0,18093.25,120,26,20,True,True,18093.5,18093.0,18093.75,18071.0,18093.0,18093.0,high,1.0,1.0,1.0,True,REL,2023-12-01 09:30:00,18116.25,1.0,1.0,,True,True,L79,1.0,True,1.0,0.0,0.0,False,False,False,False
2023-12-04,2023,0,18119.0,18055.25,63.75,18087.125,120,21,24,True,True,18089.0,18091.25,18089.0,18059.0,18089.0,18086.5,high,1.0,0.0,1.0,False,,,,,,dual_rel_range_samebar,True,True,L79,0.0,True,0.0,,,False,False,False,False
2023-12-05,2023,1,17968.25,17915.0,53.25,17941.625,120,22,25,True,True,17938.75,17942.25,17939.25,17915.0,17938.75,17938.75,high,0.0,1.0,0.0,False,,,,,,dual_rel_reh,True,True,H79,0.0,False,,,,False,False,False,False
2023-12-06,2023,2,18168.25,18072.75,95.5,18120.5,120,21,20,True,True,18089.5,18105.0,18089.75,18073.5,18145.75,18141.25,high,1.0,1.0,1.0,False,,,,,,dual_rel_range_samebar,True,True,H79,1.0,False,,,,False,False,False,False
2023-12-07,2023,3,18067.25,17989.5,77.75,18028.375,120,22,27,True,True,18018.25,18023.5,18018.75,17992.25,18018.25,18018.25,high,0.0,1.0,0.0,False,,,,,,dual_rel_range_samebar,True,True,H79,0.0,False,,,,False,False,False,False
2023-12-08,2023,4,18153.5,18039.25,114.25,18096.375,120,0,0,False,False,,,,,,,,,,,False,,,,,,event,False,False,,,False,,,,True,False,False,False
2023-12-11,2023,0,18237.75,18210.75,27.0,18224.25,120,18,25,True,True,18224.25,18227.75,18224.75,18211.25,18224.25,18224.25,low,1.0,1.0,0.0,True,REH,2023-12-11 09:30:00,18210.75,0.0,0.0,,True,True,H79,0.0,False,,0.0,0.0,False,False,False,False
2023-12-12,2023,1,18489.25,18383.5,105.75,18436.375,120,0,0,False,False,,,,,,,,,,,False,,,,,,event,False,False,,,False,,,,True,False,False,False
2023-12-13,2023,2,18572.75,18544.25,28.5,18558.5,120,0,0,False,False,,,,,,,,,,,False,,,,,,event,False,False,,,False,,,,True,False,False,False
2023-12-14,2023,3,18796.25,18748.25,48.0,18772.25,120,27,28,True,True,18767.0,18772.25,18767.5,18761.25,18777.0,18777.0,high,1.0,1.0,1.0,True,REL,2023-12-14 09:30:00,18796.25,1.0,1.0,,True,True,H79,1.0,True,1.0,1.0,1.0,False,False,False,False
2023-12-15,2023,4,18754.0,18698.0,56.0,18726.0,120,25,22,True,True,18732.25,18720.5,18732.5,18732.25,18730.5,18730.5,high,0.0,1.0,0.0,False,,,,,,dual_rel_reh,True,True,H79,0.0,False,,,,False,False,False,False
2023-12-18,2023,0,18795.5,18759.5,36.0,18777.5,120,22,17,True,True,18777.25,18777.5,18778.0,18760.0,18777.75,18777.25,low,1.0,1.0,0.0,True,REH,2023-12-18 09:30:00,18759.5,0.0,0.0,,True,True,H79,0.0,False,,0.0,0.0,False,False,False,False
2023-12-19,2023,1,18930.5,18890.75,39.75,18910.625,120,21,23,True,True,18907.75,18910.5,18907.75,18891.0,18909.25,18909.25,high,1.0,1.0,1.0,False,,,,,,dual_rel_range_samebar,True,True,L79,1.0,True,1.0,,,False,False,False,False
2023-12-20,2023,2,18928.5,18908.5,20.0,18918.5,120,21,26,True,True,18918.75,18918.5,18919.0,18911.75,18918.5,18918.5,high,0.0,1.0,0.0,True,REH,2023-12-20 09:30:00,18908.5,0.0,0.0,,True,True,H79,0.0,False,,0.0,0.0,False,False,False,False
2023-12-21,2023,3,18911.5,18801.5,110.0,18856.5,120,19,26,True,True,18825.0,18831.25,18825.75,18808.25,18868.5,18868.5,low,0.0,0.0,1.0,True,REH,2023-12-21 09:30:00,18801.5,1.0,1.0,,True,True,L79,0.0,False,,0.0,1.0,False,False,False,False
2023-12-22,2023,4,18948.0,18871.75,76.25,18909.875,120,26,26,True,True,18898.5,18901.25,18899.0,18883.25,18898.5,18898.5,low,1.0,1.0,0.0,True,REH,2023-12-22 09:30:00,18871.75,0.0,0.0,,True,True,H79,0.0,False,,0.0,0.0,False,False,False,False
2023-12-26,2023,1,18957.75,18926.0,31.75,18941.875,120,23,24,True,True,18941.75,18940.5,18942.25,18938.0,18941.75,18942.0,low,1.0,1.0,0.0,True,REH,2023-12-26 09:30:00,18926.0,0.0,0.0,,True,True,H79,0.0,False,,0.0,0.0,False,False,False,False
2023-12-27,2023,2,19047.5,19016.0,31.5,19031.75,120,23,14,True,True,19036.25,19027.5,19036.25,19019.0,19035.0,19035.0,high,1.0,1.0,1.0,False,,,,,,dual_rel_reh,True,True,H79,1.0,False,,,,False,False,False,False
2023-12-28,2023,3,19106.5,19087.75,18.75,19097.125,120,25,23,True,True,19097.0,19097.25,19097.5,19088.5,19097.25,19097.25,high,1.0,0.0,1.0,False,,,,,,dual_rel_range_samebar,True,True,L79,0.0,True,1.0,,,False,False,False,False
2023-12-29,2023,4,19058.75,19007.25,51.5,19033.0,120,29,22,True,True,19033.25,19032.0,19034.0,19017.25,19033.25,19033.25,low,0.0,0.0,1.0,True,REL,2023-12-29 09:30:00,19058.75,0.0,0.0,,True,True,L79,0.0,True,1.0,0.0,0.0,False,False,False,False
2024-01-02,2024,1,18819.25,18758.25,61.0,18788.75,120,28,19,True,True,18792.25,18789.5,18792.25,18758.25,18790.5,18790.5,high,1.0,0.0,1.0,True,REH,2024-01-02 09:30:00,18758.25,1.0,1.0,,True,True,L79,0.0,False,,1.0,1.0,False,False,False,False
2024-01-03,2024,2,18590.75,18539.25,51.5,18565.0,120,21,19,True,True,18570.0,18557.0,18570.25,18544.0,18564.75,18564.75,high,1.0,1.0,1.0,True,REL,2024-01-03 09:30:00,18590.75,1.0,1.0,,True,True,L79,1.0,True,1.0,0.0,1.0,False,False,False,False
2024-01-04,2024,3,18477.0,18392.5,84.5,18434.75,120,22,24,True,True,18437.5,18424.5,18438.5,18395.75,18437.5,18435.0,high,1.0,1.0,1.0,False,,,,,,dual_rel_range_samebar,True,True,L79,1.0,True,1.0,,,False,False,False,False
2024-01-05,2024,4,18368.0,18275.5,92.5,18321.75,120,0,0,False,False,,,,,,,,,,,False,,,,,,event,False,False,,,False,,,,True,False,False,False
2024-01-08,2024,0,18439.0,18393.5,45.5,18416.25,120,23,25,True,True,18412.0,18416.25,18412.5,18394.0,18414.5,18416.5,high,0.0,1.0,0.0,False,,,,,,dual_rel_range_samebar,True,True,H79,0.0,False,,,,False,False,False,False
2024-01-09,2024,1,18666.75,18599.0,67.75,18632.875,120,25,23,True,True,18642.5,18645.75,18642.5,18599.5,18631.5,18631.5,high,0.0,1.0,0.0,True,REL,2024-01-09 09:30:00,18666.75,1.0,1.0,,True,True,H79,0.0,True,1.0,0.0,1.0,False,False,False,False
2024-01-10,2024,2,18807.25,18756.0,51.25,18781.625,120,22,21,True,True,18781.75,18784.5,18781.75,18765.25,18781.75,18781.75,high,1.0,1.0,1.0,True,REL,2024-01-10 09:30:00,18807.25,1.0,1.0,,True,True,H79,1.0,True,1.0,1.0,1.0,False,False,False,False
2024-01-11,2024,3,18998.25,18833.5,164.75,18915.875,120,0,0,False,False,,,,,,,,,,,False,,,,,,event,False,False,,,False,,,,True,False,False,False
2024-01-12,2024,4,18920.5,18828.5,92.0,18874.5,120,23,22,True,True,18890.25,18864.0,18890.75,18837.0,18888.25,18884.0,high,0.0,1.0,0.0,False,,,,,,dual_rel_range_samebar,True,True,H79,0.0,False,,,,False,False,False,False
2024-01-15,2024,0,,,,,0,0,0,False,False,,,,,,,,,,,False,,,,,,holiday,False,False,,,False,,,,False,True,False,False
2024-01-16,2024,1,18871.5,18813.5,58.0,18842.5,120,22,21,True,True,18843.0,18840.75,18843.75,18813.75,18842.75,18842.75,low,1.0,1.0,1.0,True,REH,2024-01-16 09:30:00,18813.5,1.0,1.0,,True,True,H79,1.0,False,,1.0,1.0,False,False,False,False
2024-01-17,2024,2,18849.25,18746.5,102.75,18797.875,120,26,26,True,True,18814.5,18806.0,18814.5,18747.25,18789.25,18789.25,high,1.0,0.0,1.0,True,REL,2024-01-17 09:30:00,18849.25,0.0,0.0,,True,True,L79,0.0,True,0.0,0.0,0.0,False,False,False,False
2024-01-18,2024,3,18986.0,18917.5,68.5,18951.75,120,25,24,True,True,18953.0,18950.75,18953.25,18931.0,18951.75,18951.75,high,0.0,1.0,0.0,True,REL,2024-01-18 09:30:00,18986.0,1.0,1.0,,True,True,H79,0.0,True,1.0,1.0,1.0,False,False,False,False
2024-01-19,2024,4,19196.5,19151.5,45.0,19174.0,120,24,23,True,True,19173.75,19176.75,19174.0,19158.75,19173.75,19173.75,high,1.0,1.0,1.0,False,,,,,,dual_rel_range_samebar,True,True,L79,1.0,True,1.0,,,False,False,False,False
2024-01-22,2024,0,19523.75,19458.75,65.0,19491.25,120,22,20,True,True,19492.5,19497.25,19492.5,19465.75,19492.5,19492.5,low,1.0,1.0,1.0,True,REL,2024-01-22 09:30:00,19523.75,1.0,1.0,,True,True,H79,1.0,True,1.0,1.0,1.0,False,False,False,False
2024-01-23,2024,1,19466.75,19407.5,59.25,19437.125,120,19,21,True,True,19440.75,19431.75,19441.25,19408.25,19438.25,19438.25,high,1.0,0.0,1.0,False,,,,,,dual_rel_reh,True,True,L79,0.0,False,,,,False,False,False,False
2024-01-24,2024,2,19633.5,19582.5,51.0,19608.0,120,22,23,True,True,19610.25,19608.75,19610.25,19583.25,19610.25,19608.25,low,1.0,1.0,1.0,False,,,,,,dual_rel_range_samebar,True,True,H79,1.0,False,,,,False,False,False,False
2024-01-25,2024,3,19656.75,19555.0,101.75,19605.875,120,19,25,True,True,19588.75,19605.0,19588.75,19577.25,19590.5,19590.5,low,1.0,1.0,0.0,False,,,,,,dual_rel_range_samebar,True,True,H79,0.0,False,,,,False,False,False,False
2024-01-26,2024,4,19552.75,19479.75,73.0,19516.25,120,25,19,True,True,19515.0,19520.5,19515.0,19480.75,19515.0,19516.25,low,1.0,1.0,1.0,True,REL,2024-01-26 09:30:00,19552.75,1.0,1.0,,True,True,L79,1.0,True,1.0,0.0,1.0,False,False,False,False
2024-01-29,2024,0,19520.0,19479.25,40.75,19499.625,120,21,21,True,True,19499.75,19499.0,19500.25,19482.25,19499.75,19499.75,high,1.0,1.0,1.0,True,REL,2024-01-29 09:30:00,19520.0,1.0,1.0,,True,True,L79,1.0,True,1.0,1.0,1.0,False,False,False,False
2024-01-30,2024,1,19644.0,19594.25,49.75,19619.125,120,20,24,True,True,19619.75,19616.5,19620.75,19594.5,19619.75,19619.75,low,0.0,0.0,1.0,True,REL,2024-01-30 09:30:00,19644.0,0.0,0.0,,True,True,L79,0.0,True,1.0,0.0,0.0,False,False,False,False
2024-01-31,2024,2,19395.5,19325.5,70.0,19360.5,120,0,0,False,False,,,,,,,,,,,False,,,,,,event,False,False,,,False,,,,True,False,False,False
2024-02-01,2024,3,19305.0,19243.5,61.5,19274.25,120,24,23,True,True,19276.0,19271.0,19276.5,19263.0,19274.5,19274.25,low,1.0,1.0,1.0,False,,,,,,dual_rel_range_samebar,True,True,L79,1.0,True,1.0,,,False,False,False,False
2024-02-02,2024,4,19584.5,19424.5,160.0,19504.5,120,0,0,False,False,,,,,,,,,,,False,,,,,,event,False,False,,,False,,,,True,False,False,False
2024-02-05,2024,0,19680.5,19631.75,48.75,19656.125,120,21,24,True,True,19657.25,19654.0,19657.25,19642.25,19657.25,19657.25,low,0.0,0.0,1.0,True,REH,2024-02-05 09:30:00,19631.75,1.0,1.0,,True,True,L79,0.0,False,,1.0,1.0,False,False,False,False
2024-02-06,2024,1,19686.0,19611.75,74.25,19648.875,120,23,24,True,True,19642.75,19641.75,19643.0,19615.25,19642.75,19642.75,low,1.0,1.0,1.0,True,REH,2024-02-06 09:30:00,19611.75,1.0,1.0,,True,True,H79,1.0,False,,1.0,1.0,False,False,False,False
2024-02-07,2024,2,19687.75,19594.0,93.75,19640.875,120,18,27,True,True,19645.5,19652.25,19646.0,19603.75,19645.5,19645.5,low,1.0,1.0,0.0,False,,,,,,dual_rel_range_samebar,True,True,H79,0.0,False,,,,False,False,False,False
2024-02-08,2024,3,19769.75,19733.5,36.25,19751.625,120,24,24,True,True,19751.5,19750.5,19751.5,19734.25,19751.5,19751.5,high,0.0,1.0,0.0,False,,,,,,dual_rel_range_samebar,True,True,H79,0.0,False,,,,False,False,False,False
2024-02-09,2024,4,19913.25,19843.75,69.5,19878.5,120,22,24,True,True,19875.5,19878.25,19875.5,19848.5,19875.5,19875.5,high,1.0,1.0,1.0,True,REL,2024-02-09 09:30:00,19913.25,1.0,1.0,,True,True,L79,1.0,True,1.0,0.0,1.0,False,False,False,False
2024-02-12,2024,0,19991.75,19967.75,24.0,19979.75,120,25,20,True,True,19979.75,19979.75,19980.25,19968.0,19979.75,19979.75,low,1.0,1.0,1.0,True,REL,2024-02-12 09:30:00,19991.75,1.0,1.0,,True,True,L79,1.0,True,1.0,1.0,1.0,False,False,False,False
2024-02-13,2024,1,19811.25,19579.5,231.75,19695.375,120,0,0,False,False,,,,,,,,,,,False,,,,,,event,False,False,,,False,,,,True,False,False,False
2024-02-14,2024,2,19753.0,19708.25,44.75,19730.625,120,23,22,True,True,19730.5,19730.25,19731.5,19713.0,19730.75,19730.75,high,1.0,1.0,1.0,False,,,,,,dual_rel_reh,True,True,H79,1.0,False,,,,False,False,False,False
2024-02-15,2024,3,19874.75,19823.5,51.25,19849.125,120,20,22,True,True,19849.75,19853.25,19849.75,19837.75,19849.75,19849.25,high,1.0,0.0,1.0,False,,,,,,dual_rel_range_samebar,True,True,L79,0.0,True,0.0,,,False,False,False,False
2024-02-16,2024,4,19959.25,19844.25,115.0,19901.75,120,17,23,True,True,19934.0,19878.25,19935.0,19861.0,19931.0,19931.0,high,1.0,0.0,1.0,True,REL,2024-02-16 09:30:00,19959.25,0.0,0.0,,True,True,L79,0.0,True,0.0,0.0,0.0,False,False,False,False
2024-02-19,2024,0,,,,,0,0,0,False,False,,,,,,,,,,,False,,,,,,holiday,False,False,,,False,,,,False,True,False,False
2024-02-20,2024,1,19640.75,19589.5,51.25,19615.125,120,22,26,True,True,19615.75,19615.0,19615.75,19602.25,19615.75,19615.25,high,1.0,1.0,1.0,True,REL,2024-02-20 09:30:00,19640.75,1.0,1.0,,True,True,H79,1.0,True,1.0,1.0,1.0,False,False,False,False
2024-02-21,2024,2,19479.75,19421.75,58.0,19450.75,120,25,21,True,True,19455.75,19451.75,19456.0,19422.75,19448.0,19452.5,high,1.0,0.0,1.0,True,REL,2024-02-21 09:30:00,19479.75,0.0,0.0,,True,True,L79,0.0,True,1.0,0.0,0.0,False,False,False,False
2024-02-22,2024,3,19853.0,19813.75,39.25,19833.375,120,25,25,True,True,19833.5,19833.5,19834.0,19824.25,19833.5,19833.5,low,1.0,1.0,1.0,False,,,,,,dual_rel_reh,True,True,H79,1.0,False,,,,False,False,False,False
2024-02-23,2024,4,20024.0,19962.75,61.25,19993.375,120,26,23,True,True,19996.0,19993.5,19996.0,19963.25,19996.0,19993.0,low,1.0,1.0,1.0,False,,,,,,dual_rel_range_samebar,True,True,H79,1.0,False,,,,False,False,False,False
2024-02-26,2024,0,19969.25,19913.0,56.25,19941.125,120,21,22,True,True,19952.75,19934.25,19952.75,19916.5,19930.5,19930.5,low,1.0,1.0,1.0,False,,,,,,dual_rel_reh,True,True,H79,1.0,False,,,,False,False,False,False
2024-02-27,2024,1,19981.5,19928.0,53.5,19954.75,120,22,20,True,True,19956.5,19960.0,19956.75,19928.75,19956.5,19953.5,low,0.0,0.0,1.0,True,REH,2024-02-27 09:30:00,19928.0,1.0,1.0,,True,True,L79,0.0,False,,1.0,1.0,False,False,False,False
2024-02-28,2024,2,19902.0,19860.0,42.0,19881.0,120,25,25,True,True,19880.75,19881.0,19881.5,19863.75,19880.75,19881.0,high,1.0,1.0,1.0,True,REL,2024-02-28 09:30:00,19902.0,1.0,1.0,,True,True,L79,1.0,True,1.0,0.0,0.0,False,False,False,False
2024-02-29,2024,3,19967.75,19799.0,168.75,19883.375,120,25,25,True,True,19817.5,19823.5,19817.75,19800.0,19817.5,19820.0,low,1.0,1.0,0.0,False,,,,,,dual_rel_range_samebar,True,True,H79,0.0,False,,,,False,False,False,False
2024-03-01,2024,4,20051.75,20011.75,40.0,20031.75,120,24,24,True,True,20029.5,20032.25,20029.5,20015.25,20030.75,20032.0,high,0.0,1.0,0.0,True,REH,2024-03-01 09:30:00,20011.75,0.0,0.0,,True,True,H79,0.0,False,,0.0,0.0,False,False,False,False
2024-03-04,2024,0,20294.0,20268.0,26.0,20281.0,120,21,23,True,True,20280.75,20281.0,20281.5,20268.5,20281.0,20281.0,high,1.0,0.0,1.0,False,,,,,,dual_rel_range_samebar,True,True,L79,0.0,True,0.0,,,False,False,False,False
2024-03-05,2024,1,20124.0,20073.0,51.0,20098.5,120,23,23,True,True,20098.5,20098.25,20099.0,20078.0,20098.5,20098.5,low,0.0,0.0,1.0,False,,,,,,dual_rel_range_samebar,True,True,L79,0.0,True,0.0,,,False,False,False,False
2024-03-06,2024,2,20038.0,19975.5,62.5,20006.75,120,28,27,True,True,20006.75,20007.75,20007.0,19976.5,20006.75,20006.75,high,1.0,1.0,1.0,False,,,,,,dual_rel_range_samebar,True,True,H79,1.0,False,,,,False,False,False,False
2024-03-07,2024,3,20103.0,20045.5,57.5,20074.25,120,28,25,True,True,20075.0,20071.75,20075.25,20046.0,20075.0,20075.0,high,0.0,1.0,0.0,False,,,,,,dual_rel_range_samebar,True,True,H79,0.0,False,,,,False,False,False,False
2024-03-08,2024,4,20312.5,20152.25,160.25,20232.375,120,0,0,False,False,,,,,,,,,,,False,,,,,,event,False,False,,,False,,,,True,False,False,False
2024-03-11,2024,0,19986.25,19864.75,121.5,19925.5,120,27,22,True,True,19918.5,19900.25,19919.25,19865.75,19918.5,19918.5,low,0.0,0.0,1.0,False,,,,,,dual_rel_reh,True,True,L79,0.0,False,,,,False,False,False,False
2024-03-12,2024,1,20074.75,19897.75,177.0,19986.25,120,0,0,False,False,,,,,,,,,,,False,,,,,,event,False,False,,,False,,,,True,False,False,False
2024-03-13,2024,2,20180.25,20105.75,74.5,20143.0,120,26,24,True,True,20144.0,20152.75,20144.75,20106.25,20144.0,20142.25,high,1.0,0.0,1.0,True,REL,2024-03-13 09:30:00,20180.25,0.0,0.0,,True,True,L79,0.0,True,0.0,0.0,0.0,False,False,False,False
2024-03-14,2024,3,20114.25,20045.0,69.25,20079.625,120,25,22,True,True,20083.25,20073.5,20084.25,20045.5,20083.25,20083.25,low,0.0,0.0,1.0,True,REL,2024-03-14 09:30:00,20114.25,0.0,0.0,,True,True,L79,0.0,True,1.0,0.0,0.0,False,False,False,False
2024-03-15,2024,4,20006.0,19926.25,79.75,19966.125,120,24,26,True,True,19958.5,19970.25,19958.75,19926.5,19966.25,19966.25,high,1.0,0.0,1.0,False,,,,,,dual_rel_range_samebar,True,True,L79,0.0,True,0.0,,,False,False,False,False
2024-03-18,2024,0,19983.0,19885.0,98.0,19934.0,120,22,25,True,True,19946.5,19951.75,19946.75,19946.5,19946.5,19944.25,high,0.0,1.0,0.0,True,REH,2024-03-18 09:30:00,19885.0,0.0,0.0,,True,True,H79,0.0,False,,0.0,0.0,False,False,False,False
2024-03-19,2024,1,19876.25,19771.5,104.75,19823.875,120,29,29,True,True,19819.5,19827.25,19820.25,19793.25,19819.5,19824.0,high,1.0,0.0,1.0,True,REH,2024-03-19 09:30:00,19771.5,1.0,1.0,,True,True,L79,0.0,False,,1.0,1.0,False,False,False,False
2024-03-20,2024,2,20025.0,19976.25,48.75,20000.625,120,0,0,False,False,,,,,,,,,,,False,,,,,,event,False,False,,,False,,,,True,False,False,False
2024-03-21,2024,3,20368.5,20297.25,71.25,20332.875,120,25,18,True,True,20333.5,20330.25,20333.5,20302.25,20333.5,20333.5,low,1.0,1.0,0.0,False,,,,,,dual_rel_range_samebar,True,True,H79,0.0,False,,,,False,False,False,False
2024-03-22,2024,4,20277.0,20185.75,91.25,20231.375,120,30,27,True,True,20217.5,20210.75,20217.75,20189.5,20217.5,20233.75,high,0.0,0.0,0.0,True,REH,2024-03-22 09:30:00,20185.75,0.0,0.0,,True,False,,,False,,0.0,0.0,False,False,False,False
2024-03-25,2024,0,20196.25,20150.25,46.0,20173.25,120,20,21,True,True,20164.5,20175.25,20165.0,20151.25,20172.5,20172.5,low,1.0,1.0,1.0,True,REL,2024-03-25 09:30:00,20196.25,1.0,1.0,,True,True,L79,1.0,True,1.0,0.0,1.0,False,False,False,False
2024-03-26,2024,1,20312.75,20250.75,62.0,20281.75,120,20,20,True,True,20291.5,20296.0,20291.75,20255.25,20291.5,20284.25,low,0.0,0.0,1.0,True,REL,2024-03-26 09:30:00,20312.75,0.0,0.0,,True,True,L79,0.0,True,1.0,0.0,0.0,False,False,False,False
2024-03-27,2024,2,20241.75,20205.0,36.75,20223.375,120,23,27,True,True,20220.5,20223.5,20220.5,20208.75,20220.5,20223.5,low,1.0,1.0,1.0,False,,,,,,dual_rel_range_samebar,True,True,H79,1.0,False,,,,False,False,False,False
2024-03-28,2024,3,20221.5,20167.75,53.75,20194.625,120,28,22,True,True,20191.75,20194.75,20191.75,20168.0,20191.75,20191.75,high,1.0,1.0,1.0,False,,,,,,dual_rel_reh,True,True,L79,1.0,False,,,,False,False,False,False
2024-04-01,2024,0,20274.5,20187.0,87.5,20230.75,120,27,23,True,True,20231.25,20234.25,20231.5,20190.0,20230.5,20231.0,low,1.0,1.0,1.0,True,REL,2024-04-01 09:30:00,20274.5,1.0,1.0,,True,True,L79,1.0,True,1.0,1.0,1.0,False,False,False,False
2024-04-02,2024,1,20137.0,20021.5,115.5,20079.25,120,27,22,True,True,20087.75,20095.5,20088.5,20021.75,20087.75,20084.25,high,1.0,0.0,1.0,False,,,,,,dual_rel_range_samebar,True,True,L79,0.0,True,0.0,,,False,False,False,False
2024-04-03,2024,2,20014.5,19942.75,71.75,19978.625,120,25,25,True,True,19979.25,19971.25,19980.0,19951.5,19978.75,19978.75,low,1.0,1.0,1.0,False,,,,,,dual_rel_range_samebar,True,True,L79,1.0,True,1.0,,,False,False,False,False
2024-04-04,2024,3,20235.5,20136.0,99.5,20185.75,120,25,20,True,True,20171.75,20185.75,20172.75,20139.0,20171.75,20175.25,low,1.0,1.0,0.0,False,,,,,,dual_rel_range_samebar,True,True,H79,0.0,False,,,,False,False,False,False
2024-04-05,2024,4,19884.0,19745.25,138.75,19814.625,120,0,0,False,False,,,,,,,,,,,False,,,,,,event,False,False,,,False,,,,True,False,False,False
2024-04-08,2024,0,20061.25,19975.75,85.5,20018.5,120,21,20,True,True,20012.75,20022.0,20013.0,19985.25,20012.75,20015.5,low,1.0,1.0,1.0,True,REH,2024-04-08 09:30:00,19975.75,1.0,1.0,,True,True,L79,1.0,False,,1.0,1.0,False,False,False,False
2024-04-09,2024,1,20065.25,19977.0,88.25,20021.125,120,23,19,True,True,20022.5,20021.5,20022.5,20011.0,20020.75,20020.75,high,1.0,1.0,1.0,False,,,,,,dual_rel_range_samebar,True,True,H79,1.0,False,,,,False,False,False,False
2024-04-10,2024,2,20168.0,19747.25,420.75,19957.625,120,0,0,False,False,,,,,,,,,,,False,,,,,,event,False,False,,,False,,,,True,False,False,False
2024-04-11,2024,3,19957.25,19781.75,175.5,19869.5,120,20,25,True,True,19832.75,19858.25,19833.25,19813.25,19903.5,19847.0,high,0.0,1.0,0.0,False,,,,,,dual_rel_range_samebar,True,True,H79,0.0,False,,,,False,False,False,False
2024-04-12,2024,4,20123.25,20006.0,117.25,20064.625,120,27,24,True,True,20069.75,20079.0,20069.75,20020.75,20069.75,20069.75,low,0.0,0.0,1.0,False,,,,,,dual_rel_range_samebar,True,True,L79,0.0,True,0.0,,,False,False,False,False
2024-04-15,2024,0,20041.5,19958.0,83.5,19999.75,120,24,30,True,True,20013.25,19999.25,20013.75,19964.25,20013.25,20009.75,high,1.0,0.0,1.0,True,REH,2024-04-15 09:30:00,19958.0,1.0,1.0,,True,True,L79,0.0,False,,1.0,1.0,False,False,False,False
2024-04-16,2024,1,19612.25,19545.5,66.75,19578.875,120,28,26,True,True,19581.75,19580.0,19581.75,19546.0,19581.75,19578.75,high,1.0,1.0,1.0,True,REL,2024-04-16 09:30:00,19612.25,1.0,1.0,,True,True,L79,1.0,True,1.0,0.0,1.0,False,False,False,False
2024-04-17,2024,2,19633.0,19586.75,46.25,19609.875,120,25,25,True,True,19609.5,19610.75,19609.5,19590.0,19609.5,19610.0,high,1.0,1.0,1.0,False,,,,,,dual_rel_range_samebar,True,True,H79,1.0,False,,,,False,False,False,False
2024-04-18,2024,3,19418.25,19357.25,61.0,19387.75,120,24,29,True,True,19387.25,19388.5,19388.25,19372.0,19387.5,19387.5,high,1.0,1.0,1.0,True,REL,2024-04-18 09:30:00,19418.25,1.0,1.0,,True,True,L79,1.0,True,1.0,0.0,1.0,False,False,False,False
2024-04-19,2024,4,19247.0,19124.25,122.75,19185.625,120,25,25,True,True,19179.0,19187.25,19180.0,19127.75,19179.0,19179.0,low,0.0,0.0,1.0,True,REH,2024-04-19 09:30:00,19124.25,1.0,1.0,,True,True,L79,0.0,False,,1.0,1.0,False,False,False,False
2024-04-22,2024,0,18997.5,18940.0,57.5,18968.75,120,21,23,True,True,18967.0,18974.25,18967.0,18945.75,18968.5,18968.5,low,1.0,1.0,1.0,True,REH,2024-04-22 09:30:00,18940.0,1.0,1.0,,True,True,H79,1.0,False,,0.0,1.0,False,False,False,False
2024-04-23,2024,1,19123.5,19053.75,69.75,19088.625,120,18,23,True,True,19088.75,19081.25,19089.75,19061.75,19088.75,19088.75,low,1.0,1.0,0.0,False,,,,,,dual_rel_range_samebar,True,True,H79,0.0,False,,,,False,False,False,False
2024-04-24,2024,2,19448.5,19386.25,62.25,19417.375,120,24,23,True,True,19417.75,19417.5,19418.0,19386.5,19417.75,19417.75,high,1.0,1.0,1.0,True,REH,2024-04-24 09:30:00,19386.25,1.0,1.0,,True,True,H79,1.0,False,,0.0,1.0,False,False,False,False
2024-04-25,2024,3,19209.25,19062.0,147.25,19135.625,120,24,26,True,True,19155.75,19164.5,19156.0,19091.5,19155.75,19153.0,low,0.0,0.0,1.0,False,,,,,,dual_rel_range_samebar,True,True,L79,0.0,True,0.0,,,False,False,False,False
2024-04-26,2024,4,19512.25,19387.0,125.25,19449.625,120,23,23,True,True,19447.25,19447.25,19448.0,19419.25,19447.25,19447.25,low,1.0,1.0,1.0,False,,,,,,dual_rel_range_samebar,True,True,L79,1.0,True,1.0,,,False,False,False,False
2024-04-29,2024,0,19622.75,19577.0,45.75,19599.875,120,25,21,True,True,19599.0,19605.5,19599.0,19578.0,19599.0,19599.5,low,1.0,1.0,1.0,True,REH,2024-04-29 09:30:00,19577.0,1.0,1.0,,True,True,H79,1.0,False,,1.0,1.0,False,False,False,False
2024-04-30,2024,1,19588.25,19484.25,104.0,19536.25,120,21,24,True,True,19563.5,19515.25,19564.0,19485.0,19563.5,19563.5,low,1.0,1.0,1.0,False,,,,,,dual_rel_reh,True,True,H79,1.0,False,,,,False,False,False,False
2024-05-01,2024,2,19209.5,19131.75,77.75,19170.625,120,0,0,False,False,,,,,,,,,,,False,,,,,,event,False,False,,,False,,,,True,False,False,False
2024-05-02,2024,3,19313.5,19252.0,61.5,19282.75,120,21,27,True,True,19283.0,19282.25,19283.75,19260.75,19283.0,19283.0,high,1.0,0.0,1.0,True,REL,2024-05-02 09:30:00,19313.5,0.0,0.0,,True,True,L79,0.0,True,1.0,0.0,0.0,False,False,False,False
2024-05-03,2024,4,19656.0,19434.0,222.0,19545.0,120,0,0,False,False,,,,,,,,,,,False,,,,,,event,False,False,,,False,,,,True,False,False,False
2024-05-06,2024,0,19766.5,19730.5,36.0,19748.5,120,27,20,True,True,19748.25,19742.75,19749.0,19731.0,19748.25,19748.25,low,1.0,1.0,0.0,False,,,,,,dual_rel_range_samebar,True,True,H79,0.0,False,,,,False,False,False,False
2024-05-07,2024,1,19884.0,19844.75,39.25,19864.375,120,25,20,True,True,19864.25,19864.5,19865.25,19849.0,19864.25,19864.25,high,0.0,1.0,0.0,False,,,,,,dual_rel_range_samebar,True,True,H79,0.0,False,,,,False,False,False,False
2024-05-08,2024,2,19883.75,19766.25,117.5,19825.0,120,27,25,True,True,19848.5,19843.75,19849.25,19767.0,19839.25,19839.25,high,0.0,1.0,0.0,True,REL,2024-05-08 09:30:00,19883.75,1.0,1.0,,True,True,H79,0.0,True,1.0,0.0,1.0,False,False,False,False
2024-05-09,2024,3,19894.25,19819.5,74.75,19856.875,120,17,21,True,True,19851.5,19857.0,19852.0,19823.5,19851.5,19851.5,high,1.0,1.0,1.0,True,REH,2024-05-09 09:30:00,19819.5,1.0,1.0,,True,True,H79,1.0,False,,1.0,1.0,False,False,False,False
2024-05-10,2024,4,19995.75,19944.25,51.5,19970.0,120,24,23,True,True,19972.25,19977.5,19972.75,19972.25,19972.25,19970.25,low,1.0,1.0,1.0,True,REL,2024-05-10 09:30:00,19995.75,1.0,1.0,,True,True,H79,1.0,True,1.0,1.0,1.0,False,False,False,False
2024-05-13,2024,0,20022.5,19990.75,31.75,20006.625,120,26,20,True,True,20007.75,20008.5,20007.75,19991.0,20006.5,20006.75,low,1.0,1.0,1.0,False,,,,,,dual_rel_range_samebar,True,True,H79,1.0,False,,,,False,False,False,False
2024-05-14,2024,1,19997.75,19859.25,138.5,19928.5,120,20,22,True,True,19940.25,19964.5,19940.75,19940.25,19940.25,19940.25,high,0.0,1.0,0.0,True,REH,2024-05-14 09:30:00,19859.25,0.0,0.0,,True,True,H79,0.0,False,,0.0,0.0,False,False,False,False
2024-05-15,2024,2,20241.5,20087.25,154.25,20164.375,120,0,0,False,False,,,,,,,,,,,False,,,,,,event,False,False,,,False,,,,True,False,False,False
2024-05-16,2024,3,20428.75,20380.25,48.5,20404.5,120,26,22,True,True,20404.75,20406.0,20405.25,20387.0,20404.5,20404.5,low,1.0,1.0,1.0,False,,,,,,dual_rel_range_samebar,True,True,L79,1.0,True,1.0,,,False,False,False,False
2024-05-17,2024,4,20380.5,20348.75,31.75,20364.625,120,19,16,True,True,20363.0,20364.75,20363.75,20349.5,20365.0,20365.0,high,1.0,0.0,1.0,False,,,,,,dual_rel_range_samebar,True,True,L79,0.0,True,1.0,,,False,False,False,False
2024-05-20,2024,0,20383.25,20337.0,46.25,20360.125,120,22,25,True,True,20363.0,20365.25,20363.5,20337.5,20361.0,20361.0,low,1.0,1.0,1.0,False,,,,,,dual_rel_range_samebar,True,True,L79,1.0,True,1.0,,,False,False,False,False
2024-05-21,2024,1,20453.75,20410.25,43.5,20432.0,120,22,26,True,True,20433.0,20431.25,20433.75,20411.0,20433.0,20431.0,low,1.0,1.0,1.0,False,,,,,,dual_rel_range_samebar,True,True,L79,1.0,True,1.0,,,False,False,False,False
2024-05-22,2024,2,20505.25,20468.5,36.75,20486.875,120,18,17,True,True,20485.25,20489.25,20485.25,20480.5,20486.75,20487.0,low,1.0,1.0,0.0,True,REH,2024-05-22 09:30:00,20468.5,0.0,0.0,,True,True,H79,0.0,False,,0.0,0.0,False,False,False,False
2024-05-23,2024,3,20717.0,20658.5,58.5,20687.75,120,26,29,True,True,20687.5,20690.5,20687.75,20664.25,20687.5,20687.5,high,1.0,0.0,1.0,True,REL,2024-05-23 09:30:00,20717.0,0.0,0.0,,True,True,L79,0.0,True,0.0,0.0,0.0,False,False,False,False
2024-05-24,2024,4,20466.5,20417.25,49.25,20441.875,120,22,25,True,True,20441.5,20442.0,20442.5,20420.25,20442.0,20442.0,high,0.0,1.0,0.0,True,REH,2024-05-24 09:30:00,20417.25,0.0,0.0,,True,True,H79,0.0,False,,0.0,0.0,False,False,False,False
2024-05-27,2024,0,,,,,0,0,0,False,False,,,,,,,,,,,False,,,,,,holiday,False,False,,,False,,,,False,True,False,False
2024-05-28,2024,1,20627.5,20593.0,34.5,20610.25,120,24,23,True,True,20610.5,20613.0,20611.5,20603.5,20610.25,20610.25,high,1.0,1.0,1.0,False,,,,,,dual_rel_reh,True,True,H79,1.0,False,,,,False,False,False,False
2024-05-29,2024,2,20529.0,20466.5,62.5,20497.75,120,24,21,True,True,20495.75,20505.5,20496.5,20470.5,20498.0,20497.75,high,1.0,1.0,1.0,False,,,,,,dual_rel_range_samebar,True,True,L79,1.0,True,1.0,,,False,False,False,False
2024-05-30,2024,3,20480.75,20432.25,48.5,20456.5,120,23,27,True,True,20457.5,20454.75,20458.25,20433.25,20457.5,20457.5,high,1.0,0.0,1.0,False,,,,,,dual_rel_reh,True,True,L79,0.0,False,,,,False,False,False,False
2024-05-31,2024,4,20362.0,20203.5,158.5,20282.75,120,27,28,True,True,20258.75,20275.5,20259.25,20214.25,20260.75,20260.75,high,1.0,0.0,1.0,True,REH,2024-05-31 09:30:00,20203.5,1.0,1.0,,True,True,L79,0.0,False,,0.0,1.0,False,False,False,False
2024-06-03,2024,0,20396.5,20353.0,43.5,20374.75,120,29,23,True,True,20375.0,20379.25,20375.25,20353.25,20374.5,20374.75,low,1.0,1.0,1.0,False,,,,,,dual_rel_range_samebar,True,True,H79,1.0,False,,,,False,False,False,False
2024-06-04,2024,1,20307.75,20246.5,61.25,20277.125,120,24,31,True,True,20275.25,20276.5,20275.5,20251.25,20277.5,20277.0,high,0.0,1.0,0.0,False,,,,,,dual_rel_range_samebar,True,True,H79,0.0,False,,,,False,False,False,False
2024-06-05,2024,2,20522.0,20458.5,63.5,20490.25,120,21,23,True,True,20492.75,20491.75,20493.25,20463.0,20492.75,20490.25,high,0.0,1.0,0.0,False,,,,,,dual_rel_range_samebar,True,True,H79,0.0,False,,,,False,False,False,False
2024-06-06,2024,3,20818.25,20750.75,67.5,20784.5,120,24,23,True,True,20785.0,20789.25,20785.0,20769.5,20785.0,20784.5,high,1.0,0.0,1.0,True,REH,2024-06-06 09:30:00,20750.75,1.0,1.0,,True,True,L79,0.0,False,,1.0,1.0,False,False,False,False
2024-06-07,2024,4,20840.5,20633.75,206.75,20737.125,120,0,0,False,False,,,,,,,,,,,False,,,,,,event,False,False,,,False,,,,True,False,False,False
2024-06-10,2024,0,20733.25,20682.0,51.25,20707.625,120,25,21,True,True,20704.0,20720.25,20704.75,20704.0,20706.5,20708.0,low,1.0,1.0,1.0,False,,,,,,dual_rel_range_samebar,True,True,L79,1.0,True,1.0,,,False,False,False,False
2024-06-11,2024,1,20761.75,20723.25,38.5,20742.5,120,24,26,True,True,20742.5,20745.75,20742.75,20732.0,20742.5,20742.5,low,1.0,1.0,1.0,True,REH,2024-06-11 09:30:00,20723.25,1.0,1.0,,True,True,H79,1.0,False,,1.0,1.0,False,False,False,False
2024-06-12,2024,2,21152.5,20955.75,196.75,21054.125,120,0,0,False,False,,,,,,,,,,,False,,,,,,event,False,False,,,False,,,,True,False,False,False
2024-06-13,2024,3,21384.75,21299.5,85.25,21342.125,120,29,29,True,True,21322.0,21337.25,21322.25,21300.25,21327.75,21327.75,high,1.0,0.0,1.0,True,REL,2024-06-13 09:31:00,21384.75,0.0,0.0,,True,True,L79,0.0,True,1.0,0.0,0.0,False,False,False,False
2024-06-14,2024,4,21270.75,21195.25,75.5,21233.0,120,21,24,True,True,21234.25,21233.75,21234.75,21215.25,21234.25,21234.25,high,0.0,1.0,0.0,False,,,,,,dual_rel_range_samebar,True,True,H79,0.0,False,,,,False,False,False,False
2024-06-17,2024,0,21421.0,21377.75,43.25,21399.375,120,26,22,True,True,21405.0,21402.0,21405.5,21378.25,21405.0,21405.0,high,1.0,1.0,1.0,True,REL,2024-06-17 09:30:00,21421.0,1.0,1.0,,True,True,L79,1.0,True,1.0,0.0,0.0,False,False,False,False
2024-06-18,2024,1,21703.5,21625.25,78.25,21664.375,120,24,25,True,True,21662.75,21664.25,21663.5,21633.75,21662.75,21662.75,low,0.0,0.0,1.0,False,,,,,,dual_rel_range_samebar,True,True,L79,0.0,True,0.0,,,False,False,False,False
2024-06-19,2024,2,,,,,0,0,0,False,False,,,,,,,,,,,False,,,,,,holiday,False,False,,,False,,,,False,True,False,False
2024-06-20,2024,3,21763.0,21691.5,71.5,21727.25,120,20,23,True,True,21727.25,21725.5,21727.5,21704.0,21727.25,21727.25,high,1.0,0.0,1.0,False,,,,,,dual_rel_range_samebar,True,True,L79,0.0,True,0.0,,,False,False,False,False
2024-06-21,2024,4,21476.25,21411.5,64.75,21443.875,120,24,21,True,True,21445.75,21435.0,21446.75,21412.5,21443.5,21443.5,high,1.0,1.0,1.0,True,REH,2024-06-21 09:30:00,21411.5,1.0,1.0,,True,True,L79,1.0,False,,1.0,1.0,False,False,False,False
2024-06-24,2024,0,21416.75,21356.0,60.75,21386.375,120,26,23,True,True,21386.0,21384.75,21386.25,21359.75,21386.0,21386.75,low,1.0,1.0,1.0,False,,,,,,dual_rel_range_samebar,True,True,L79,1.0,True,1.0,,,False,False,False,False
2024-06-25,2024,1,21284.0,21238.0,46.0,21261.0,120,27,27,True,True,21261.25,21260.75,21262.0,21241.75,21261.25,21261.25,low,1.0,1.0,1.0,False,,,,,,dual_rel_reh,True,True,L79,1.0,False,,,,False,False,False,False
2024-06-26,2024,2,21442.5,21363.25,79.25,21402.875,120,23,27,True,True,21408.5,21387.25,21408.75,21408.5,21404.0,21404.0,high,1.0,1.0,1.0,False,,,,,,dual_rel_range_samebar,True,True,L79,1.0,True,1.0,,,False,False,False,False
2024-06-27,2024,3,21438.75,21386.0,52.75,21412.375,120,21,26,True,True,21407.25,21412.25,21408.0,21394.5,21415.0,21410.75,high,0.0,1.0,0.0,True,REH,2024-06-27 09:30:00,21386.0,0.0,0.0,,True,True,H79,0.0,False,,0.0,0.0,False,False,False,False
2024-06-28,2024,4,21611.0,21511.75,99.25,21561.375,120,26,24,True,True,21558.5,21561.5,21559.0,21528.5,21558.5,21558.5,high,1.0,1.0,1.0,False,,,,,,dual_rel_range_samebar,True,True,L79,1.0,True,1.0,,,False,False,False,False
2024-07-01,2024,0,21423.75,21384.0,39.75,21403.875,120,24,25,True,True,21404.0,21405.5,21404.0,21396.25,21404.0,21404.0,high,1.0,0.0,1.0,False,,,,,,dual_rel_reh,True,True,L79,0.0,False,,,,False,False,False,False
2024-07-02,2024,1,21397.5,21343.0,54.5,21370.25,120,23,26,True,True,21371.75,21370.25,21372.25,21355.5,21371.75,21369.25,high,0.0,1.0,0.0,False,,,,,,dual_rel_range_samebar,True,True,H79,0.0,False,,,,False,False,False,False
2024-07-03,2024,2,,,,,0,0,0,False,False,,,,,,,,,,,False,,,,,,early_close,False,False,,,False,,,,False,False,True,False
2024-07-04,2024,3,,,,,0,0,0,False,False,,,,,,,,,,,False,,,,,,holiday,False,False,,,False,,,,False,True,False,False
2024-07-05,2024,4,21929.0,21806.0,123.0,21867.5,120,0,0,False,False,,,,,,,,,,,False,,,,,,event,False,False,,,False,,,,True,False,False,False
2024-07-08,2024,0,22070.5,22038.0,32.5,22054.25,120,24,22,True,True,22053.0,22055.75,22053.0,22038.75,22054.5,22054.25,low,1.0,1.0,1.0,True,REH,2024-07-08 09:30:00,22038.0,1.0,1.0,,True,True,H79,1.0,False,,1.0,1.0,False,False,False,False
2024-07-09,2024,1,22178.25,22136.25,42.0,22157.25,120,21,24,True,True,22156.75,22157.5,22157.25,22146.5,22157.5,22157.25,low,1.0,1.0,1.0,True,REL,2024-07-09 09:30:00,22178.25,1.0,1.0,,True,True,H79,1.0,True,1.0,1.0,1.0,False,False,False,False
2024-07-10,2024,2,22200.25,22163.25,37.0,22181.75,120,26,27,True,True,22181.75,22180.5,22182.0,22164.25,22181.75,22181.75,high,1.0,1.0,1.0,True,REH,2024-07-10 09:30:00,22163.25,1.0,1.0,,True,True,H79,1.0,False,,1.0,1.0,False,False,False,False
2024-07-11,2024,3,22416.75,22298.75,118.0,22357.75,120,0,0,False,False,,,,,,,,,,,False,,,,,,event,False,False,,,False,,,,True,False,False,False
2024-07-12,2024,4,21901.5,21768.0,133.5,21834.75,120,26,28,True,True,21838.0,21850.75,21839.0,21838.0,21838.0,21838.0,high,0.0,1.0,0.0,True,REH,2024-07-12 09:30:00,21768.0,0.0,0.0,,True,True,H79,0.0,False,,0.0,0.0,False,False,False,False
2024-07-15,2024,0,22085.5,22026.75,58.75,22056.125,120,19,23,True,True,22053.0,22059.5,22053.5,22030.75,22055.0,22056.0,low,1.0,1.0,1.0,True,REL,2024-07-15 09:30:00,22085.5,1.0,1.0,,True,True,H79,1.0,True,1.0,1.0,1.0,False,False,False,False
2024-07-16,2024,1,22086.5,22008.0,78.5,22047.25,120,22,22,True,True,22057.0,22061.75,22057.0,22057.0,22051.75,22051.75,low,1.0,1.0,1.0,True,REH,2024-07-16 09:30:00,22008.0,1.0,1.0,,True,True,H79,1.0,False,,1.0,1.0,False,False,False,False
2024-07-17,2024,2,21782.5,21692.75,89.75,21737.625,120,24,24,True,True,21734.75,21741.0,21734.75,21693.25,21736.5,21737.75,low,0.0,0.0,1.0,False,,,,,,dual_rel_range_samebar,True,True,L79,0.0,True,0.0,,,False,False,False,False
2024-07-18,2024,3,21579.75,21491.75,88.0,21535.75,120,29,27,True,True,21535.5,21524.25,21535.75,21492.5,21535.5,21535.5,low,1.0,1.0,1.0,True,REH,2024-07-18 09:30:00,21491.75,1.0,1.0,,True,True,H79,1.0,False,,1.0,1.0,False,False,False,False
2024-07-19,2024,4,21377.5,21296.5,81.0,21337.0,120,28,28,True,True,21335.0,21352.0,21335.25,21335.0,21335.0,21338.0,high,1.0,1.0,1.0,True,REL,2024-07-19 09:30:00,21377.5,1.0,1.0,,True,True,L79,1.0,True,1.0,1.0,1.0,False,False,False,False
2024-07-22,2024,0,21364.0,21299.25,64.75,21331.625,120,25,29,True,True,21334.0,21331.5,21334.75,21306.75,21334.0,21330.75,high,1.0,1.0,1.0,False,,,,,,dual_rel_range_samebar,True,True,H79,1.0,False,,,,False,False,False,False
2024-07-23,2024,1,21448.5,21356.75,91.75,21402.625,120,22,27,True,True,21408.0,21413.25,21408.25,21408.0,21406.75,21406.75,low,1.0,1.0,0.0,True,REL,2024-07-23 09:30:00,21448.5,1.0,1.0,,True,True,H79,0.0,True,1.0,1.0,1.0,False,False,False,False
2024-07-24,2024,2,21163.5,21040.5,123.0,21102.0,120,27,24,True,True,21096.0,21135.25,21096.75,21048.75,21096.0,21099.5,low,0.0,0.0,1.0,True,REL,2024-07-24 09:30:00,21163.5,0.0,0.0,,True,True,L79,0.0,True,0.0,0.0,0.0,False,False,False,False
2024-07-25,2024,3,20666.5,20513.0,153.5,20589.75,120,27,23,True,True,20589.5,20594.25,20590.0,20554.25,20590.0,20590.0,high,1.0,1.0,1.0,True,REH,2024-07-25 09:30:00,20513.0,1.0,1.0,,True,True,L79,1.0,False,,1.0,1.0,False,False,False,False
2024-07-26,2024,4,20669.5,20587.5,82.0,20628.5,120,28,23,True,True,20627.75,20628.5,20628.0,20599.75,20627.75,20628.5,low,0.0,0.0,1.0,True,REL,2024-07-26 09:30:00,20669.5,0.0,0.0,,True,True,L79,0.0,True,0.0,0.0,0.0,False,False,False,False
2024-07-29,2024,0,20795.0,20711.0,84.0,20753.0,120,24,22,True,True,20740.5,20746.5,20741.5,20711.0,20748.75,20748.75,high,1.0,1.0,1.0,True,REL,2024-07-29 09:30:00,20795.0,1.0,1.0,,True,True,L79,1.0,True,1.0,1.0,1.0,False,False,False,False
2024-07-30,2024,1,20713.0,20678.0,35.0,20695.5,120,28,26,True,True,20695.25,20695.75,20696.25,20678.25,20695.5,20695.5,low,1.0,1.0,1.0,False,,,,,,dual_rel_range_samebar,True,True,H79,1.0,False,,,,False,False,False,False
2024-07-31,2024,2,20787.75,20647.0,140.75,20717.375,120,0,0,False,False,,,,,,,,,,,False,,,,,,event,False,False,,,False,,,,True,False,False,False
2024-08-01,2024,3,21080.25,21000.0,80.25,21040.125,120,19,21,True,True,21039.5,21041.5,21039.75,21015.5,21039.5,21040.25,high,1.0,1.0,1.0,False,,,,,,dual_rel_range_samebar,True,True,L79,1.0,True,1.0,,,False,False,False,False
2024-08-02,2024,4,20194.5,19941.5,253.0,20068.0,120,0,0,False,False,,,,,,,,,,,False,,,,,,event,False,False,,,False,,,,True,False,False,False
2024-08-05,2024,0,19253.75,18795.5,458.25,19024.625,120,22,27,True,True,19036.5,19068.0,19036.5,18846.5,19036.5,19036.5,high,0.0,1.0,0.0,True,REL,2024-08-05 09:30:00,19253.75,1.0,1.0,,True,True,H79,0.0,True,1.0,1.0,1.0,False,False,False,False
2024-08-06,2024,1,19686.75,19485.5,201.25,19586.125,120,28,25,True,True,19586.5,19603.5,19586.5,19497.25,19586.5,19586.5,high,1.0,1.0,1.0,True,REL,2024-08-06 09:30:00,19686.75,1.0,1.0,,True,True,L79,1.0,True,1.0,0.0,1.0,False,False,False,False
2024-08-07,2024,2,19894.75,19811.0,83.75,19852.875,120,26,25,True,True,19844.75,19850.25,19844.75,19827.25,19851.5,19852.75,low,1.0,1.0,1.0,True,REH,2024-08-07 09:30:00,19811.0,1.0,1.0,,True,True,H79,1.0,False,,0.0,0.0,False,False,False,False
2024-08-08,2024,3,19637.0,19369.25,267.75,19503.125,120,25,29,True,True,19572.0,19439.0,19572.75,19390.75,19572.0,19572.0,low,1.0,1.0,0.0,False,,,,,,dual_rel_range_samebar,True,True,H79,0.0,False,,,,False,False,False,False
2024-08-09,2024,4,20031.25,19816.0,215.25,19923.625,120,23,25,True,True,19921.5,19942.75,19921.75,19856.0,19921.5,19921.5,low,0.0,0.0,0.0,True,REL,2024-08-09 09:30:00,20031.25,0.0,0.0,,True,False,,,True,1.0,0.0,0.0,False,False,False,False
2024-08-12,2024,0,20126.5,20073.25,53.25,20099.875,120,25,25,True,True,20100.0,20099.75,20100.5,20081.25,20100.0,20100.0,high,1.0,1.0,1.0,False,,,,,,dual_rel_range_samebar,True,True,L79,1.0,True,1.0,,,False,False,False,False
2024-08-13,2024,1,20258.0,20081.5,176.5,20169.75,120,28,25,True,True,20176.75,20192.75,20176.75,20096.25,20176.75,20176.75,high,0.0,1.0,0.0,False,,,,,,dual_rel_range_samebar,True,True,H79,0.0,False,,,,False,False,False,False
2024-08-14,2024,2,20596.5,20433.0,163.5,20514.75,120,0,0,False,False,,,,,,,,,,,False,,,,,,event,False,False,,,False,,,,True,False,False,False
2024-08-15,2024,3,20804.5,20537.75,266.75,20671.125,120,25,23,True,True,20719.0,20616.25,20719.75,20566.25,20719.0,20719.0,high,0.0,1.0,0.0,True,REH,2024-08-15 09:30:00,20537.75,0.0,0.0,,True,True,H79,0.0,False,,0.0,0.0,False,False,False,False
2024-08-16,2024,4,21033.5,20880.5,153.0,20957.0,120,28,26,True,True,20979.0,20951.0,20979.0,20881.0,20937.25,20941.5,high,0.0,0.0,0.0,True,REL,2024-08-16 09:30:00,21033.5,0.0,0.0,,True,False,,,True,1.0,0.0,0.0,False,False,False,False
2024-08-19,2024,0,21068.75,21011.0,57.75,21039.875,120,32,28,True,True,21040.0,21037.0,21041.0,21035.25,21040.0,21040.0,low,1.0,1.0,1.0,False,,,,,,dual_rel_reh,True,True,L79,1.0,False,,,,False,False,False,False
2024-08-20,2024,1,21323.0,21274.5,48.5,21298.75,120,26,33,True,True,21298.75,21300.5,21299.0,21284.25,21298.75,21298.75,low,1.0,1.0,1.0,False,,,,,,dual_rel_range_samebar,True,True,L79,1.0,True,1.0,,,False,False,False,False
2024-08-21,2024,2,21296.75,21256.0,40.75,21276.375,120,25,20,True,True,21276.25,21278.75,21276.75,21256.75,21276.25,21276.25,low,1.0,1.0,1.0,True,REL,2024-08-21 09:30:00,21296.75,1.0,1.0,,True,True,L79,1.0,True,1.0,1.0,1.0,False,False,False,False
2024-08-22,2024,3,21427.5,21370.0,57.5,21398.75,120,28,20,True,True,21400.0,21405.0,21400.25,21384.75,21397.75,21399.25,high,1.0,1.0,1.0,False,,,,,,dual_rel_range_samebar,True,True,H79,1.0,False,,,,False,False,False,False
2024-08-23,2024,4,21193.25,21152.5,40.75,21172.875,120,27,22,True,True,21171.0,21172.75,21172.0,21155.75,21171.0,21173.75,low,1.0,1.0,1.0,True,REH,2024-08-23 09:30:00,21152.5,1.0,1.0,,True,True,H79,1.0,False,,1.0,1.0,False,False,False,False
2024-08-26,2024,0,21250.5,21178.0,72.5,21214.25,120,26,28,True,True,21213.75,21214.25,21213.75,21199.5,21213.75,21213.75,low,0.0,0.0,1.0,True,REL,2024-08-26 09:30:00,21250.5,0.0,0.0,,True,True,L79,0.0,True,1.0,0.0,0.0,False,False,False,False
2024-08-27,2024,1,21047.5,20935.5,112.0,20991.5,120,29,22,True,True,20995.0,21000.5,20995.25,20995.0,20988.5,20991.0,high,1.0,1.0,1.0,True,REL,2024-08-27 09:30:00,21047.5,1.0,1.0,,True,True,L79,1.0,True,1.0,0.0,1.0,False,False,False,False
2024-08-28,2024,2,21100.5,21038.25,62.25,21069.375,120,22,20,True,True,21069.25,21065.25,21070.25,21059.25,21069.25,21069.5,low,0.0,0.0,1.0,True,REL,2024-08-28 09:30:00,21100.5,0.0,0.0,,True,True,L79,0.0,True,1.0,0.0,0.0,False,False,False,False
2024-08-29,2024,3,20946.5,20851.5,95.0,20899.0,120,25,22,True,True,20905.0,20902.25,20905.75,20863.75,20902.5,20898.5,high,0.0,1.0,0.0,True,REH,2024-08-29 09:30:00,20851.5,0.0,0.0,,True,True,H79,0.0,False,,0.0,0.0,False,False,False,False
2024-08-30,2024,4,21006.0,20941.5,64.5,20973.75,120,20,24,True,True,20969.75,20973.5,20969.75,20959.25,20969.75,20969.75,low,1.0,1.0,1.0,True,REH,2024-08-30 09:30:00,20941.5,1.0,1.0,,True,True,H79,1.0,False,,0.0,1.0,False,False,False,False
2024-09-02,2024,0,,,,,0,0,0,False,False,,,,,,,,,,,False,,,,,,holiday,False,False,,,False,,,,False,True,False,False
2024-09-03,2024,1,20955.25,20890.75,64.5,20923.0,120,28,25,True,True,20923.5,20922.75,20924.0,20891.0,20922.75,20923.0,high,1.0,0.0,1.0,True,REL,2024-09-03 09:30:00,20955.25,0.0,0.0,,True,True,L79,0.0,True,0.0,0.0,0.0,False,False,False,False
2024-09-04,2024,2,20350.5,20277.25,73.25,20313.875,120,21,23,True,True,20301.5,20313.75,20301.5,20287.75,20308.75,20314.5,low,1.0,1.0,1.0,False,,,,,,dual_rel_reh,True,True,H79,1.0,False,,,,False,False,False,False
2024-09-05,2024,3,20400.0,20260.25,139.75,20330.125,120,22,21,True,True,20320.75,20336.75,20321.25,20320.75,20320.75,20320.75,high,0.0,1.0,0.0,True,REL,2024-09-05 09:30:00,20400.0,1.0,1.0,,True,True,H79,0.0,True,1.0,1.0,1.0,False,False,False,False
2024-09-06,2024,4,20391.25,20153.0,238.25,20272.125,120,0,0,False,False,,,,,,,,,,,False,,,,,,event,False,False,,,False,,,,True,False,False,False
2024-09-09,2024,0,20072.0,19998.5,73.5,20035.25,120,22,25,True,True,20034.5,20035.25,20034.5,20000.0,20035.75,20035.75,low,1.0,1.0,1.0,True,REH,2024-09-09 09:30:00,19998.5,1.0,1.0,,True,True,H79,1.0,False,,0.0,1.0,False,False,False,False
2024-09-10,2024,1,20202.5,20080.25,122.25,20141.375,120,24,26,True,True,20132.5,20139.5,20132.75,20089.5,20132.5,20132.5,high,1.0,1.0,1.0,True,REH,2024-09-10 09:30:00,20080.25,1.0,1.0,,True,True,H79,1.0,False,,0.0,0.0,False,False,False,False
2024-09-11,2024,2,20307.75,20163.5,144.25,20235.625,120,0,0,False,False,,,,,,,,,,,False,,,,,,event,False,False,,,False,,,,True,False,False,False
2024-09-12,2024,3,20762.5,20681.5,81.0,20722.0,120,28,33,True,True,20723.25,20722.75,20723.5,20682.0,20721.75,20721.75,low,1.0,1.0,1.0,True,REL,2024-09-12 09:30:00,20762.5,1.0,1.0,,True,True,L79,1.0,True,1.0,0.0,1.0,False,False,False,False
2024-09-13,2024,4,20903.75,20845.75,58.0,20874.75,120,23,28,True,True,20873.75,20880.75,20874.25,20872.75,20873.75,20875.25,low,1.0,1.0,1.0,False,,,,,,dual_rel_range_samebar,True,True,L79,1.0,True,1.0,,,False,False,False,False
2024-09-16,2024,0,20931.75,20860.75,71.0,20896.25,120,28,26,True,True,20890.75,20895.75,20891.25,20861.5,20890.75,20890.75,high,1.0,0.0,1.0,True,REL,2024-09-16 09:30:00,20931.75,0.0,0.0,,True,True,L79,0.0,True,0.0,0.0,0.0,False,False,False,False
2024-09-17,2024,1,21017.5,20938.0,79.5,20977.75,120,22,27,True,True,20977.5,20976.5,20978.5,20940.75,20977.5,20977.5,high,1.0,1.0,1.0,True,REH,2024-09-17 09:30:00,20938.0,1.0,1.0,,True,True,H79,1.0,False,,1.0,1.0,False,False,False,False
2024-09-18,2024,2,20930.75,20869.5,61.25,20900.125,120,0,0,False,False,,,,,,,,,,,False,,,,,,event,False,False,,,False,,,,True,False,False,False
2024-09-19,2024,3,21217.0,21176.0,41.0,21196.5,120,25,28,True,True,21197.0,21191.75,21197.25,21176.25,21196.5,21196.5,low,1.0,1.0,1.0,False,,,,,,dual_rel_range_samebar,True,True,H79,1.0,False,,,,False,False,False,False
2024-09-20,2024,4,21273.0,21180.25,92.75,21226.625,120,21,19,True,True,21235.75,21207.0,21236.5,21188.75,21235.75,21235.75,low,1.0,1.0,1.0,False,,,,,,dual_rel_reh,True,True,H79,1.0,False,,,,False,False,False,False
2024-09-23,2024,0,21295.25,21242.5,52.75,21268.875,120,20,18,True,True,21267.0,21266.0,21267.25,21254.0,21267.0,21267.0,low,1.0,1.0,1.0,True,REH,2024-09-23 09:30:00,21242.5,1.0,1.0,,True,True,L79,1.0,False,,1.0,1.0,False,False,False,False
2024-09-24,2024,1,21331.5,21248.75,82.75,21290.125,120,25,22,True,True,21290.75,21297.0,21291.0,21254.25,21290.75,21290.75,low,1.0,1.0,1.0,False,,,,,,dual_rel_range_samebar,True,True,H79,1.0,False,,,,False,False,False,False
2024-09-25,2024,2,21356.0,21319.0,37.0,21337.5,120,24,24,True,True,21338.0,21337.5,21338.5,21319.25,21337.25,21337.5,high,0.0,1.0,0.0,True,REH,2024-09-25 09:30:00,21319.0,0.0,0.0,,True,True,H79,0.0,False,,0.0,0.0,False,False,False,False
2024-09-26,2024,3,21718.5,21660.5,58.0,21689.5,120,21,24,True,True,21691.5,21689.75,21692.0,21675.75,21689.75,21689.75,high,1.0,0.0,1.0,True,REH,2024-09-26 09:30:00,21660.5,1.0,1.0,,True,True,L79,0.0,False,,1.0,1.0,False,False,False,False
2024-09-27,2024,4,21593.75,21489.25,104.5,21541.5,120,25,25,True,True,21549.25,21544.25,21549.5,21499.25,21536.5,21536.5,low,0.0,0.0,1.0,True,REH,2024-09-27 09:30:00,21489.25,1.0,1.0,,True,True,L79,0.0,False,,0.0,1.0,False,False,False,False
2024-09-30,2024,0,21401.25,21317.5,83.75,21359.375,120,23,25,True,True,21357.75,21361.0,21358.75,21321.75,21357.75,21360.5,low,1.0,1.0,0.0,True,REH,2024-09-30 09:30:00,21317.5,0.0,0.0,,True,True,H79,0.0,False,,0.0,0.0,False,False,False,False
2024-10-01,2024,1,21522.75,21451.0,71.75,21486.875,120,22,23,True,True,21468.5,21485.25,21468.5,21455.0,21478.0,21478.0,high,1.0,0.0,1.0,False,,,,,,dual_rel_range_samebar,True,True,L79,0.0,True,0.0,,,False,False,False,False
2024-10-02,2024,2,21208.75,21122.25,86.5,21165.5,120,22,23,True,True,21181.0,21171.0,21181.5,21122.75,21181.0,21161.25,high,1.0,1.0,1.0,True,REL,2024-10-02 09:30:00,21208.75,1.0,1.0,,True,True,L79,1.0,True,1.0,0.0,1.0,False,False,False,False
2024-10-03,2024,3,21193.0,21125.5,67.5,21159.25,120,26,24,True,True,21162.75,21157.75,21163.75,21128.25,21160.25,21158.5,low,1.0,1.0,1.0,False,,,,,,dual_rel_range_samebar,True,True,L79,1.0,True,1.0,,,False,False,False,False
2024-10-04,2024,4,21442.25,21241.25,201.0,21341.75,120,0,0,False,False,,,,,,,,,,,False,,,,,,event,False,False,,,False,,,,True,False,False,False
2024-10-07,2024,0,21340.75,21278.0,62.75,21309.375,120,27,25,True,True,21306.5,21304.0,21306.5,21281.0,21306.5,21310.0,high,0.0,1.0,0.0,True,REH,2024-10-07 09:30:00,21278.0,0.0,0.0,,True,True,H79,0.0,False,,0.0,0.0,False,False,False,False
2024-10-08,2024,1,21302.0,21256.0,46.0,21279.0,120,25,24,True,True,21279.25,21280.5,21280.25,21257.0,21279.25,21279.0,low,1.0,1.0,0.0,False,,,,,,dual_rel_range_samebar,True,True,H79,0.0,False,,,,False,False,False,False
2024-10-09,2024,2,21489.5,21447.25,42.25,21468.375,120,22,20,True,True,21468.5,21469.0,21468.5,21454.0,21468.5,21468.5,low,1.0,1.0,1.0,True,REH,2024-10-09 09:30:00,21447.25,1.0,1.0,,True,True,L79,1.0,False,,1.0,1.0,False,False,False,False
2024-10-10,2024,3,21676.5,21520.25,156.25,21598.375,120,0,0,False,False,,,,,,,,,,,False,,,,,,event,False,False,,,False,,,,True,False,False,False
2024-10-11,2024,4,21614.25,21553.0,61.25,21583.625,120,26,22,True,True,21584.75,21588.0,21584.75,21558.5,21584.75,21584.75,high,1.0,1.0,1.0,False,,,,,,dual_rel_range_samebar,True,True,L79,1.0,True,1.0,,,False,False,False,False
2024-10-14,2024,0,21739.0,21695.75,43.25,21717.375,120,23,21,True,True,21709.5,21716.0,21709.5,21696.25,21711.0,21714.5,low,1.0,1.0,0.0,False,,,,,,dual_rel_range_samebar,True,True,H79,0.0,False,,,,False,False,False,False
2024-10-15,2024,1,21828.75,21792.0,36.75,21810.375,120,22,21,True,True,21810.25,21811.25,21810.5,21793.0,21810.25,21810.5,high,1.0,1.0,1.0,False,,,,,,dual_rel_range_samebar,True,True,H79,1.0,False,,,,False,False,False,False
2024-10-16,2024,2,21584.0,21539.25,44.75,21561.625,120,18,23,True,True,21559.5,21562.0,21560.25,21554.0,21561.75,21561.75,high,1.0,0.0,1.0,True,REL,2024-10-16 09:30:00,21584.0,0.0,0.0,,True,True,L79,0.0,True,0.0,0.0,0.0,False,False,False,False
2024-10-17,2024,3,21755.0,21703.0,52.0,21729.0,120,28,23,True,True,21722.25,21725.5,21722.25,21703.5,21722.25,21724.5,low,1.0,1.0,1.0,False,,,,,,dual_rel_range_samebar,True,True,H79,1.0,False,,,,False,False,False,False
2024-10-18,2024,4,21683.75,21634.75,49.0,21659.25,120,22,26,True,True,21660.75,21662.25,21661.0,21635.75,21660.75,21659.25,low,1.0,1.0,1.0,False,,,,,,dual_rel_range_samebar,True,True,H79,1.0,False,,,,False,False,False,False
2024-10-21,2024,0,21606.5,21541.75,64.75,21574.125,120,26,28,True,True,21573.75,21577.75,21574.0,21545.5,21573.75,21573.75,low,1.0,1.0,0.0,False,,,,,,dual_rel_range_samebar,True,True,H79,0.0,False,,,,False,False,False,False
2024-10-22,2024,1,21643.0,21558.25,84.75,21600.625,120,22,24,True,True,21601.25,21598.5,21602.0,21564.25,21601.0,21600.75,low,1.0,1.0,0.0,False,,,,,,dual_rel_reh,True,True,H79,0.0,False,,,,False,False,False,False
2024-10-23,2024,2,21692.5,21641.5,51.0,21667.0,120,25,21,True,True,21667.0,21670.0,21668.0,21645.25,21667.0,21667.0,high,1.0,0.0,1.0,False,,,,,,dual_rel_range_samebar,True,True,L79,0.0,True,0.0,,,False,False,False,False
2024-10-24,2024,3,21626.5,21568.25,58.25,21597.375,120,21,26,True,True,21597.75,21599.75,21598.25,21591.25,21597.25,21597.25,low,0.0,0.0,1.0,False,,,,,,dual_rel_range_samebar,True,True,L79,0.0,True,0.0,,,False,False,False,False
2024-10-25,2024,4,21690.75,21608.0,82.75,21649.375,120,23,23,True,True,21649.5,21650.75,21650.0,21641.5,21649.5,21649.5,low,1.0,1.0,0.0,False,,,,,,dual_rel_range_samebar,True,True,H79,0.0,False,,,,False,False,False,False
2024-10-28,2024,0,21858.5,21778.75,79.75,21818.625,120,20,21,True,True,21818.75,21817.0,21819.0,21798.0,21818.75,21818.75,low,0.0,0.0,1.0,True,REH,2024-10-28 09:30:00,21778.75,1.0,1.0,,True,True,L79,0.0,False,,1.0,1.0,False,False,False,False
2024-10-29,2024,1,21716.0,21659.0,57.0,21687.5,120,24,24,True,True,21686.75,21691.0,21687.0,21677.0,21688.0,21687.5,high,1.0,1.0,1.0,True,REH,2024-10-29 09:30:00,21659.0,1.0,1.0,,True,True,H79,1.0,False,,1.0,1.0,False,False,False,False
2024-10-30,2024,2,21952.5,21872.0,80.5,21912.25,120,27,19,True,True,21911.25,21911.0,21911.25,21894.0,21911.25,21911.25,high,1.0,0.0,1.0,False,,,,,,dual_rel_range_samebar,True,True,L79,0.0,True,0.0,,,False,False,False,False
2024-10-31,2024,3,21615.0,21537.25,77.75,21576.125,120,24,29,True,True,21575.0,21568.75,21575.5,21539.25,21575.0,21577.25,high,1.0,0.0,1.0,False,,,,,,dual_rel_reh,True,True,L79,0.0,False,,,,False,False,False,False
2024-11-01,2024,4,21344.5,21275.0,69.5,21309.75,120,0,0,False,False,,,,,,,,,,,False,,,,,,event,False,False,,,False,,,,True,False,False,False
2024-11-04,2024,0,21392.25,21298.75,93.5,21345.5,120,22,24,True,True,21349.5,21359.75,21350.0,21318.0,21349.5,21349.5,low,1.0,1.0,1.0,True,REL,2024-11-04 09:30:00,21392.25,1.0,1.0,,True,True,L79,1.0,True,1.0,0.0,1.0,False,False,False,False
2024-11-05,2024,1,21366.0,21323.75,42.25,21344.875,120,27,28,True,True,21343.5,21344.75,21343.75,21324.5,21345.0,21345.0,low,1.0,1.0,0.0,True,REH,2024-11-05 09:30:00,21323.75,0.0,0.0,,True,True,H79,0.0,False,,0.0,0.0,False,False,False,False
2024-11-06,2024,2,21916.5,21797.25,119.25,21856.875,120,28,30,True,True,21863.5,21856.75,21864.0,21840.75,21856.25,21856.25,low,1.0,1.0,0.0,True,REH,2024-11-06 09:30:00,21797.25,0.0,0.0,,True,True,H79,0.0,False,,0.0,0.0,False,False,False,False
2024-11-07,2024,3,22197.25,22138.75,58.5,22168.0,120,0,0,False,False,,,,,,,,,,,False,,,,,,event,False,False,,,False,,,,True,False,False,False
2024-11-08,2024,4,22393.0,22355.0,38.0,22374.0,120,25,28,True,True,22374.0,22372.0,22374.5,22355.75,22374.0,22374.0,high,0.0,1.0,0.0,True,REH,2024-11-08 09:30:00,22355.0,0.0,0.0,,True,True,H79,0.0,False,,0.0,0.0,False,False,False,False
2024-11-11,2024,0,22538.75,22483.0,55.75,22510.875,120,20,25,True,True,22510.0,22510.0,22511.0,22487.5,22510.0,22510.0,high,1.0,0.0,1.0,False,,,,,,dual_rel_range_samebar,True,True,L79,0.0,True,0.0,,,False,False,False,False
2024-11-12,2024,1,22431.0,22374.25,56.75,22402.625,120,22,24,True,True,22402.5,22402.5,22403.0,22375.25,22402.5,22402.5,low,1.0,1.0,1.0,True,REH,2024-11-12 09:30:00,22374.25,1.0,1.0,,True,True,H79,1.0,False,,0.0,0.0,False,False,False,False
2024-11-13,2024,2,22441.5,22312.25,129.25,22376.875,120,0,0,False,False,,,,,,,,,,,False,,,,,,event,False,False,,,False,,,,True,False,False,False
2024-11-14,2024,3,22381.0,22310.75,70.25,22345.875,120,25,23,True,True,22350.5,22340.75,22350.75,22325.75,22350.5,22350.5,low,0.0,0.0,1.0,True,REL,2024-11-14 09:30:00,22381.0,0.0,0.0,,True,True,L79,0.0,True,1.0,0.0,0.0,False,False,False,False
2024-11-15,2024,4,22065.0,21998.0,67.0,22031.5,120,23,24,True,True,22037.25,22038.5,22037.25,22002.0,22032.0,22032.0,low,0.0,0.0,1.0,False,,,,,,dual_rel_range_samebar,True,True,L79,0.0,True,0.0,,,False,False,False,False
2024-11-18,2024,0,21781.5,21679.5,102.0,21730.5,120,25,23,True,True,21727.25,21735.0,21727.75,21726.0,21727.25,21730.25,low,1.0,1.0,0.0,True,REH,2024-11-18 09:30:00,21679.5,0.0,0.0,,True,True,H79,0.0,False,,0.0,0.0,False,False,False,False
2024-11-19,2024,1,21821.5,21613.75,207.75,21717.625,120,27,19,True,True,21696.0,21775.75,21696.75,21696.0,21696.0,21696.0,low,1.0,1.0,0.0,True,REH,2024-11-19 09:41:00,21613.75,0.0,0.0,,True,True,H79,0.0,False,,0.0,0.0,False,False,False,False
2024-11-20,2024,2,22028.0,21983.25,44.75,22005.625,120,28,23,True,True,22003.5,22002.75,22003.75,21986.25,22003.5,22005.5,low,0.0,0.0,1.0,False,,,,,,dual_rel_range_samebar,True,True,L79,0.0,True,0.0,,,False,False,False,False
2024-11-21,2024,3,22070.75,21921.25,149.5,21996.0,120,27,26,True,True,21994.75,22002.5,21995.75,21957.0,21994.75,21994.75,high,1.0,1.0,1.0,False,,,,,,dual_rel_range_samebar,True,True,H79,1.0,False,,,,False,False,False,False
2024-11-22,2024,4,22013.75,21963.75,50.0,21988.75,120,26,25,True,True,21987.5,21988.75,21988.0,21966.5,21987.5,21990.0,low,1.0,1.0,1.0,False,,,,,,dual_rel_reh,True,True,H79,1.0,False,,,,False,False,False,False
2024-11-25,2024,0,22225.0,22141.0,84.0,22183.0,120,17,19,True,True,22155.75,22170.5,22156.0,22141.25,22155.75,22155.75,high,1.0,1.0,1.0,True,REH,2024-11-25 09:30:00,22141.0,1.0,1.0,,True,True,H79,1.0,False,,1.0,1.0,False,False,False,False
2024-11-26,2024,1,22153.0,22117.75,35.25,22135.375,120,28,25,True,True,22135.5,22136.0,22136.0,22118.5,22135.5,22135.5,low,1.0,1.0,1.0,False,,,,,,dual_rel_reh,True,True,H79,1.0,False,,,,False,False,False,False
2024-11-27,2024,2,22168.75,22114.5,54.25,22141.625,120,23,21,True,True,22140.5,22141.5,22140.5,22119.75,22142.25,22141.5,high,1.0,0.0,1.0,True,REL,2024-11-27 09:30:00,22168.75,0.0,0.0,,True,True,L79,0.0,True,0.0,0.0,0.0,False,False,False,False
2024-11-28,2024,3,,,,,0,0,0,False,False,,,,,,,,,,,False,,,,,,holiday,False,False,,,False,,,,False,True,False,False
2024-11-29,2024,4,,,,,0,0,0,False,False,,,,,,,,,,,False,,,,,,early_close,False,False,,,False,,,,False,False,True,False
2024-12-02,2024,0,22234.75,22163.5,71.25,22199.125,120,25,18,True,True,22198.0,22197.0,22198.75,22164.5,22198.0,22199.25,high,0.0,1.0,0.0,False,,,,,,dual_rel_range_samebar,True,True,H79,0.0,False,,,,False,False,False,False
2024-12-03,2024,1,22424.0,22385.25,38.75,22404.625,120,20,19,True,True,22404.75,22407.5,22404.75,22394.0,22404.75,22404.75,high,1.0,1.0,1.0,False,,,,,,dual_rel_range_samebar,True,True,L79,1.0,True,1.0,,,False,False,False,False
2024-12-04,2024,2,22646.25,22605.75,40.5,22626.0,120,22,22,True,True,22628.0,22625.75,22628.25,22608.5,22625.75,22626.0,low,1.0,1.0,1.0,False,,,,,,dual_rel_reh,True,True,L79,1.0,False,,,,False,False,False,False
2024-12-05,2024,3,22735.75,22704.0,31.75,22719.875,120,23,15,True,True,22720.0,22724.0,22720.0,22716.5,22720.0,22720.0,low,1.0,1.0,1.0,True,REH,2024-12-05 09:30:00,22704.0,1.0,1.0,,True,True,H79,1.0,False,,1.0,1.0,False,False,False,False
2024-12-06,2024,4,22727.75,22638.25,89.5,22683.0,120,0,0,False,False,,,,,,,,,,,False,,,,,,event,False,False,,,False,,,,True,False,False,False
2024-12-09,2024,0,22829.0,22806.0,23.0,22817.5,120,26,21,True,True,22817.0,22817.5,22817.75,22806.5,22817.25,22817.5,high,1.0,1.0,1.0,True,REL,2024-12-09 09:30:00,22829.0,1.0,1.0,,True,True,L79,1.0,True,1.0,1.0,1.0,False,False,False,False
2024-12-10,2024,1,22736.0,22693.75,42.25,22714.875,120,23,25,True,True,22719.25,22715.5,22719.5,22701.0,22719.25,22715.25,low,1.0,1.0,1.0,True,REH,2024-12-10 09:30:00,22693.75,1.0,1.0,,True,True,H79,1.0,False,,0.0,0.0,False,False,False,False
2024-12-11,2024,2,22734.0,22629.5,104.5,22681.75,120,0,0,False,False,,,,,,,,,,,False,,,,,,event,False,False,,,False,,,,True,False,False,False
2024-12-12,2024,3,22932.75,22846.75,86.0,22889.75,120,26,20,True,True,22901.25,22892.0,22901.25,22901.25,22883.5,22888.0,high,1.0,1.0,1.0,False,,,,,,dual_rel_reh,True,True,L79,1.0,False,,,,False,False,False,False
2024-12-13,2024,4,23041.75,22979.25,62.5,23010.5,120,28,26,True,True,23010.75,23018.75,23011.75,23010.75,23010.75,23010.75,high,1.0,1.0,1.0,True,REL,2024-12-13 09:30:00,23041.75,1.0,1.0,,True,True,H79,1.0,True,1.0,1.0,1.0,False,False,False,False
2024-12-16,2024,0,23121.25,23067.75,53.5,23094.5,120,21,22,True,True,23088.75,23095.5,23089.0,23068.0,23090.75,23090.75,low,1.0,1.0,0.0,True,REH,2024-12-16 09:30:00,23067.75,0.0,0.0,,True,True,H79,0.0,False,,0.0,0.0,False,False,False,False
2024-12-17,2024,1,23310.5,23235.5,75.0,23273.0,120,23,24,True,True,23273.75,23274.75,23274.5,23236.25,23273.0,23273.0,low,0.0,0.0,1.0,True,REL,2024-12-17 09:30:00,23310.5,0.0,0.0,,True,True,L79,0.0,True,1.0,0.0,0.0,False,False,False,False
2024-12-18,2024,2,23299.75,23205.25,94.5,23252.5,120,0,0,False,False,,,,,,,,,,,False,,,,,,event,False,False,,,False,,,,True,False,False,False
2024-12-19,2024,3,22592.75,22479.0,113.75,22535.875,120,23,25,True,True,22543.75,22571.0,22544.0,22543.75,22531.75,22531.75,high,1.0,1.0,1.0,False,,,,,,dual_rel_range_samebar,True,True,H79,1.0,False,,,,False,False,False,False
2024-12-20,2024,4,22141.75,21918.5,223.25,22030.125,120,24,25,True,True,22005.5,22023.75,22006.5,21944.75,22005.5,22005.5,high,0.0,1.0,0.0,True,REH,2024-12-20 09:30:00,21918.5,0.0,0.0,,True,True,H79,0.0,False,,0.0,0.0,False,False,False,False
2024-12-23,2024,0,22584.5,22456.25,128.25,22520.375,120,29,30,True,True,22535.25,22528.75,22535.75,22535.25,22528.75,22523.75,low,1.0,1.0,1.0,False,,,,,,dual_rel_reh,True,True,H79,1.0,False,,,,False,False,False,False
2024-12-24,2024,1,,,,,0,0,0,False,False,,,,,,,,,,,False,,,,,,early_close,False,False,,,False,,,,False,False,True,False
2024-12-26,2024,3,22889.5,22819.5,70.0,22854.5,120,27,30,True,True,22853.75,22862.5,22854.5,22846.0,22854.5,22854.5,low,1.0,1.0,1.0,True,REH,2024-12-26 09:30:00,22819.5,1.0,1.0,,True,True,H79,1.0,False,,1.0,1.0,False,False,False,False
2024-12-27,2024,4,22867.25,22797.25,70.0,22832.25,120,28,22,True,True,22833.25,22838.25,22833.5,22815.5,22833.25,22833.25,low,0.0,0.0,1.0,False,,,,,,dual_rel_range_samebar,True,True,L79,0.0,True,0.0,,,False,False,False,False
2024-12-30,2024,0,22565.5,22270.5,295.0,22418.0,120,24,23,True,True,22379.5,22408.25,22379.75,22378.75,22379.5,22389.75,low,0.0,0.0,1.0,True,REL,2024-12-30 09:30:00,22565.5,0.0,0.0,,True,True,L79,0.0,True,0.0,0.0,0.0,False,False,False,False
2024-12-31,2024,1,22436.75,22348.0,88.75,22392.375,120,22,22,True,True,22391.25,22391.5,22392.25,22375.75,22391.25,22391.25,high,1.0,0.0,1.0,True,REL,2024-12-31 09:30:00,22436.75,0.0,0.0,,True,True,L79,0.0,True,1.0,0.0,0.0,False,False,False,False
2025-01-02,2025,3,22402.5,22316.25,86.25,22359.375,120,29,28,True,True,22368.0,22359.25,22368.5,22321.75,22355.25,22355.25,high,1.0,0.0,1.0,False,,,,,,dual_rel_range_samebar,True,True,L79,0.0,True,0.0,,,False,False,False,False
2025-01-03,2025,4,22185.5,22120.5,65.0,22153.0,120,24,23,True,True,22151.25,22153.0,22152.0,22133.0,22151.25,22153.75,low,1.0,1.0,0.0,False,,,,,,dual_rel_range_samebar,True,True,H79,0.0,False,,,,False,False,False,False
2025-01-06,2025,0,22672.5,22619.0,53.5,22645.75,120,27,23,True,True,22644.25,22645.25,22644.5,22624.0,22644.25,22644.25,high,0.0,1.0,0.0,False,,,,,,dual_rel_reh,True,True,H79,0.0,False,,,,False,False,False,False
2025-01-07,2025,1,22683.0,22630.75,52.25,22656.875,120,19,23,True,True,22657.0,22657.5,22657.25,22642.5,22657.0,22657.0,high,1.0,1.0,1.0,False,,,,,,dual_rel_range_samebar,True,True,H79,1.0,False,,,,False,False,False,False
2025-01-08,2025,2,22305.5,22133.5,172.0,22219.5,120,20,28,True,True,22218.75,22192.0,22219.5,22160.25,22219.5,22219.5,low,1.0,1.0,0.0,True,REH,2025-01-08 09:30:00,22133.5,0.0,0.0,,True,True,H79,0.0,False,,0.0,0.0,False,False,False,False
2025-01-09,2025,3,22246.0,22197.75,48.25,22221.875,120,32,22,True,True,22222.0,22220.5,22222.25,22198.0,22222.0,22222.0,low,0.0,0.0,0.0,True,REL,2025-01-09 09:30:00,22246.0,0.0,0.0,,True,False,,,True,0.0,0.0,0.0,False,False,False,False
2025-01-10,2025,4,22235.5,21957.0,278.5,22096.25,120,0,0,False,False,,,,,,,,,,,False,,,,,,event,False,False,,,False,,,,True,False,False,False
2025-01-13,2025,0,21758.0,21637.5,120.5,21697.75,120,27,24,True,True,21689.25,21699.0,21689.25,21689.25,21690.75,21695.25,high,1.0,1.0,1.0,True,REL,2025-01-13 09:30:00,21758.0,1.0,1.0,,True,True,L79,1.0,True,1.0,0.0,1.0,False,False,False,False
2025-01-14,2025,1,22050.5,21856.0,194.5,21953.25,120,24,26,True,True,21922.5,21938.0,21922.75,21884.0,21922.5,21952.75,high,1.0,0.0,1.0,True,REH,2025-01-14 09:30:00,21856.0,1.0,1.0,,True,True,L79,0.0,False,,0.0,1.0,False,False,False,False
2025-01-15,2025,2,22241.0,21889.5,351.5,22065.25,120,0,0,False,False,,,,,,,,,,,False,,,,,,event,False,False,,,False,,,,True,False,False,False
2025-01-16,2025,3,22424.5,22332.0,92.5,22378.25,120,27,28,True,True,22378.25,22378.5,22378.5,22332.0,22378.25,22378.25,high,1.0,0.0,1.0,True,REH,2025-01-16 09:30:00,22332.0,1.0,1.0,,True,True,L79,0.0,False,,1.0,1.0,False,False,False,False
2025-01-17,2025,4,22449.0,22218.75,230.25,22333.875,120,22,19,True,True,22350.0,22264.75,22351.0,22219.0,22350.0,22350.0,low,1.0,1.0,0.0,False,,,,,,dual_rel_range_samebar,True,True,H79,0.0,False,,,,False,False,False,False
2025-01-20,2025,0,,,,,0,0,0,False,False,,,,,,,,,,,False,,,,,,holiday,False,False,,,False,,,,False,True,False,False
2025-01-21,2025,1,22641.5,22555.5,86.0,22598.5,120,23,26,True,True,22597.25,22606.5,22597.25,22595.0,22598.5,22598.5,high,1.0,0.0,1.0,True,REH,2025-01-21 09:30:00,22555.5,1.0,1.0,,True,True,L79,0.0,False,,1.0,1.0,False,False,False,False
2025-01-22,2025,2,22846.25,22792.0,54.25,22819.125,120,24,20,True,True,22818.5,22818.5,22819.25,22792.25,22819.0,22819.0,high,0.0,1.0,0.0,False,,,,,,dual_rel_reh,True,True,H79,0.0,False,,,,False,False,False,False
2025-01-23,2025,3,22831.5,22784.5,47.0,22808.0,120,25,27,True,True,22807.5,22806.75,22807.75,22788.0,22808.5,22808.25,low,1.0,1.0,1.0,True,REL,2025-01-23 09:30:00,22831.5,1.0,1.0,,True,True,L79,1.0,True,1.0,0.0,1.0,False,False,False,False
2025-01-24,2025,4,22955.75,22908.0,47.75,22931.875,120,19,23,True,True,22932.75,22932.0,22933.0,22908.5,22931.5,22931.75,high,1.0,1.0,1.0,False,,,,,,dual_rel_range_samebar,True,True,H79,1.0,False,,,,False,False,False,False
2025-01-27,2025,0,22086.75,21906.0,180.75,21996.375,120,27,23,True,True,21998.5,22010.5,21999.0,21946.75,21998.5,21998.5,high,0.0,1.0,0.0,True,REH,2025-01-27 09:30:00,21906.0,0.0,0.0,,True,True,H79,0.0,False,,0.0,0.0,False,False,False,False
2025-01-28,2025,1,22270.0,22169.75,100.25,22219.875,120,24,23,True,True,22213.0,22219.25,22214.0,22182.75,22215.5,22220.25,low,1.0,1.0,1.0,True,REL,2025-01-28 09:30:00,22270.0,1.0,1.0,,True,True,L79,1.0,True,1.0,0.0,1.0,False,False,False,False
2025-01-29,2025,2,22595.5,22472.25,123.25,22533.875,120,0,0,False,False,,,,,,,,,,,False,,,,,,event,False,False,,,False,,,,True,False,False,False
2025-01-30,2025,3,22580.5,22486.25,94.25,22533.375,120,27,28,True,True,22533.25,22535.5,22533.25,22489.75,22533.25,22533.25,high,1.0,1.0,1.0,True,REH,2025-01-30 09:30:00,22486.25,1.0,1.0,,True,True,H79,1.0,False,,0.0,1.0,False,False,False,False
2025-01-31,2025,4,22725.0,22667.75,57.25,22696.375,120,25,24,True,True,22696.0,22701.0,22696.25,22684.25,22696.0,22696.0,high,0.0,1.0,0.0,True,REL,2025-01-31 09:30:00,22725.0,1.0,1.0,,True,True,H79,0.0,True,1.0,1.0,1.0,False,False,False,False
2025-02-03,2025,0,22159.5,22067.5,92.0,22113.5,120,26,24,True,True,22110.0,22116.0,22110.5,22076.0,22112.0,22114.25,low,1.0,1.0,1.0,True,REH,2025-02-03 09:30:00,22067.5,1.0,1.0,,True,True,H79,1.0,False,,0.0,1.0,False,False,False,False
2025-02-04,2025,1,22410.5,22311.0,99.5,22360.75,120,25,25,True,True,22358.25,22364.0,22358.5,22331.5,22359.75,22359.75,high,0.0,1.0,0.0,True,REL,2025-02-04 09:30:00,22410.5,1.0,1.0,,True,True,H79,0.0,True,1.0,1.0,1.0,False,False,False,False
2025-02-05,2025,2,22465.75,22383.0,82.75,22424.375,120,28,24,True,True,22427.75,22425.5,22428.0,22399.0,22426.25,22424.5,low,1.0,1.0,0.0,False,,,,,,dual_rel_range_samebar,True,True,H79,0.0,False,,,,False,False,False,False
2025-02-06,2025,3,22689.0,22617.75,71.25,22653.375,120,30,30,True,True,22660.25,22655.5,22660.75,22624.25,22656.25,22650.75,low,1.0,1.0,0.0,False,,,,,,dual_rel_range_samebar,True,True,H79,0.0,False,,,,False,False,False,False
2025-02-07,2025,4,22842.0,22702.25,139.75,22772.125,120,0,0,False,False,,,,,,,,,,,False,,,,,,event,False,False,,,False,,,,True,False,False,False
2025-02-10,2025,0,22697.5,22634.0,63.5,22665.75,120,27,23,True,True,22658.0,22654.75,22658.25,22634.25,22660.25,22666.25,low,1.0,1.0,0.0,True,REH,2025-02-10 09:30:00,22634.0,0.0,0.0,,True,True,H79,0.0,False,,0.0,0.0,False,False,False,False
2025-02-11,2025,1,22682.0,22588.25,93.75,22635.125,120,26,27,True,True,22632.0,22635.5,22632.25,22626.75,22632.0,22632.0,high,0.0,1.0,0.0,True,REL,2025-02-11 09:30:00,22682.0,1.0,1.0,,True,True,H79,0.0,True,1.0,1.0,1.0,False,False,False,False
2025-02-12,2025,2,22762.0,22426.25,335.75,22594.125,120,0,0,False,False,,,,,,,,,,,False,,,,,,event,False,False,,,False,,,,True,False,False,False
2025-02-13,2025,3,22812.75,22699.25,113.5,22756.0,120,28,27,True,True,22764.0,22738.5,22765.0,22699.75,22764.0,22764.0,low,1.0,1.0,0.0,True,REH,2025-02-13 09:30:00,22699.25,0.0,0.0,,True,True,H79,0.0,False,,0.0,0.0,False,False,False,False
2025-02-14,2025,4,23027.25,22968.25,59.0,22997.75,120,33,26,True,True,22996.5,22998.0,22996.75,22980.0,22997.75,22997.75,high,0.0,1.0,0.0,False,,,,,,dual_rel_range_samebar,True,True,H79,0.0,False,,,,False,False,False,False
2025-02-17,2025,0,,,,,0,0,0,False,False,,,,,,,,,,,False,,,,,,holiday,False,False,,,False,,,,False,True,False,False
2025-02-18,2025,1,23223.25,23179.25,44.0,23201.25,120,23,22,True,True,23201.25,23202.25,23202.25,23180.25,23201.25,23201.25,low,0.0,0.0,1.0,False,,,,,,dual_rel_range_samebar,True,True,L79,0.0,True,0.0,,,False,False,False,False
2025-02-19,2025,2,23167.75,23091.5,76.25,23129.625,120,26,23,True,True,23129.25,23122.5,23130.25,23092.0,23129.25,23129.25,low,0.0,0.0,1.0,True,REL,2025-02-19 09:30:00,23167.75,0.0,0.0,,True,True,L79,0.0,True,1.0,0.0,0.0,False,False,False,False
2025-02-20,2025,3,23124.75,23085.5,39.25,23105.125,120,28,23,True,True,23105.0,23104.25,23105.5,23094.5,23105.0,23105.25,low,1.0,1.0,1.0,False,,,,,,dual_rel_range_samebar,True,True,H79,1.0,False,,,,False,False,False,False
2025-02-21,2025,4,23157.5,23068.75,88.75,23113.125,120,26,26,True,True,23114.25,23120.75,23114.25,23085.25,23114.25,23114.25,low,0.0,0.0,1.0,True,REL,2025-02-21 09:30:00,23157.5,0.0,0.0,,True,True,L79,0.0,True,0.0,0.0,0.0,False,False,False,False
2025-02-24,2025,0,22712.5,22651.5,61.0,22682.0,120,21,26,True,True,22682.5,22681.0,22683.25,22654.0,22682.0,22682.0,high,1.0,1.0,1.0,True,REL,2025-02-24 09:30:00,22712.5,1.0,1.0,,True,True,L79,1.0,True,1.0,1.0,1.0,False,False,False,False
2025-02-25,2025,1,22363.75,22274.75,89.0,22319.25,120,24,24,True,True,22320.75,22330.25,22321.0,22277.75,22319.0,22319.0,low,0.0,0.0,1.0,True,REL,2025-02-25 09:30:00,22363.75,0.0,0.0,,True,True,L79,0.0,True,0.0,0.0,0.0,False,False,False,False
2025-02-26,2025,2,22244.5,22166.5,78.0,22205.5,120,22,20,True,True,22205.5,22210.0,22205.5,22185.75,22205.5,22205.5,high,1.0,1.0,1.0,False,,,,,,dual_rel_range_samebar,True,True,L79,1.0,True,1.0,,,False,False,False,False
2025-02-27,2025,3,22298.5,22180.75,117.75,22239.625,120,26,24,True,True,22226.25,22267.0,22227.0,22226.25,22226.25,22251.0,low,0.0,0.0,1.0,True,REH,2025-02-27 09:31:00,22180.75,1.0,1.0,,True,True,L79,0.0,False,,1.0,1.0,False,False,False,False
2025-02-28,2025,4,21576.75,21473.5,103.25,21525.125,120,27,26,True,True,21530.0,21522.25,21530.5,21494.0,21528.0,21525.75,high,1.0,1.0,1.0,True,REL,2025-02-28 09:30:00,21576.75,1.0,1.0,,True,True,L79,1.0,True,1.0,0.0,1.0,False,False,False,False
2025-03-03,2025,0,22013.0,21943.25,69.75,21978.125,120,30,24,True,True,21977.5,21979.25,21977.75,21947.25,21977.5,21978.0,high,1.0,1.0,1.0,True,REL,2025-03-03 09:30:00,22013.0,1.0,1.0,,True,True,L79,1.0,True,1.0,1.0,1.0,False,False,False,False
2025-03-04,2025,1,21391.5,21174.0,217.5,21282.75,120,28,22,True,True,21252.75,21282.75,21253.0,21198.5,21254.75,21263.0,low,0.0,0.0,1.0,True,REL,2025-03-04 09:30:00,21391.5,0.0,0.0,,True,True,L79,0.0,True,1.0,0.0,0.0,False,False,False,False
2025-03-05,2025,2,21439.5,21315.0,124.5,21377.25,120,28,27,True,True,21384.25,21377.5,21384.5,21344.5,21384.25,21384.25,low,0.0,0.0,1.0,True,REL,2025-03-05 09:30:00,21439.5,0.0,0.0,,True,True,L79,0.0,True,1.0,0.0,0.0,False,False,False,False
2025-03-06,2025,3,21341.75,21211.0,130.75,21276.375,120,26,20,True,True,21276.5,21287.75,21276.5,21212.0,21276.5,21276.5,high,1.0,1.0,1.0,True,REL,2025-03-06 09:30:00,21341.75,1.0,1.0,,True,True,L79,1.0,True,1.0,0.0,1.0,False,False,False,False
2025-03-07,2025,4,21185.75,20973.5,212.25,21079.625,120,0,0,False,False,,,,,,,,,,,False,,,,,,event,False,False,,,False,,,,True,False,False,False
2025-03-10,2025,0,20932.5,20773.0,159.5,20852.75,120,31,27,True,True,20882.5,20824.75,20882.75,20798.5,20882.5,20866.25,low,0.0,0.0,1.0,True,REL,2025-03-10 09:30:00,20932.5,0.0,0.0,,True,True,L79,0.0,True,0.0,0.0,0.0,False,False,False,False
2025-03-11,2025,1,20497.0,20351.25,145.75,20424.125,120,23,26,True,True,20427.0,20424.0,20427.5,20355.25,20427.0,20427.0,low,1.0,1.0,1.0,False,,,,,,dual_rel_range_samebar,True,True,L79,1.0,True,1.0,,,False,False,False,False
2025-03-12,2025,2,20700.75,20455.0,245.75,20577.875,120,0,0,False,False,,,,,,,,,,,False,,,,,,event,False,False,,,False,,,,True,False,False,False
2025-03-13,2025,3,20512.0,20389.0,123.0,20450.5,120,26,26,True,True,20446.5,20444.5,20447.0,20407.75,20448.25,20450.25,low,0.0,0.0,1.0,True,REH,2025-03-13 09:30:00,20389.0,1.0,1.0,,True,True,L79,0.0,False,,1.0,1.0,False,False,False,False
2025-03-14,2025,4,20445.5,20336.0,109.5,20390.75,120,26,26,True,True,20387.75,20389.5,20388.5,20343.25,20387.75,20387.75,high,0.0,1.0,0.0,True,REL,2025-03-14 09:30:00,20445.5,1.0,1.0,,True,True,H79,0.0,True,1.0,1.0,1.0,False,False,False,False
2025-03-17,2025,0,20696.25,20575.75,120.5,20636.0,120,24,25,True,True,20616.0,20634.75,20616.5,20587.75,20618.5,20618.5,high,1.0,1.0,1.0,True,REL,2025-03-17 09:30:00,20696.25,1.0,1.0,,True,True,H79,1.0,True,1.0,1.0,1.0,False,False,False,False
2025-03-18,2025,1,20706.25,20609.5,96.75,20657.875,120,25,23,True,True,20656.0,20660.5,20656.5,20638.5,20658.5,20657.75,high,1.0,0.0,1.0,False,,,,,,dual_rel_range_samebar,True,True,L79,0.0,True,0.0,,,False,False,False,False
2025-03-19,2025,2,20498.25,20451.0,47.25,20474.625,120,0,0,False,False,,,,,,,,,,,False,,,,,,event,False,False,,,False,,,,True,False,False,False
2025-03-20,2025,3,20570.5,20503.0,67.5,20536.75,120,29,30,True,True,20536.75,20532.0,20537.5,20521.25,20536.75,20536.75,high,1.0,1.0,1.0,False,,,,,,dual_rel_range_samebar,True,True,L79,1.0,True,1.0,,,False,False,False,False
2025-03-21,2025,4,20538.5,20378.75,159.75,20458.625,120,30,29,True,True,20497.5,20428.0,20497.75,20394.0,20495.75,20495.75,low,0.0,0.0,1.0,False,,,,,,dual_rel_range_samebar,True,True,L79,0.0,True,1.0,,,False,False,False,False
2025-03-24,2025,0,20984.75,20918.75,66.0,20951.75,120,25,23,True,True,20951.75,20955.25,20952.25,20919.0,20951.75,20951.75,high,0.0,1.0,0.0,True,REH,2025-03-24 09:30:00,20918.75,0.0,0.0,,True,True,H79,0.0,False,,0.0,0.0,False,False,False,False
2025-03-25,2025,1,21156.0,21072.5,83.5,21114.25,120,20,23,True,True,21114.5,21120.0,21115.5,21085.25,21114.5,21114.5,low,1.0,1.0,1.0,True,REL,2025-03-25 09:30:00,21156.0,1.0,1.0,,True,True,L79,1.0,True,1.0,0.0,1.0,False,False,False,False
2025-03-26,2025,2,21201.5,21158.5,43.0,21180.0,120,22,24,True,True,21180.0,21180.0,21180.75,21158.75,21180.0,21180.0,high,1.0,0.0,1.0,False,,,,,,dual_rel_range_samebar,True,True,L79,0.0,True,1.0,,,False,False,False,False
2025-03-27,2025,3,20813.75,20739.5,74.25,20776.625,120,28,23,True,True,20776.25,20776.0,20776.75,20755.75,20776.25,20776.25,high,1.0,1.0,1.0,False,,,,,,dual_rel_range_samebar,True,True,L79,1.0,True,1.0,,,False,False,False,False
2025-03-28,2025,4,20666.75,20571.75,95.0,20619.25,120,23,22,True,True,20633.25,20602.25,20633.5,20579.75,20618.75,20618.75,low,0.0,0.0,1.0,False,,,,,,dual_rel_reh,True,True,L79,0.0,False,,,,False,False,False,False
2025-03-31,2025,0,19937.25,19827.0,110.25,19882.125,120,24,27,True,True,19878.5,19888.75,19879.0,19855.75,19880.5,19880.5,low,1.0,1.0,1.0,True,REL,2025-03-31 09:30:00,19937.25,1.0,1.0,,True,True,L79,1.0,True,1.0,0.0,0.0,False,False,False,False
2025-04-01,2025,1,20116.25,20019.75,96.5,20068.0,120,22,25,True,True,20067.5,20068.5,20067.75,20046.5,20067.5,20067.5,low,1.0,1.0,1.0,True,REH,2025-04-01 09:30:00,20019.75,1.0,1.0,,True,True,H79,1.0,False,,0.0,1.0,False,False,False,False
2025-04-02,2025,2,20191.5,20051.75,139.75,20121.625,120,26,28,True,True,20150.75,20111.0,20151.75,20078.0,20148.25,20148.25,low,1.0,1.0,1.0,False,,,,,,dual_rel_range_samebar,True,True,L79,1.0,True,1.0,,,False,False,False,False
2025-04-03,2025,3,19769.75,19558.75,211.0,19664.25,120,25,28,True,True,19670.25,19692.5,19670.75,19670.25,19670.25,19670.25,high,1.0,1.0,1.0,True,REL,2025-04-03 09:30:00,19769.75,1.0,1.0,,True,True,H79,1.0,True,1.0,1.0,1.0,False,False,False,False
2025-04-04,2025,4,18948.5,18529.25,419.25,18738.875,120,0,0,False,False,,,,,,,,,,,False,,,,,,event,False,False,,,False,,,,True,False,False,False
2025-04-07,2025,0,17940.75,17669.25,271.5,17805.0,120,24,26,True,True,17815.0,17758.5,17815.0,17710.75,17815.0,17815.0,low,1.0,1.0,1.0,False,,,,,,dual_rel_range_samebar,True,True,L79,1.0,True,1.0,,,False,False,False,False
2025-04-08,2025,1,18770.75,18468.5,302.25,18619.625,120,28,27,True,True,18635.5,18662.75,18636.5,18487.75,18625.25,18625.25,low,1.0,1.0,0.0,False,,,,,,dual_rel_range_samebar,True,True,H79,0.0,False,,,,False,False,False,False
2025-04-09,2025,2,18055.75,17576.0,479.75,17815.875,120,30,26,True,True,17724.0,17796.5,17724.0,17621.75,17724.0,17737.75,low,1.0,1.0,0.0,True,REH,2025-04-09 09:30:00,17576.0,0.0,0.0,,True,True,H79,0.0,False,,0.0,0.0,False,False,False,False
2025-04-10,2025,3,19695.5,19441.75,253.75,19568.625,120,0,0,False,False,,,,,,,,,,,False,,,,,,event,False,False,,,False,,,,True,False,False,False
2025-04-11,2025,4,19380.75,19171.0,209.75,19275.875,120,29,27,True,True,19259.0,19266.25,19259.25,19214.75,19265.25,19265.25,low,0.0,0.0,1.0,False,,,,,,dual_rel_range_samebar,True,True,L79,0.0,True,1.0,,,False,False,False,False
2025-04-14,2025,0,19905.0,19771.5,133.5,19838.25,120,27,30,True,True,19837.75,19838.25,19837.75,19776.0,19837.75,19838.5,high,1.0,1.0,1.0,False,,,,,,dual_rel_range_samebar,True,True,H79,1.0,False,,,,False,False,False,False
2025-04-15,2025,1,19702.75,19544.25,158.5,19623.5,120,22,23,True,True,19608.75,19621.0,19608.75,19577.75,19608.75,19612.0,low,1.0,1.0,0.0,True,REH,2025-04-15 09:30:00,19544.25,0.0,0.0,,True,True,H79,0.0,False,,0.0,0.0,False,False,False,False
2025-04-16,2025,2,19432.5,19338.5,94.0,19385.5,120,26,30,True,True,19390.75,19396.0,19391.5,19338.75,19390.75,19387.75,low,1.0,1.0,1.0,False,,,,,,dual_rel_range_samebar,True,True,L79,1.0,True,1.0,,,False,False,False,False
2025-04-17,2025,3,19332.75,19165.25,167.5,19249.0,120,24,26,True,True,19243.5,19248.0,19243.5,19205.75,19243.5,19243.5,low,0.0,0.0,1.0,True,REL,2025-04-17 09:30:00,19332.75,0.0,0.0,,True,True,L79,0.0,True,0.0,0.0,0.0,False,False,False,False
2025-04-21,2025,0,18922.25,18788.5,133.75,18855.375,120,28,31,True,True,18827.5,18845.0,18828.5,18788.5,18829.75,18829.75,high,1.0,0.0,1.0,True,REH,2025-04-21 09:31:00,18788.5,1.0,1.0,,True,True,L79,0.0,False,,1.0,1.0,False,False,False,False
2025-04-22,2025,1,18846.0,18752.25,93.75,18799.125,120,27,25,True,True,18792.0,18801.5,18792.5,18752.5,18794.0,18794.0,low,1.0,1.0,0.0,False,,,,,,dual_rel_range_samebar,True,True,H79,0.0,False,,,,False,False,False,False
2025-04-23,2025,2,19680.5,19566.25,114.25,19623.375,120,22,20,True,True,19623.75,19610.25,19624.5,19566.75,19623.75,19623.75,low,1.0,1.0,1.0,True,REH,2025-04-23 09:30:00,19566.25,1.0,1.0,,True,True,H79,1.0,False,,0.0,0.0,False,False,False,False
2025-04-24,2025,3,19574.25,19438.0,136.25,19506.125,120,22,24,True,True,19496.5,19498.0,19497.25,19443.5,19496.5,19500.25,high,0.0,1.0,0.0,False,,,,,,dual_rel_range_samebar,True,True,H79,0.0,False,,,,False,False,False,False
2025-04-25,2025,4,20030.5,19930.75,99.75,19980.625,120,27,25,True,True,19977.5,19977.75,19978.0,19947.75,19979.5,19979.5,high,0.0,1.0,0.0,True,REH,2025-04-25 09:30:00,19930.75,0.0,0.0,,True,True,H79,0.0,False,,0.0,0.0,False,False,False,False
2025-04-28,2025,0,20258.5,20174.75,83.75,20216.625,120,21,24,True,True,20216.5,20215.5,20216.75,20181.75,20216.75,20216.75,low,1.0,1.0,1.0,False,,,,,,dual_rel_range_samebar,True,True,H79,1.0,False,,,,False,False,False,False
2025-04-29,2025,1,20246.5,20155.25,91.25,20200.875,120,27,26,True,True,20200.5,20209.0,20200.5,20194.5,20200.5,20201.0,low,1.0,1.0,1.0,False,,,,,,dual_rel_range_samebar,True,True,L79,1.0,True,1.0,,,False,False,False,False
2025-04-30,2025,2,20309.5,19966.0,343.5,20137.75,120,27,26,True,True,20122.0,20140.25,20122.0,19967.0,20122.0,20122.0,low,0.0,0.0,1.0,True,REL,2025-04-30 09:30:00,20309.5,0.0,0.0,,True,True,L79,0.0,True,1.0,0.0,0.0,False,False,False,False
2025-05-01,2025,3,20744.25,20658.0,86.25,20701.125,120,30,26,True,True,20698.0,20705.0,20698.5,20670.5,20698.0,20701.0,high,1.0,1.0,1.0,True,REL,2025-05-01 09:30:00,20744.25,1.0,1.0,,True,True,L79,1.0,True,1.0,0.0,1.0,False,False,False,False
2025-05-02,2025,4,20814.0,20610.0,204.0,20712.0,120,0,0,False,False,,,,,,,,,,,False,,,,,,event,False,False,,,False,,,,True,False,False,False
2025-05-05,2025,0,20728.25,20674.5,53.75,20701.375,120,21,25,True,True,20702.5,20703.0,20702.75,20675.5,20702.5,20702.5,high,0.0,1.0,0.0,True,REH,2025-05-05 09:30:00,20674.5,0.0,0.0,,True,True,H79,0.0,False,,0.0,0.0,False,False,False,False
2025-05-06,2025,1,20616.75,20511.5,105.25,20564.125,120,27,25,True,True,20555.0,20563.5,20555.25,20512.25,20557.25,20562.0,high,1.0,1.0,1.0,False,,,,,,dual_rel_range_samebar,True,True,L79,1.0,True,1.0,,,False,False,False,False
2025-05-07,2025,2,20738.75,20616.5,122.25,20677.625,120,0,0,False,False,,,,,,,,,,,False,,,,,,event,False,False,,,False,,,,True,False,False,False
2025-05-08,2025,3,20965.75,20843.0,122.75,20904.375,120,24,25,True,True,20905.75,20911.5,20905.75,20843.25,20904.75,20904.75,low,1.0,1.0,1.0,True,REL,2025-05-08 09:30:00,20965.75,1.0,1.0,,True,True,L79,1.0,True,1.0,0.0,0.0,False,False,False,False
2025-05-09,2025,4,20997.25,20848.5,148.75,20922.875,120,27,28,True,True,20917.0,20923.0,20917.25,20908.5,20917.0,20928.5,high,1.0,0.0,1.0,True,REH,2025-05-09 09:30:00,20848.5,1.0,1.0,,True,True,L79,0.0,False,,0.0,1.0,False,False,False,False
2025-05-12,2025,0,21700.0,21591.5,108.5,21645.75,120,21,24,True,True,21646.25,21642.75,21647.25,21612.0,21645.5,21645.5,low,0.0,0.0,1.0,True,REL,2025-05-12 09:30:00,21700.0,0.0,0.0,,True,True,L79,0.0,True,0.0,0.0,0.0,False,False,False,False
2025-05-13,2025,1,21774.25,21595.0,179.25,21684.625,120,0,0,False,False,,,,,,,,,,,False,,,,,,event,False,False,,,False,,,,True,False,False,False
2025-05-14,2025,2,22091.0,22001.25,89.75,22046.125,120,24,26,True,True,22045.5,22047.75,22045.5,22026.5,22046.5,22046.5,high,1.0,1.0,1.0,True,REL,2025-05-14 09:30:00,22091.0,1.0,1.0,,True,True,H79,1.0,True,1.0,1.0,1.0,False,False,False,False
2025-05-15,2025,3,22038.5,21944.75,93.75,21991.625,120,27,27,True,True,21991.5,21991.75,21992.0,21965.5,21991.5,21991.5,low,1.0,1.0,0.0,True,REH,2025-05-15 09:30:00,21944.75,0.0,0.0,,True,True,H79,0.0,False,,0.0,0.0,False,False,False,False
2025-05-16,2025,4,22209.5,22142.5,67.0,22176.0,120,25,23,True,True,22176.0,22176.0,22176.0,22154.75,22176.0,22176.0,high,1.0,0.0,1.0,False,,,,,,dual_rel_reh,True,True,L79,0.0,False,,,,False,False,False,False
2025-05-19,2025,0,21928.5,21869.5,59.0,21899.0,120,24,23,True,True,21899.0,21895.75,21899.0,21873.25,21899.0,21899.0,low,1.0,1.0,0.0,True,REH,2025-05-19 09:30:00,21869.5,0.0,0.0,,True,True,H79,0.0,False,,0.0,0.0,False,False,False,False
2025-05-20,2025,1,22192.25,22127.0,65.25,22159.625,120,25,25,True,True,22165.5,22147.75,22165.75,22135.75,22163.25,22163.25,high,1.0,0.0,1.0,False,,,,,,dual_rel_range_samebar,True,True,L79,0.0,True,1.0,,,False,False,False,False
2025-05-21,2025,2,22064.25,21992.5,71.75,22028.375,120,21,26,True,True,22033.5,22026.0,22034.25,22000.0,22031.5,22031.5,high,1.0,1.0,1.0,False,,,,,,dual_rel_range_samebar,True,True,L79,1.0,True,1.0,,,False,False,False,False
2025-05-22,2025,3,21952.0,21748.5,203.5,21850.25,120,23,15,True,True,21835.0,21780.25,21835.5,21748.5,21860.5,21860.5,low,1.0,1.0,0.0,True,REH,2025-05-22 09:30:00,21748.5,0.0,0.0,,True,True,H79,0.0,False,,0.0,0.0,False,False,False,False
2025-05-23,2025,4,21891.75,21435.5,456.25,21663.625,120,29,24,True,True,21796.25,21547.75,21796.5,21482.5,21796.25,21796.25,low,0.0,0.0,0.0,False,,,,,,dual_rel_reh,True,False,,,False,,,,False,False,False,False
2025-05-26,2025,0,,,,,0,0,0,False,False,,,,,,,,,,,False,,,,,,holiday,False,False,,,False,,,,False,True,False,False
2025-05-27,2025,1,22019.0,21962.25,56.75,21990.625,120,26,20,True,True,21990.5,22004.5,21990.5,21967.75,21990.5,21990.75,low,1.0,1.0,1.0,True,REL,2025-05-27 09:30:00,22019.0,1.0,1.0,,True,True,L79,1.0,True,1.0,0.0,1.0,False,False,False,False
2025-05-28,2025,2,22246.0,22194.75,51.25,22220.375,120,26,21,True,True,22221.5,22219.5,22222.0,22194.75,22220.0,22220.25,high,1.0,1.0,1.0,True,REL,2025-05-28 09:30:00,22246.0,1.0,1.0,,True,True,H79,1.0,True,1.0,1.0,1.0,False,False,False,False
2025-05-29,2025,3,22448.0,22329.0,119.0,22388.5,120,26,24,True,True,22386.75,22395.75,22386.75,22335.75,22386.75,22389.25,high,1.0,0.0,1.0,True,REL,2025-05-29 09:30:00,22448.0,0.0,0.0,,True,True,L79,0.0,True,0.0,0.0,0.0,False,False,False,False
2025-05-30,2025,4,22129.5,21934.75,194.75,22032.125,120,27,25,True,True,21991.5,22041.0,21991.5,21991.5,22050.75,22046.25,low,0.0,0.0,0.0,True,REH,2025-05-30 09:30:00,21934.75,0.0,0.0,,True,False,,,False,,0.0,0.0,False,False,False,False
2025-06-02,2025,0,22003.0,21947.25,55.75,21975.125,120,26,25,True,True,21975.0,21972.75,21976.0,21947.75,21975.25,21975.25,high,1.0,1.0,1.0,True,REH,2025-06-02 09:30:00,21947.25,1.0,1.0,,True,True,H79,1.0,False,,0.0,1.0,False,False,False,False
2025-06-03,2025,1,22252.0,22192.5,59.5,22222.25,120,28,23,True,True,22222.25,22222.75,22223.0,22193.25,22222.25,22222.25,high,0.0,1.0,0.0,False,,,,,,dual_rel_range_samebar,True,True,H79,0.0,False,,,,False,False,False,False
2025-06-04,2025,2,22475.5,22363.75,111.75,22419.625,120,25,26,True,True,22435.75,22416.5,22435.75,22385.5,22435.75,22435.75,low,1.0,1.0,1.0,False,,,,,,dual_rel_reh,True,True,H79,1.0,False,,,,False,False,False,False
2025-06-05,2025,3,22606.5,22421.0,185.5,22513.75,120,25,26,True,True,22480.5,22489.75,22481.25,22454.5,22480.5,22522.75,low,1.0,1.0,1.0,True,REH,2025-06-05 09:30:00,22421.0,1.0,1.0,,True,True,L79,1.0,False,,1.0,1.0,False,False,False,False
2025-06-06,2025,4,22494.0,22351.25,142.75,22422.625,120,0,0,False,False,,,,,,,,,,,False,,,,,,event,False,False,,,False,,,,True,False,False,False
2025-06-09,2025,0,22532.75,22482.5,50.25,22507.625,120,21,22,True,True,22508.25,22507.25,22508.25,22495.75,22508.25,22507.75,low,1.0,1.0,1.0,False,,,,,,dual_rel_reh,True,True,L79,1.0,False,,,,False,False,False,False
2025-06-10,2025,1,22576.5,22511.5,65.0,22544.0,120,25,27,True,True,22542.0,22553.25,22542.75,22520.5,22542.0,22545.25,high,1.0,1.0,1.0,True,REL,2025-06-10 09:30:00,22576.5,1.0,1.0,,True,True,H79,1.0,True,1.0,1.0,1.0,False,False,False,False
2025-06-11,2025,2,22814.5,22590.5,224.0,22702.5,120,0,0,False,False,,,,,,,,,,,False,,,,,,event,False,False,,,False,,,,True,False,False,False
2025-06-12,2025,3,22556.5,22422.5,134.0,22489.5,120,26,29,True,True,22488.75,22485.5,22489.0,22459.25,22488.75,22489.5,low,1.0,1.0,0.0,True,REH,2025-06-12 09:30:00,22422.5,0.0,0.0,,True,True,H79,0.0,False,,0.0,0.0,False,False,False,False
2025-06-13,2025,4,22411.25,22351.0,60.25,22381.125,120,24,21,True,True,22384.25,22385.25,22384.25,22351.25,22384.25,22381.25,low,1.0,1.0,1.0,False,,,,,,dual_rel_reh,True,True,H79,1.0,False,,,,False,False,False,False
2025-06-16,2025,0,22556.75,22468.0,88.75,22512.375,120,24,28,True,True,22514.75,22523.5,22515.5,22473.25,22514.75,22514.75,low,1.0,1.0,0.0,True,REL,2025-06-16 09:30:00,22556.75,1.0,1.0,,True,True,H79,0.0,True,1.0,1.0,1.0,False,False,False,False
2025-06-17,2025,1,22595.0,22523.75,71.25,22559.375,120,28,24,True,True,22559.75,22555.5,22560.25,22534.0,22559.75,22559.75,high,1.0,1.0,1.0,False,,,,,,dual_rel_reh,True,True,H79,1.0,False,,,,False,False,False,False
2025-06-18,2025,2,22524.5,22446.0,78.5,22485.25,120,0,0,False,False,,,,,,,,,,,False,,,,,,event,False,False,,,False,,,,True,False,False,False
2025-06-19,2025,3,,,,,0,0,0,False,False,,,,,,,,,,,False,,,,,,holiday,False,False,,,False,,,,False,True,False,False
2025-06-20,2025,4,22536.25,22389.75,146.5,22463.0,120,25,28,True,True,22465.75,22484.25,22466.5,22396.25,22465.75,22463.0,low,1.0,1.0,1.0,False,,,,,,dual_rel_range_samebar,True,True,H79,1.0,False,,,,False,False,False,False
2025-06-23,2025,0,22378.25,22269.0,109.25,22323.625,120,20,21,True,True,22310.75,22317.5,22311.25,22299.25,22328.25,22323.25,high,1.0,1.0,1.0,True,REH,2025-06-23 09:30:00,22269.0,1.0,1.0,,True,True,L79,1.0,False,,1.0,1.0,False,False,False,False
2025-06-24,2025,1,22808.25,22745.75,62.5,22777.0,120,27,22,True,True,22773.75,22782.25,22774.0,22761.75,22777.5,22777.5,low,1.0,1.0,0.0,True,REH,2025-06-24 09:30:00,22745.75,0.0,0.0,,True,True,H79,0.0,False,,0.0,0.0,False,False,False,False
2025-06-25,2025,2,23001.5,22937.75,63.75,22969.625,120,21,29,True,True,22974.75,22964.5,22975.0,22939.25,22974.75,22974.75,high,1.0,1.0,1.0,True,REH,2025-06-25 09:30:00,22937.75,1.0,1.0,,True,True,H79,1.0,False,,0.0,0.0,False,False,False,False
2025-06-26,2025,3,23079.0,23014.0,65.0,23046.5,120,25,28,True,True,23048.75,23049.25,23048.75,23031.25,23048.75,23048.75,low,1.0,1.0,1.0,False,,,,,,dual_rel_reh,True,True,L79,1.0,False,,,,False,False,False,False
2025-06-27,2025,4,23282.0,23216.75,65.25,23249.375,120,26,25,True,True,23247.25,23249.5,23248.25,23221.75,23250.0,23249.5,low,1.0,1.0,1.0,False,,,,,,dual_rel_range_samebar,True,True,L79,1.0,True,1.0,,,False,False,False,False
2025-06-30,2025,0,23399.75,23347.75,52.0,23373.75,120,23,23,True,True,23375.25,23381.25,23375.25,23353.25,23375.25,23375.25,high,1.0,0.0,1.0,True,REL,2025-06-30 09:30:00,23399.75,0.0,0.0,,True,True,L79,0.0,True,0.0,0.0,0.0,False,False,False,False
2025-07-01,2025,1,23342.5,23249.75,92.75,23296.125,120,26,25,True,True,23291.0,23294.75,23291.0,23266.25,23291.0,23291.0,low,0.0,0.0,1.0,True,REH,2025-07-01 09:30:00,23249.75,1.0,1.0,,True,True,L79,0.0,False,,0.0,1.0,False,False,False,False
2025-07-02,2025,2,23195.75,23076.0,119.75,23135.875,120,18,26,True,True,23140.25,23127.5,23140.5,23140.25,23140.25,23137.0,low,1.0,1.0,0.0,True,REH,2025-07-02 09:30:00,23076.0,0.0,0.0,,True,True,H79,0.0,False,,0.0,0.0,False,False,False,False
2025-07-03,2025,3,,,,,0,0,0,False,False,,,,,,,,,,,False,,,,,,early_close,False,False,,,False,,,,True,False,True,False
2025-07-04,2025,4,,,,,0,0,0,False,False,,,,,,,,,,,False,,,,,,holiday,False,False,,,False,,,,False,True,False,False
2025-07-07,2025,0,23495.75,23435.5,60.25,23465.625,120,27,28,True,True,23464.0,23466.0,23464.25,23449.25,23466.25,23466.0,high,1.0,0.0,1.0,False,,,,,,dual_rel_range_samebar,True,True,L79,0.0,True,1.0,,,False,False,False,False
2025-07-08,2025,1,23451.0,23408.75,42.25,23429.875,120,19,20,True,True,23430.0,23426.75,23430.25,23412.5,23430.0,23430.0,high,1.0,0.0,1.0,False,,,,,,dual_rel_reh,True,True,L79,0.0,False,,,,False,False,False,False
2025-07-09,2025,2,23449.75,23411.5,38.25,23430.625,120,24,20,True,True,23431.0,23431.75,23431.25,23414.0,23431.0,23430.75,low,1.0,1.0,0.0,False,,,,,,dual_rel_range_samebar,True,True,H79,0.0,False,,,,False,False,False,False
2025-07-10,2025,3,23571.0,23529.0,42.0,23550.0,120,23,26,True,True,23550.0,23550.0,23550.25,23529.25,23550.0,23550.0,low,1.0,1.0,1.0,False,,,,,,dual_rel_range_samebar,True,True,H79,1.0,False,,,,False,False,False,False
2025-07-11,2025,4,23418.0,23362.25,55.75,23390.125,120,21,22,True,True,23393.25,23392.0,23393.5,23378.0,23391.5,23390.25,low,1.0,1.0,1.0,True,REH,2025-07-11 09:30:00,23362.25,1.0,1.0,,True,True,H79,1.0,False,,1.0,1.0,False,False,False,False
2025-07-14,2025,0,23403.0,23358.5,44.5,23380.75,120,25,23,True,True,23380.5,23383.75,23381.25,23359.25,23380.75,23380.75,low,1.0,1.0,1.0,False,,,,,,dual_rel_range_samebar,True,True,H79,1.0,False,,,,False,False,False,False
2025-07-15,2025,1,23702.0,23629.25,72.75,23665.625,120,0,0,False,False,,,,,,,,,,,False,,,,,,event,False,False,,,False,,,,True,False,False,False
2025-07-16,2025,2,23579.0,23489.25,89.75,23534.125,120,23,26,True,True,23508.0,23527.0,23508.25,23490.25,23548.25,23548.25,high,1.0,1.0,1.0,True,REH,2025-07-16 09:30:00,23489.25,1.0,1.0,,True,True,H79,1.0,False,,1.0,1.0,False,False,False,False
2025-07-17,2025,3,23641.0,23566.0,75.0,23603.5,120,25,21,True,True,23588.25,23595.5,23589.25,23566.75,23588.25,23616.5,high,1.0,1.0,1.0,True,REH,2025-07-17 09:30:00,23566.0,1.0,1.0,,True,True,L79,1.0,False,,1.0,1.0,False,False,False,False
2025-07-18,2025,4,23766.75,23745.25,21.5,23756.0,120,26,26,True,True,23756.0,23756.0,23756.25,23748.5,23756.0,23756.0,low,1.0,1.0,1.0,False,,,,,,dual_rel_range_samebar,True,True,H79,1.0,False,,,,False,False,False,False
2025-07-21,2025,0,23786.5,23731.75,54.75,23759.125,120,28,25,True,True,23758.25,23761.25,23758.25,23757.5,23758.25,23758.25,high,0.0,1.0,0.0,True,REL,2025-07-21 09:30:00,23786.5,1.0,1.0,,True,True,H79,0.0,True,1.0,1.0,1.0,False,False,False,False
2025-07-22,2025,1,23835.25,23787.75,47.5,23811.5,120,24,23,True,True,23815.0,23805.5,23815.75,23793.75,23815.0,23811.5,low,1.0,1.0,1.0,False,,,,,,dual_rel_range_samebar,True,True,H79,1.0,False,,,,False,False,False,False
2025-07-23,2025,2,23762.75,23724.25,38.5,23743.5,120,25,22,True,True,23743.25,23742.75,23743.25,23726.0,23743.25,23743.25,low,1.0,1.0,1.0,True,REH,2025-07-23 09:30:00,23724.25,1.0,1.0,,True,True,L79,1.0,False,,1.0,1.0,False,False,False,False
2025-07-24,2025,3,23896.75,23821.25,75.5,23859.0,120,22,19,True,True,23859.0,23874.75,23859.75,23859.0,23859.0,23859.0,high,1.0,0.0,1.0,False,,,,,,dual_rel_reh,True,True,L79,0.0,False,,,,False,False,False,False
2025-07-25,2025,4,23883.0,23853.5,29.5,23868.25,120,25,25,True,True,23868.0,23868.25,23868.0,23853.5,23868.25,23868.25,high,1.0,1.0,1.0,False,,,,,,dual_rel_range_samebar,True,True,L79,1.0,True,1.0,,,False,False,False,False
2025-07-28,2025,0,24015.0,23980.25,34.75,23997.625,120,23,19,True,True,23995.75,23997.5,23996.0,23983.75,23997.75,23997.75,high,1.0,1.0,1.0,False,,,,,,dual_rel_range_samebar,True,True,L79,1.0,True,1.0,,,False,False,False,False
2025-07-29,2025,1,24107.5,24066.5,41.0,24087.0,120,18,24,True,True,24087.0,24088.5,24087.25,24075.75,24087.0,24087.0,low,1.0,1.0,1.0,True,REH,2025-07-29 09:30:00,24066.5,1.0,1.0,,True,True,H79,1.0,False,,1.0,1.0,False,False,False,False
2025-07-30,2025,2,24016.0,23965.5,50.5,23990.75,120,0,0,False,False,,,,,,,,,,,False,,,,,,event,False,False,,,False,,,,True,False,False,False
2025-07-31,2025,3,24306.0,24246.75,59.25,24276.375,120,22,25,True,True,24276.25,24270.0,24276.5,24252.75,24276.25,24276.25,low,0.0,0.0,1.0,False,,,,,,dual_rel_range_samebar,True,True,L79,0.0,True,0.0,,,False,False,False,False
2025-08-01,2025,4,23661.5,23541.0,120.5,23601.25,120,0,0,False,False,,,,,,,,,,,False,,,,,,event,False,False,,,False,,,,True,False,False,False
2025-08-04,2025,0,23575.75,23525.5,50.25,23550.625,120,26,24,True,True,23550.0,23554.25,23550.75,23526.0,23550.75,23550.5,high,0.0,1.0,0.0,False,,,,,,dual_rel_range_samebar,True,True,H79,0.0,False,,,,False,False,False,False
2025-08-05,2025,1,23898.25,23837.0,61.25,23867.625,120,25,22,True,True,23865.25,23867.0,23866.0,23845.25,23868.0,23867.25,low,0.0,0.0,1.0,False,,,,,,dual_rel_range_samebar,True,True,L79,0.0,True,1.0,,,False,False,False,False
2025-08-06,2025,2,23690.75,23631.5,59.25,23661.125,120,27,26,True,True,23661.5,23662.25,23662.5,23641.0,23661.25,23661.25,high,0.0,1.0,0.0,False,,,,,,dual_rel_reh,True,True,H79,0.0,False,,,,False,False,False,False
2025-08-07,2025,3,24133.0,24069.75,63.25,24101.375,120,22,19,True,True,24101.25,24099.25,24101.75,24074.25,24101.25,24101.25,high,1.0,1.0,1.0,True,REL,2025-08-07 09:30:00,24133.0,1.0,1.0,,True,True,H79,1.0,True,1.0,1.0,1.0,False,False,False,False
2025-08-08,2025,4,24076.0,24012.25,63.75,24044.125,120,27,20,True,True,24055.5,24042.25,24055.5,24012.75,24055.5,24055.5,low,1.0,1.0,0.0,True,REL,2025-08-08 09:30:00,24076.0,1.0,1.0,,True,True,H79,0.0,True,1.0,1.0,1.0,False,False,False,False
2025-08-11,2025,0,24250.25,24201.75,48.5,24226.0,120,30,24,True,True,24226.5,24224.0,24227.25,24206.75,24226.5,24226.0,low,1.0,1.0,1.0,False,,,,,,dual_rel_range_samebar,True,True,L79,1.0,True,1.0,,,False,False,False,False
2025-08-12,2025,1,24316.25,24102.5,213.75,24209.375,120,0,0,False,False,,,,,,,,,,,False,,,,,,event,False,False,,,False,,,,True,False,False,False
2025-08-13,2025,2,24527.25,24478.25,49.0,24502.75,120,24,26,True,True,24509.0,24502.0,24509.0,24481.25,24507.0,24501.25,low,1.0,1.0,1.0,False,,,,,,dual_rel_range_samebar,True,True,H79,1.0,False,,,,False,False,False,False
2025-08-14,2025,3,24460.75,24287.25,173.5,24374.0,120,20,25,True,True,24423.25,24336.5,24423.5,24323.25,24422.0,24422.0,low,1.0,1.0,0.0,False,,,,,,dual_rel_reh,True,True,H79,0.0,False,,,,False,False,False,False
2025-08-15,2025,4,24421.25,24379.0,42.25,24400.125,120,30,29,True,True,24399.0,24404.25,24399.0,24379.75,24400.25,24400.25,high,1.0,0.0,1.0,True,REH,2025-08-15 09:30:00,24379.0,1.0,1.0,,True,True,L79,0.0,False,,1.0,1.0,False,False,False,False
2025-08-18,2025,0,24286.0,24240.25,45.75,24263.125,120,23,22,True,True,24262.0,24262.75,24262.0,24240.5,24262.0,24263.25,high,1.0,1.0,1.0,False,,,,,,dual_rel_reh,True,True,H79,1.0,False,,,,False,False,False,False
2025-08-19,2025,1,24277.0,24233.0,44.0,24255.0,120,23,23,True,True,24255.0,24260.5,24255.0,24247.75,24255.0,24255.0,low,0.0,0.0,1.0,True,REL,2025-08-19 09:30:00,24277.0,0.0,0.0,,True,True,L79,0.0,True,1.0,0.0,0.0,False,False,False,False
2025-08-20,2025,2,23946.0,23879.75,66.25,23912.875,120,24,26,True,True,23913.0,23914.25,23913.5,23890.75,23913.0,23912.75,low,0.0,0.0,1.0,True,REH,2025-08-20 09:30:00,23879.75,1.0,1.0,,True,True,L79,0.0,False,,1.0,1.0,False,False,False,False
2025-08-21,2025,3,23828.25,23709.25,119.0,23768.75,120,30,22,True,True,23768.25,23781.25,23769.0,23709.5,23768.75,23768.75,high,1.0,1.0,1.0,True,REL,2025-08-21 09:30:00,23828.25,1.0,1.0,,True,True,L79,1.0,True,1.0,0.0,1.0,False,False,False,False
2025-08-22,2025,4,23774.75,23733.5,41.25,23754.125,120,28,26,True,True,23754.25,23754.25,23754.75,23737.75,23754.25,23754.25,high,1.0,1.0,1.0,False,,,,,,dual_rel_reh,True,True,L79,1.0,False,,,,False,False,False,False
2025-08-25,2025,0,23995.0,23956.75,38.25,23975.875,120,27,20,True,True,23973.0,23977.25,23973.5,23957.25,23975.0,23975.0,low,1.0,1.0,1.0,True,REH,2025-08-25 09:30:00,23956.75,1.0,1.0,,True,True,H79,1.0,False,,1.0,1.0,False,False,False,False
2025-08-26,2025,1,23988.75,23933.5,55.25,23961.125,120,25,20,True,True,23962.25,23965.5,23962.25,23941.75,23961.25,23961.25,high,1.0,1.0,1.0,False,,,,,,dual_rel_reh,True,True,H79,1.0,False,,,,False,False,False,False
2025-08-27,2025,2,24115.0,24057.5,57.5,24086.25,120,19,24,True,True,24091.5,24075.5,24092.0,24065.75,24091.5,24091.5,high,1.0,1.0,1.0,False,,,,,,dual_rel_range_samebar,True,True,L79,1.0,True,1.0,,,False,False,False,False
2025-08-28,2025,3,24147.75,24076.75,71.0,24112.25,120,26,29,True,True,24113.5,24109.0,24114.0,24081.25,24113.5,24113.5,high,1.0,1.0,1.0,True,REH,2025-08-28 09:30:00,24076.75,1.0,1.0,,True,True,H79,1.0,False,,1.0,1.0,False,False,False,False
2025-08-29,2025,4,24175.5,24115.75,59.75,24145.625,120,23,25,True,True,24141.5,24143.75,24141.5,24119.25,24141.5,24144.75,high,1.0,0.0,1.0,True,REH,2025-08-29 09:30:00,24115.75,1.0,1.0,,True,True,L79,0.0,False,,1.0,1.0,False,False,False,False
2025-09-01,2025,0,,,,,0,0,0,False,False,,,,,,,,,,,False,,,,,,holiday,False,False,,,False,,,,False,True,False,False
2025-09-02,2025,1,23754.25,23554.25,200.0,23654.25,120,23,25,True,True,23609.25,23667.0,23609.75,23609.25,23652.25,23652.25,high,1.0,1.0,1.0,True,REL,2025-09-02 09:30:00,23754.25,1.0,1.0,,True,True,L79,1.0,True,1.0,1.0,1.0,False,False,False,False
2025-09-03,2025,2,23952.5,23893.75,58.75,23923.125,120,27,24,True,True,23924.0,23923.5,23924.0,23903.0,23923.25,23923.25,low,1.0,1.0,1.0,False,,,,,,dual_rel_reh,True,True,L79,1.0,False,,,,False,False,False,False
2025-09-04,2025,3,24016.75,23963.5,53.25,23990.125,120,24,26,True,True,23991.0,23987.25,23991.25,23967.0,23989.5,23990.25,high,1.0,1.0,1.0,True,REL,2025-09-04 09:30:00,24016.75,1.0,1.0,,True,True,L79,1.0,True,1.0,1.0,1.0,False,False,False,False
2025-09-05,2025,4,24365.0,24219.5,145.5,24292.25,120,0,0,False,False,,,,,,,,,,,False,,,,,,event,False,False,,,False,,,,True,False,False,False
2025-09-08,2025,0,24276.25,24237.5,38.75,24256.875,120,21,20,True,True,24259.0,24262.75,24259.5,24238.0,24256.5,24257.0,low,1.0,1.0,0.0,False,,,,,,dual_rel_range_samebar,True,True,H79,0.0,False,,,,False,False,False,False
2025-09-09,2025,1,24351.25,24305.75,45.5,24328.5,120,24,21,True,True,24328.75,24327.25,24328.75,24306.0,24328.75,24328.75,low,1.0,1.0,1.0,False,,,,,,dual_rel_reh,True,True,H79,1.0,False,,,,False,False,False,False
2025-09-10,2025,2,24538.25,24415.75,122.5,24477.0,120,26,24,True,True,24489.75,24500.5,24490.25,24416.5,24487.75,24487.75,low,0.0,0.0,1.0,True,REL,2025-09-10 09:31:00,24538.25,0.0,0.0,,True,True,L79,0.0,True,0.0,0.0,0.0,False,False,False,False
2025-09-11,2025,3,24470.0,24332.0,138.0,24401.0,120,0,0,False,False,,,,,,,,,,,False,,,,,,event,False,False,,,False,,,,True,False,False,False
2025-09-12,2025,4,24542.75,24503.5,39.25,24523.125,120,25,21,True,True,24523.0,24523.25,24523.5,24503.75,24523.0,24523.25,low,1.0,1.0,1.0,True,REH,2025-09-12 09:30:00,24503.5,1.0,1.0,,True,True,H79,1.0,False,,1.0,1.0,False,False,False,False
2025-09-15,2025,0,24669.5,24623.0,46.5,24646.25,120,25,19,True,True,24645.0,24646.25,24645.75,24628.0,24645.0,24645.0,high,0.0,1.0,0.0,False,,,,,,dual_rel_range_samebar,True,True,H79,0.0,False,,,,False,False,False,False
2025-09-16,2025,1,24883.75,24841.0,42.75,24862.375,120,22,26,True,True,24864.75,24862.25,24865.75,24842.0,24864.75,24862.25,high,1.0,0.0,1.0,True,REL,2025-09-16 09:30:00,24883.75,0.0,0.0,,True,True,L79,0.0,True,0.0,0.0,0.0,False,False,False,False
2025-09-17,2025,2,24782.5,24743.0,39.5,24762.75,120,0,0,False,False,,,,,,,,,,,False,,,,,,event,False,False,,,False,,,,True,False,False,False
2025-09-18,2025,3,25019.25,24955.5,63.75,24987.375,120,23,25,True,True,24986.75,24985.75,24987.0,24972.5,24988.0,24987.5,low,1.0,1.0,1.0,False,,,,,,dual_rel_range_samebar,True,True,L79,1.0,True,1.0,,,False,False,False,False
2025-09-19,2025,4,25011.25,24969.5,41.75,24990.375,120,23,28,True,True,24991.5,24990.0,24992.25,24972.75,24991.5,24990.25,low,1.0,1.0,1.0,False,,,,,,dual_rel_range_samebar,True,True,H79,1.0,False,,,,False,False,False,False
2025-09-22,2025,0,25062.5,25022.25,40.25,25042.375,120,22,25,True,True,25032.25,25042.75,25032.5,25022.75,25037.5,25042.5,high,0.0,1.0,0.0,False,,,,,,dual_rel_range_samebar,True,True,H79,0.0,False,,,,False,False,False,False
2025-09-23,2025,1,25267.5,25229.5,38.0,25248.5,120,20,22,True,True,25248.5,25248.75,25249.0,25237.0,25248.5,25248.5,low,0.0,0.0,1.0,True,REH,2025-09-23 09:30:00,25229.5,1.0,1.0,,True,True,L79,0.0,False,,1.0,1.0,False,False,False,False
2025-09-24,2025,2,25169.25,25126.0,43.25,25147.625,120,25,26,True,True,25147.25,25150.75,25147.5,25126.25,25147.25,25147.25,low,0.0,0.0,1.0,True,REL,2025-09-24 09:30:00,25169.25,0.0,0.0,,True,True,L79,0.0,True,1.0,0.0,0.0,False,False,False,False
2025-09-25,2025,3,24947.75,24802.25,145.5,24875.0,120,25,23,True,True,24868.0,24878.25,24868.5,24843.75,24868.0,24868.0,high,1.0,1.0,1.0,True,REL,2025-09-25 09:30:00,24947.75,1.0,1.0,,True,True,L79,1.0,True,1.0,0.0,0.0,False,False,False,False
2025-09-26,2025,4,25004.0,24847.0,157.0,24925.5,120,23,17,True,True,24895.25,24903.25,24896.0,24854.75,24936.25,24936.25,high,1.0,0.0,1.0,True,REH,2025-09-26 09:30:00,24847.0,1.0,1.0,,True,True,L79,0.0,False,,0.0,1.0,False,False,False,False
2025-09-29,2025,0,25166.0,25110.25,55.75,25138.125,120,25,24,True,True,25139.5,25136.25,25139.5,25111.25,25138.0,25138.25,high,1.0,1.0,1.0,False,,,,,,dual_rel_range_samebar,True,True,L79,1.0,True,1.0,,,False,False,False,False
2025-09-30,2025,1,25101.5,25044.5,57.0,25073.0,120,27,32,True,True,25065.5,25072.75,25066.0,25044.75,25065.5,25069.25,low,1.0,1.0,1.0,True,REH,2025-09-30 09:30:00,25044.5,1.0,1.0,,True,True,L79,1.0,False,,1.0,1.0,False,False,False,False
2025-10-01,2025,2,25062.0,24987.5,74.5,25024.75,120,19,21,True,True,25024.5,25027.25,25025.5,25020.5,25024.5,25024.75,high,1.0,1.0,1.0,True,REL,2025-10-01 09:30:00,25062.0,1.0,1.0,,True,True,H79,1.0,True,1.0,1.0,1.0,False,False,False,False
2025-10-02,2025,3,25420.75,25364.0,56.75,25392.375,120,23,21,True,True,25390.5,25392.0,25391.25,25386.0,25390.5,25390.5,high,1.0,1.0,1.0,False,,,,,,dual_rel_range_samebar,True,True,H79,1.0,False,,,,False,False,False,False
2025-10-03,2025,4,25427.5,25359.5,68.0,25393.5,120,0,0,False,False,,,,,,,,,,,False,,,,,,event,False,False,,,False,,,,True,False,False,False
2025-10-06,2025,0,25498.0,25385.0,113.0,25441.5,120,23,22,True,True,25443.25,25454.75,25443.75,25385.25,25443.25,25443.25,high,1.0,0.0,1.0,True,REH,2025-10-06 09:30:00,25385.0,1.0,1.0,,True,True,L79,0.0,False,,1.0,1.0,False,False,False,False
2025-10-07,2025,1,25512.25,25426.5,85.75,25469.375,120,22,20,True,True,25465.5,25471.0,25465.75,25429.5,25467.75,25467.75,high,1.0,1.0,1.0,True,REH,2025-10-07 09:30:00,25426.5,1.0,1.0,,True,True,H79,1.0,False,,0.0,0.0,False,False,False,False
2025-10-08,2025,2,25361.0,25299.0,62.0,25330.0,120,20,23,True,True,25329.0,25331.5,25329.0,25314.5,25330.0,25330.0,low,1.0,1.0,0.0,True,REH,2025-10-08 09:30:00,25299.0,0.0,0.0,,True,True,H79,0.0,False,,0.0,0.0,False,False,False,False
2025-10-09,2025,3,25597.75,25567.0,30.75,25582.375,120,31,28,True,True,25582.75,25582.25,25583.25,25567.75,25582.25,25582.25,low,0.0,0.0,1.0,True,REH,2025-10-09 09:30:00,25567.0,1.0,1.0,,True,True,L79,0.0,False,,1.0,1.0,False,False,False,False
2025-10-10,2025,4,25591.5,25545.25,46.25,25568.375,120,24,25,True,True,25567.0,25569.5,25567.5,25549.0,25568.25,25568.5,high,1.0,1.0,1.0,False,,,,,,dual_rel_reh,True,True,H79,1.0,False,,,,False,False,False,False
2025-10-13,2025,0,25122.75,24989.5,133.25,25056.125,120,26,26,True,True,25053.25,25058.25,25054.0,25011.5,25053.25,25056.5,low,1.0,1.0,1.0,True,REH,2025-10-13 09:30:00,24989.5,1.0,1.0,,True,True,L79,1.0,False,,1.0,1.0,False,False,False,False
2025-10-14,2025,1,24921.5,24801.25,120.25,24861.375,120,21,18,True,True,24863.75,24861.5,24864.5,24850.25,24863.75,24863.75,high,1.0,1.0,1.0,True,REH,2025-10-14 09:30:00,24801.25,1.0,1.0,,True,True,L79,1.0,False,,1.0,1.0,False,False,False,False
2025-10-15,2025,2,25281.0,25194.25,86.75,25237.625,120,23,29,True,True,25241.5,25228.0,25242.5,25198.0,25241.5,25241.5,high,1.0,1.0,1.0,True,REH,2025-10-15 09:30:00,25194.25,1.0,1.0,,True,True,L79,1.0,False,,1.0,1.0,False,False,False,False
2025-10-16,2025,3,25356.0,25276.5,79.5,25316.25,120,26,23,True,True,25316.0,25325.5,25317.0,25287.0,25316.25,25316.25,high,1.0,1.0,1.0,True,REL,2025-10-16 09:30:00,25356.0,1.0,1.0,,True,True,H79,1.0,True,1.0,1.0,1.0,False,False,False,False
2025-10-17,2025,4,25059.25,24818.0,241.25,24938.625,120,23,24,True,True,24948.0,24970.5,24948.5,24926.0,24948.0,24932.5,low,1.0,1.0,0.0,True,REH,2025-10-17 09:30:00,24818.0,0.0,0.0,,True,True,H79,0.0,False,,0.0,0.0,False,False,False,False
2025-10-20,2025,0,25385.5,25294.5,91.0,25340.0,120,31,24,True,True,25340.75,25337.25,25341.0,25307.0,25340.75,25340.75,low,1.0,1.0,0.0,True,REH,2025-10-20 09:30:00,25294.5,0.0,0.0,,True,True,H79,0.0,False,,0.0,0.0,False,False,False,False
2025-10-21,2025,1,25571.75,25530.5,41.25,25551.125,120,21,25,True,True,25551.5,25556.5,25551.5,25551.5,25551.5,25551.5,low,1.0,1.0,1.0,False,,,,,,dual_rel_reh,True,True,L79,1.0,False,,,,False,False,False,False
2025-10-22,2025,2,25547.0,25463.0,84.0,25505.0,120,27,26,True,True,25504.5,25504.25,25504.75,25463.5,25504.5,25504.75,high,1.0,0.0,1.0,True,REH,2025-10-22 09:30:00,25463.0,1.0,1.0,,True,True,L79,0.0,False,,1.0,1.0,False,False,False,False
2025-10-23,2025,3,25309.5,25193.5,116.0,25251.5,120,26,27,True,True,25258.75,25270.5,25259.0,25193.5,25258.75,25248.25,low,1.0,1.0,0.0,True,REH,2025-10-23 09:30:00,25193.5,0.0,0.0,,True,True,H79,0.0,False,,0.0,0.0,False,False,False,False
2025-10-24,2025,4,25779.75,25600.5,179.25,25690.125,120,0,0,False,False,,,,,,,,,,,False,,,,,,event,False,False,,,False,,,,True,False,False,False
2025-10-27,2025,0,26105.0,26067.5,37.5,26086.25,120,28,27,True,True,26086.0,26090.5,26086.75,26068.0,26086.0,26086.0,high,1.0,1.0,1.0,True,REL,2025-10-27 09:30:00,26105.0,1.0,1.0,,True,True,H79,1.0,True,1.0,1.0,1.0,False,False,False,False
2025-10-28,2025,1,26281.5,26233.75,47.75,26257.625,120,24,26,True,True,26257.75,26257.5,26258.0,26242.25,26257.75,26257.75,low,1.0,1.0,0.0,False,,,,,,dual_rel_range_samebar,True,True,H79,0.0,False,,,,False,False,False,False
2025-10-29,2025,2,26553.25,26500.5,52.75,26526.875,120,0,0,False,False,,,,,,,,,,,False,,,,,,event,False,False,,,False,,,,True,False,False,False
2025-10-30,2025,3,26543.5,26346.75,196.75,26445.125,120,23,26,True,True,26513.5,26431.75,26514.0,26367.75,26513.5,26413.0,high,1.0,0.0,1.0,True,REL,2025-10-30 09:30:00,26543.5,0.0,0.0,,True,True,L79,0.0,True,1.0,0.0,0.0,False,False,False,False
2025-10-31,2025,4,26530.5,26423.25,107.25,26476.875,120,22,21,True,True,26480.0,26486.25,26480.75,26449.5,26480.0,26477.0,low,0.0,0.0,1.0,True,REL,2025-10-31 09:30:00,26530.5,0.0,0.0,,True,True,L79,0.0,True,0.0,0.0,0.0,False,False,False,False
2025-11-03,2025,0,26447.0,26389.5,57.5,26418.25,120,26,23,True,True,26418.5,26418.25,26418.75,26390.0,26418.5,26418.5,low,1.0,1.0,1.0,False,,,,,,dual_rel_range_samebar,True,True,H79,1.0,False,,,,False,False,False,False
2025-11-04,2025,1,26047.25,25941.0,106.25,25994.125,120,22,25,True,True,25998.0,26005.75,25999.0,25948.0,25995.5,25993.5,low,1.0,1.0,1.0,True,REL,2025-11-04 09:30:00,26047.25,1.0,1.0,,True,True,L79,1.0,True,1.0,1.0,1.0,False,False,False,False
2025-11-05,2025,2,25852.5,25714.75,137.75,25783.625,120,27,26,True,True,25777.25,25787.0,25777.5,25719.5,25777.25,25777.25,high,0.0,1.0,0.0,True,REH,2025-11-05 09:30:00,25714.75,0.0,0.0,,True,True,H79,0.0,False,,0.0,0.0,False,False,False,False
2025-11-06,2025,3,26078.75,26002.75,76.0,26040.75,120,25,24,True,True,26039.0,26040.75,26039.0,26021.25,26039.0,26039.0,low,0.0,0.0,1.0,False,,,,,,dual_rel_range_samebar,True,True,L79,0.0,True,0.0,,,False,False,False,False
2025-11-07,2025,4,25452.0,25318.25,133.75,25385.125,120,0,0,False,False,,,,,,,,,,,False,,,,,,event,False,False,,,False,,,,True,False,False,False
2025-11-10,2025,0,25815.5,25769.5,46.0,25792.5,120,28,24,True,True,25792.5,25790.75,25793.5,25769.75,25792.5,25792.5,low,1.0,1.0,1.0,False,,,,,,dual_rel_reh,True,True,H79,1.0,False,,,,False,False,False,False
2025-11-11,2025,1,25896.25,25828.25,68.0,25862.25,120,28,27,True,True,25872.75,25862.25,25873.5,25828.5,25872.75,25855.75,high,1.0,1.0,1.0,False,,,,,,dual_rel_reh,True,True,H79,1.0,False,,,,False,False,False,False
2025-11-12,2025,2,26069.0,25977.5,91.5,26023.25,120,26,30,True,True,26033.75,26041.0,26034.0,26033.75,26024.5,26024.5,low,0.0,0.0,1.0,True,REL,2025-11-12 09:30:00,26069.0,0.0,0.0,,True,True,L79,0.0,True,0.0,0.0,0.0,False,False,False,False
2025-11-13,2025,3,25872.25,25757.0,115.25,25814.625,120,29,31,True,True,25816.25,25825.25,25816.25,25766.5,25814.5,25814.5,low,0.0,0.0,1.0,False,,,,,,dual_rel_range_samebar,True,True,L79,0.0,True,0.0,,,False,False,False,False
2025-11-14,2025,4,25090.0,24913.5,176.5,25001.75,120,22,27,True,True,25012.75,25002.5,25013.5,24914.0,25012.75,25000.0,high,1.0,1.0,1.0,True,REL,2025-11-14 09:30:00,25090.0,1.0,1.0,,True,True,L79,1.0,True,1.0,1.0,1.0,False,False,False,False
2025-11-17,2025,0,25467.5,25266.5,201.0,25367.0,120,25,25,True,True,25369.0,25396.75,25369.5,25312.75,25369.0,25367.0,low,1.0,1.0,1.0,False,,,,,,dual_rel_range_samebar,True,True,L79,1.0,True,1.0,,,False,False,False,False
2025-11-18,2025,1,25059.5,24916.0,143.5,24987.75,120,24,27,True,True,24983.25,24987.0,24983.75,24947.75,24983.25,24986.0,high,1.0,1.0,1.0,True,REL,2025-11-18 09:30:00,25059.5,1.0,1.0,,True,True,H79,1.0,True,1.0,1.0,1.0,False,False,False,False
2025-11-19,2025,2,24978.75,24897.25,81.5,24938.0,120,25,28,True,True,24938.75,24936.5,24939.5,24913.0,24938.75,24938.75,high,1.0,1.0,1.0,False,,,,,,dual_rel_range_samebar,True,True,L79,1.0,True,1.0,,,False,False,False,False
2025-11-20,2025,3,25521.25,25317.25,204.0,25419.25,120,0,0,False,False,,,,,,,,,,,False,,,,,,event,False,False,,,False,,,,True,False,False,False
2025-11-21,2025,4,24548.5,24209.0,339.5,24378.75,120,22,26,True,True,24485.5,24449.25,24485.5,24485.5,24446.0,24422.5,low,1.0,1.0,1.0,False,,,,,,dual_rel_reh,True,True,H79,1.0,False,,,,False,False,False,False
2025-11-24,2025,0,24820.5,24679.5,141.0,24750.0,120,25,25,True,True,24759.75,24740.25,24760.0,24679.75,24757.5,24757.5,low,1.0,1.0,0.0,True,REH,2025-11-24 09:30:00,24679.5,0.0,0.0,,True,True,H79,0.0,False,,0.0,0.0,False,False,False,False
2025-11-25,2025,1,25231.75,25122.75,109.0,25177.25,120,24,27,True,True,25177.0,25177.5,25177.5,25138.0,25177.0,25177.0,low,0.0,0.0,1.0,False,,,,,,dual_rel_range_samebar,True,True,L79,0.0,True,0.0,,,False,False,False,False
2025-11-26,2025,2,25477.0,25375.0,102.0,25426.0,120,22,29,True,True,25424.75,25418.0,25425.0,25376.0,25426.5,25426.0,high,0.0,1.0,0.0,False,,,,,,dual_rel_range_samebar,True,True,H79,0.0,False,,,,False,False,False,False
2025-11-27,2025,3,,,,,0,0,0,False,False,,,,,,,,,,,False,,,,,,holiday,False,False,,,False,,,,False,True,False,False
2025-11-28,2025,4,,,,,0,0,0,False,False,,,,,,,,,,,False,,,,,,early_close,False,False,,,False,,,,False,False,True,False
2025-12-01,2025,0,25564.0,25467.25,96.75,25515.625,120,31,33,True,True,25510.0,25515.75,25510.5,25474.5,25510.0,25510.0,low,1.0,1.0,1.0,False,,,,,,dual_rel_reh,True,True,H79,1.0,False,,,,False,False,False,False
2025-12-02,2025,1,25771.25,25714.5,56.75,25742.875,120,27,21,True,True,25743.0,25745.5,25743.25,25714.75,25743.0,25743.0,low,1.0,1.0,1.0,False,,,,,,dual_rel_reh,True,True,H79,1.0,False,,,,False,False,False,False
2025-12-03,2025,2,25934.25,25871.25,63.0,25902.75,120,30,29,True,True,25903.0,25904.5,25903.0,25894.25,25903.0,25903.0,low,0.0,0.0,1.0,False,,,,,,dual_rel_range_samebar,True,True,L79,0.0,True,0.0,,,False,False,False,False
2025-12-04,2025,3,25931.0,25874.75,56.25,25902.875,120,25,28,True,True,25906.0,25905.25,25907.0,25884.5,25906.0,25902.5,low,1.0,1.0,1.0,False,,,,,,dual_rel_range_samebar,True,True,H79,1.0,False,,,,False,False,False,False
2025-12-05,2025,4,25992.5,25836.25,156.25,25914.375,120,0,0,False,False,,,,,,,,,,,False,,,,,,event,False,False,,,False,,,,True,False,False,False
2025-12-08,2025,0,26089.5,26021.25,68.25,26055.375,120,32,26,True,True,26055.5,26050.25,26056.25,26035.5,26055.5,26055.5,high,1.0,1.0,1.0,False,,,,,,dual_rel_reh,True,True,H79,1.0,False,,,,False,False,False,False
2025-12-09,2025,1,25932.75,25863.5,69.25,25898.125,120,29,27,True,True,25894.75,25914.5,25895.25,25864.25,25896.75,25898.0,high,1.0,1.0,1.0,False,,,,,,dual_rel_range_samebar,True,True,L79,1.0,True,1.0,,,False,False,False,False
2025-12-10,2025,2,25976.5,25883.75,92.75,25930.125,120,0,0,False,False,,,,,,,,,,,False,,,,,,event,False,False,,,False,,,,True,False,False,False
2025-12-11,2025,3,25957.5,25873.5,84.0,25915.5,120,24,26,True,True,25922.25,25917.25,25923.0,25887.75,25922.25,25922.25,high,1.0,0.0,1.0,True,REL,2025-12-11 09:30:00,25957.5,0.0,0.0,,True,True,L79,0.0,True,0.0,0.0,0.0,False,False,False,False
