date,year,weekday,is_sunday,is_holiday,is_early_close,is_event,excl_reason,eligible_pair,treat_polarity,treat_ts,treat_bar_idx,treat_zone_lo,treat_zone_hi,treat_zone_width,treat_body_expanded,treat_m,treat_never_leave,treat_mfe,treat_mae,later_ts,later_bar_idx,later_zone_lo,later_zone_hi,later_zone_width,later_m,later_never_leave,later_mfe,later_mae,rth_eligible,rth_ts,rth_bar_idx,rth_m,rth_never_leave,secondary_exists,secondary_ts,secondary_m,n_fvg_u,n_fvg_later_same,n_fvg_rth_same,n_fvg_day
2023-01-02,2023,0,False,True,False,False,holiday,False,,,-1,,,,False,,,,,,-1,,,,,,,,False,,-1,,,False,,,0,0,0,0
2023-01-03,2023,1,False,False,False,False,,True,bear,2023-01-03 10:00:00,600,13654.25,13667.25,13.0,True,1.0,0.0,23.25,80.5,2023-01-03 12:47:00,767,13523.25,13532.75,9.5,1.0,0.0,57.5,7.5,True,2023-01-03 14:25:00,865,1.0,0.0,True,2023-01-03 10:11:00,0.0,14,22,37,304
2023-01-04,2023,2,False,False,False,False,,True,bear,2023-01-04 10:02:00,602,13615.25,13635.5,20.25,True,1.0,0.0,58.0,96.75,2023-01-04 14:51:00,891,13603.5,13610.75,7.25,1.0,0.0,83.25,32.25,True,2023-01-04 14:10:00,850,1.0,0.0,True,2023-01-04 10:06:00,1.0,12,20,32,304
2023-01-05,2023,3,False,False,False,False,,True,bear,2023-01-05 10:06:00,606,13534.0,13538.5,4.5,True,1.0,0.0,67.25,29.25,2023-01-05 13:16:00,796,13477.25,13484.75,7.5,0.0,0.0,91.25,1.5,True,2023-01-05 14:16:00,856,1.0,0.0,True,2023-01-05 10:07:00,1.0,18,26,47,326
2023-01-06,2023,4,False,False,False,True,event,False,,,-1,,,,False,,,,,,-1,,,,,,,,False,,-1,,,False,,,0,0,0,0
2023-01-08,2023,6,True,False,False,False,sunday,False,,,-1,,,,False,,,,,,-1,,,,,,,,False,,-1,,,False,,,0,0,0,0
2023-01-09,2023,0,False,False,False,False,,True,bull,2023-01-09 10:01:00,601,13951.0,13965.75,14.75,True,1.0,0.0,47.25,36.75,2023-01-09 11:08:00,668,14011.0,14019.75,8.75,1.0,0.0,20.75,14.75,True,2023-01-09 14:02:00,842,1.0,0.0,True,2023-01-09 10:14:00,1.0,11,17,29,257
2023-01-10,2023,1,False,False,False,False,,True,bull,2023-01-10 10:14:00,614,13880.5,13915.75,35.25,True,1.0,0.0,22.5,140.0,2023-01-10 13:25:00,805,13873.25,13878.75,5.5,1.0,0.0,43.5,8.5,True,2023-01-10 12:14:00,734,1.0,0.0,True,2023-01-10 10:18:00,0.0,20,22,37,335
2023-01-11,2023,2,False,False,False,False,,True,bull,2023-01-11 10:24:00,624,14014.25,14028.75,14.5,True,1.0,0.0,14.0,61.5,2023-01-11 14:12:00,852,14061.0,14064.0,3.0,1.0,0.0,31.5,8.25,True,2023-01-11 13:11:00,791,1.0,0.0,True,2023-01-11 10:32:00,1.0,9,27,35,276
2023-01-12,2023,3,False,False,False,True,event,False,,,-1,,,,False,,,,,,-1,,,,,,,,False,,-1,,,False,,,0,0,0,0
2023-01-13,2023,4,False,False,False,False,,True,bull,2023-01-13 10:02:00,602,14119.25,14131.0,11.75,True,1.0,0.0,62.25,12.75,2023-01-13 11:25:00,685,14146.75,14154.0,7.25,1.0,0.0,22.0,45.0,True,2023-01-13 11:24:00,684,1.0,0.0,True,2023-01-13 10:07:00,1.0,11,31,44,208
2023-01-15,2023,6,True,False,False,False,sunday,False,,,-1,,,,False,,,,,,-1,,,,,,,,False,,-1,,,False,,,0,0,0,0
2023-01-16,2023,0,False,True,False,False,holiday,False,,,-1,,,,False,,,,,,-1,,,,,,,,False,,-1,,,False,,,0,0,0,0
2023-01-17,2023,1,False,False,False,False,,True,bull,2023-01-17 10:00:00,600,14262.0,14268.5,6.5,True,1.0,0.0,70.25,29.0,2023-01-17 12:54:00,774,14279.0,14285.0,6.0,1.0,0.0,20.0,12.0,True,2023-01-17 15:18:00,918,1.0,0.0,True,2023-01-17 10:02:00,1.0,11,25,37,301
2023-01-18,2023,2,False,False,False,False,,True,bull,2023-01-18 10:00:00,600,14363.5,14374.25,10.75,True,1.0,0.0,40.25,133.75,2023-01-18 13:52:00,832,14174.5,14183.75,9.25,1.0,0.0,16.5,25.25,True,2023-01-18 11:50:00,710,1.0,0.0,True,2023-01-18 10:02:00,1.0,12,19,27,301
2023-01-19,2023,3,False,False,False,False,,True,bear,2023-01-19 10:01:00,601,14051.25,14058.0,6.75,True,1.0,0.0,34.25,62.5,2023-01-19 12:10:00,730,13993.0,13996.5,3.5,1.0,0.0,45.0,3.5,True,2023-01-19 14:07:00,847,1.0,0.0,True,2023-01-19 10:02:00,1.0,11,28,45,329
2023-01-20,2023,4,False,False,False,False,,True,bear,2023-01-20 10:01:00,601,14104.0,14112.5,8.5,True,1.0,0.0,67.0,2.0,2023-01-20 13:21:00,801,14170.0,14191.5,21.5,0.0,0.0,116.75,3.75,True,2023-01-20 09:56:00,596,1.0,0.0,True,2023-01-20 10:02:00,0.0,11,12,21,216
2023-01-22,2023,6,True,False,False,False,sunday,False,,,-1,,,,False,,,,,,-1,,,,,,,,False,,-1,,,False,,,0,0,0,0
2023-01-23,2023,0,False,False,False,False,,True,bull,2023-01-23 10:02:00,602,14456.0,14473.25,17.25,True,1.0,0.0,100.0,26.5,2023-01-23 13:03:00,783,14601.25,14606.5,5.25,1.0,0.0,31.5,19.25,True,2023-01-23 12:17:00,737,1.0,0.0,True,2023-01-23 10:06:00,1.0,10,21,34,292
2023-01-24,2023,1,False,False,False,False,,True,bear,2023-01-24 10:01:00,601,14539.0,14559.0,20.0,True,1.0,0.0,72.5,32.0,2023-01-24 12:03:00,723,14550.75,14562.0,11.25,1.0,0.0,41.0,23.5,True,2023-01-24 11:32:00,692,1.0,0.0,True,2023-01-24 10:07:00,1.0,15,22,32,299
2023-01-25,2023,2,False,False,False,False,,True,bull,2023-01-25 10:06:00,606,14283.0,14293.75,10.75,True,1.0,0.0,35.25,38.25,2023-01-25 13:37:00,817,14457.25,14458.75,1.5,1.0,0.0,65.5,7.25,True,2023-01-25 14:17:00,857,1.0,0.0,True,2023-01-25 10:07:00,1.0,16,28,40,302
2023-01-26,2023,3,False,False,False,False,,True,bull,2023-01-26 10:05:00,605,14635.5,14649.5,14.0,True,1.0,0.0,54.0,87.5,2023-01-26 13:26:00,806,14648.75,14652.0,3.25,1.0,0.0,59.5,4.5,True,2023-01-26 11:17:00,677,1.0,0.0,True,2023-01-26 10:08:00,1.0,15,29,46,324
2023-01-27,2023,4,False,False,False,False,,True,bull,2023-01-27 10:04:00,604,14788.25,14807.0,18.75,True,1.0,0.0,41.25,59.75,2023-01-27 13:59:00,839,14911.25,14912.25,1.0,1.0,0.0,24.5,18.5,True,2023-01-27 10:31:00,631,1.0,0.0,True,2023-01-27 10:08:00,1.0,15,31,46,208
2023-01-29,2023,6,True,False,False,False,sunday,False,,,-1,,,,False,,,,,,-1,,,,,,,,False,,-1,,,False,,,0,0,0,0
2023-01-30,2023,0,False,False,False,False,,True,bear,2023-01-30 10:10:00,610,14777.5,14783.75,6.25,True,0.0,0.0,7.0,140.0,2023-01-30 11:50:00,710,14693.5,14701.5,8.0,1.0,0.0,35.5,27.5,True,2023-01-30 12:28:00,748,1.0,0.0,True,2023-01-30 10:15:00,0.0,15,23,43,295
2023-01-31,2023,1,False,False,False,False,,True,bear,2023-01-31 10:00:00,600,14662.0,14679.25,17.25,True,1.0,0.0,95.75,18.0,2023-01-31 12:57:00,777,14740.0,14746.5,6.5,1.0,0.0,25.0,22.5,True,2023-01-31 11:35:00,695,1.0,0.0,True,2023-01-31 10:07:00,1.0,11,19,28,284
2023-02-01,2023,2,False,False,False,True,event,False,,,-1,,,,False,,,,,,-1,,,,,,,,False,,-1,,,False,,,0,0,0,0
2023-02-02,2023,3,False,False,False,False,,True,bear,2023-02-02 10:06:00,606,15327.25,15331.5,4.25,True,1.0,0.0,163.75,10.0,2023-02-02 11:18:00,678,15454.5,15466.25,11.75,1.0,0.0,48.5,19.5,True,2023-02-02 14:37:00,877,1.0,0.0,True,2023-02-02 10:08:00,0.0,12,25,32,295
2023-02-03,2023,4,False,False,False,True,event,False,,,-1,,,,False,,,,,,-1,,,,,,,,False,,-1,,,False,,,0,0,0,0
2023-02-05,2023,6,True,False,False,False,sunday,False,,,-1,,,,False,,,,,,-1,,,,,,,,False,,-1,,,False,,,0,0,0,0
2023-02-06,2023,0,False,False,False,False,,True,bull,2023-02-06 10:02:00,602,15204.25,15212.5,8.25,True,1.0,0.0,27.5,109.0,2023-02-06 14:18:00,858,15217.0,15222.5,5.5,0.0,0.0,5.0,83.5,True,2023-02-06 11:07:00,667,1.0,0.0,True,2023-02-06 10:07:00,1.0,15,18,29,300
2023-02-07,2023,1,False,False,False,False,,True,bull,2023-02-07 10:07:00,606,15154.25,15161.5,7.25,True,1.0,0.0,53.0,32.75,2023-02-07 11:35:00,694,15234.75,15240.75,6.0,1.0,0.0,160.0,49.75,True,2023-02-07 15:01:00,900,1.0,0.0,True,2023-02-07 10:21:00,1.0,7,26,41,323
2023-02-08,2023,2,False,False,False,False,,True,bull,2023-02-08 10:00:00,600,15335.5,15345.5,10.0,True,1.0,0.0,35.25,108.75,2023-02-08 13:21:00,801,15245.75,15253.0,7.25,1.0,0.0,9.5,61.5,True,2023-02-08 10:39:00,639,1.0,0.0,True,2023-02-08 10:02:00,1.0,13,30,36,337
2023-02-09,2023,3,False,False,False,False,,True,bull,2023-02-09 10:17:00,617,15341.0,15351.0,10.0,True,0.0,0.0,5.75,133.0,2023-02-09 13:27:00,807,15188.5,15195.0,6.5,1.0,0.0,18.25,81.25,True,2023-02-09 12:58:00,778,1.0,0.0,True,2023-02-09 10:19:00,0.0,9,25,34,323
2023-02-10,2023,4,False,False,False,False,,True,bear,2023-02-10 10:02:00,602,14980.0,14999.75,19.75,True,1.0,0.0,97.0,40.5,2023-02-10 14:19:00,859,14962.5,14967.0,4.5,1.0,0.0,38.75,22.25,True,2023-02-10 11:05:00,665,1.0,0.0,True,2023-02-10 10:04:00,1.0,6,27,38,218
2023-02-12,2023,6,True,False,False,False,sunday,False,,,-1,,,,False,,,,,,-1,,,,,,,,False,,-1,,,False,,,0,0,0,0
2023-02-13,2023,0,False,False,False,False,,True,bull,2023-02-13 10:00:00,600,15097.0,15115.75,18.75,True,1.0,0.0,47.5,45.0,2023-02-13 11:16:00,676,15169.0,15179.25,10.25,1.0,0.0,19.75,28.5,True,2023-02-13 11:45:00,705,1.0,0.0,True,2023-02-13 10:05:00,1.0,10,19,33,295
2023-02-14,2023,1,False,False,False,True,event,False,,,-1,,,,False,,,,,,-1,,,,,,,,False,,-1,,,False,,,0,0,0,0
2023-02-15,2023,2,False,False,False,False,,True,bull,2023-02-15 10:02:00,602,15218.75,15234.0,15.25,True,1.0,0.0,39.75,54.75,2023-02-15 14:31:00,871,15357.0,15363.25,6.25,1.0,0.0,9.75,45.5,True,2023-02-15 09:33:00,573,1.0,0.0,True,2023-02-15 10:09:00,1.0,12,29,40,316
2023-02-16,2023,3,False,False,False,False,,True,bear,2023-02-16 10:01:00,601,15218.75,15227.25,8.5,True,1.0,0.0,118.75,19.0,2023-02-16 11:09:00,669,15301.25,15313.5,12.25,1.0,0.0,25.75,23.0,True,2023-02-16 12:20:00,740,1.0,0.0,True,2023-02-16 10:08:00,1.0,9,18,29,279
2023-02-17,2023,4,False,False,False,False,,True,bull,2023-02-17 10:02:00,602,14984.5,14990.25,5.75,True,1.0,0.0,73.5,34.0,2023-02-17 11:39:00,699,14948.5,14954.5,6.0,1.0,0.0,48.25,15.25,True,2023-02-17 14:53:00,893,1.0,0.0,True,2023-02-17 10:05:00,1.0,11,39,49,233
2023-02-19,2023,6,True,False,False,False,sunday,False,,,-1,,,,False,,,,,,-1,,,,,,,,False,,-1,,,False,,,0,0,0,0
2023-02-20,2023,0,False,True,False,False,holiday,False,,,-1,,,,False,,,,,,-1,,,,,,,,False,,-1,,,False,,,0,0,0,0
2023-02-21,2023,1,False,False,False,False,,True,bear,2023-02-21 10:00:00,600,14883.25,14893.75,10.5,True,1.0,0.0,13.25,47.75,2023-02-21 13:26:00,806,14805.5,14809.0,3.5,1.0,0.0,2.5,42.5,True,2023-02-21 15:09:00,909,1.0,0.0,True,2023-02-21 10:13:00,1.0,13,25,38,299
2023-02-22,2023,2,False,False,False,False,,True,bear,2023-02-22 10:04:00,604,14758.0,14765.5,7.5,True,1.0,0.0,14.0,65.5,2023-02-22 14:52:00,892,14761.25,14767.5,6.25,0.0,0.0,4.75,58.0,True,2023-02-22 10:12:00,612,1.0,0.0,True,2023-02-22 10:11:00,1.0,16,25,35,319
2023-02-23,2023,3,False,False,False,False,,True,bear,2023-02-23 10:04:00,604,14877.25,14888.25,11.0,True,0.0,0.0,1.25,114.25,2023-02-23 11:43:00,703,14717.0,14721.75,4.75,1.0,0.0,31.5,22.0,True,2023-02-23 10:42:00,642,0.0,0.0,True,2023-02-23 10:08:00,1.0,15,15,29,313
2023-02-24,2023,4,False,False,False,False,,True,bull,2023-02-24 10:05:00,605,14621.75,14635.75,14.0,True,0.0,0.0,8.0,57.75,2023-02-24 13:23:00,803,14602.0,14610.75,8.75,1.0,0.0,20.5,23.75,True,2023-02-24 10:45:00,645,1.0,0.0,True,2023-02-24 10:09:00,1.0,7,35,42,205
2023-02-26,2023,6,True,False,False,False,sunday,False,,,-1,,,,False,,,,,,-1,,,,,,,,False,,-1,,,False,,,0,0,0,0
2023-02-27,2023,0,False,False,False,False,,True,bull,2023-02-27 10:00:00,600,14790.75,14801.5,10.75,True,1.0,0.0,42.5,70.5,2023-02-27 12:49:00,769,14757.0,14758.75,1.75,1.0,0.0,26.75,12.25,True,2023-02-27 13:17:00,797,1.0,0.0,True,2023-02-27 10:02:00,1.0,15,23,31,315
2023-02-28,2023,1,False,False,False,False,,True,bull,2023-02-28 10:05:00,605,14752.75,14765.5,12.75,True,1.0,0.0,10.5,67.5,2023-02-28 11:02:00,662,14730.25,14738.75,8.5,1.0,0.0,25.5,22.75,True,2023-02-28 13:48:00,828,1.0,0.0,True,2023-02-28 10:11:00,1.0,9,29,35,316
2023-03-01,2023,2,False,False,False,False,,True,bear,2023-03-01 10:00:00,600,14706.75,14715.0,8.25,True,0.0,0.0,18.0,98.75,2023-03-01 11:06:00,666,14631.0,14641.5,10.5,1.0,0.0,45.75,50.75,True,2023-03-01 14:43:00,883,1.0,0.0,True,2023-03-01 10:06:00,1.0,15,27,41,335
2023-03-02,2023,3,False,False,False,False,,True,bull,2023-03-02 10:01:00,601,14545.75,14552.0,6.25,True,1.0,0.0,30.5,30.0,2023-03-02 13:20:00,800,14570.5,14577.0,6.5,1.0,0.0,110.5,8.25,True,2023-03-02 12:28:00,748,1.0,0.0,True,2023-03-02 10:03:00,1.0,14,33,49,336
2023-03-03,2023,4,False,False,False,False,,True,bear,2023-03-03 10:04:00,604,14813.5,14833.5,20.0,True,1.0,0.0,74.75,27.5,2023-03-03 11:22:00,682,14853.75,14857.75,4.0,1.0,0.0,38.0,16.5,True,2023-03-03 12:36:00,756,1.0,0.0,True,2023-03-03 10:12:00,0.0,12,13,24,217
2023-03-05,2023,6,True,False,False,False,sunday,False,,,-1,,,,False,,,,,,-1,,,,,,,,False,,-1,,,False,,,0,0,0,0
2023-03-06,2023,0,False,False,False,False,,True,bear,2023-03-06 10:02:00,602,15025.75,15032.0,6.25,True,0.0,0.0,115.0,4.25,2023-03-06 12:49:00,769,15048.0,15058.0,10.0,1.0,0.0,13.75,29.0,True,2023-03-06 09:48:00,588,1.0,0.0,True,2023-03-06 10:05:00,0.0,14,30,37,288
2023-03-07,2023,1,False,False,False,False,,True,bear,2023-03-07 10:01:00,600,14988.5,14992.5,4.0,True,0.0,0.0,36.75,101.75,2023-03-07 14:34:00,873,14826.0,14829.5,3.5,1.0,0.0,17.25,27.25,True,2023-03-07 10:40:00,639,0.0,0.0,True,2023-03-07 10:02:00,1.0,21,32,49,318
2023-03-08,2023,2,False,False,False,False,,True,bear,2023-03-08 10:02:00,602,14792.25,14833.5,41.25,True,1.0,0.0,115.0,7.0,2023-03-08 11:32:00,692,14846.25,14855.25,9.0,1.0,0.0,66.5,27.0,True,2023-03-08 14:43:00,883,1.0,0.0,True,2023-03-08 10:11:00,1.0,6,24,30,284
2023-03-09,2023,3,False,False,False,False,,True,bull,2023-03-09 10:05:00,605,14989.25,14996.75,7.5,True,1.0,0.0,11.75,59.5,2023-03-09 11:16:00,676,14957.0,14963.25,6.25,1.0,0.0,7.0,67.0,True,2023-03-09 14:42:00,882,0.0,0.0,True,2023-03-09 10:09:00,1.0,11,16,25,292
2023-03-10,2023,4,False,False,False,True,event,False,,,-1,,,,False,,,,,,-1,,,,,,,,False,,-1,,,False,,,0,0,0,0
2023-03-12,2023,6,True,False,False,False,sunday,False,,,-1,,,,False,,,,,,-1,,,,,,,,False,,-1,,,False,,,0,0,0,0
2023-03-13,2023,0,False,False,False,False,,True,bear,2023-03-13 10:01:00,601,14529.75,14545.75,16.0,True,1.0,0.0,128.0,28.0,2023-03-13 14:40:00,880,14680.75,14690.5,9.75,1.0,0.0,34.5,97.25,True,2023-03-13 12:26:00,746,1.0,0.0,True,2023-03-13 10:09:00,1.0,11,20,30,301
2023-03-14,2023,1,False,False,False,True,event,False,,,-1,,,,False,,,,,,-1,,,,,,,,False,,-1,,,False,,,0,0,0,0
2023-03-15,2023,2,False,False,False,False,,True,bull,2023-03-15 10:06:00,606,14730.0,14759.75,29.75,True,1.0,0.0,33.75,82.75,2023-03-15 13:07:00,787,14721.5,14745.5,24.0,0.0,0.0,75.0,20.25,True,2023-03-15 10:59:00,659,0.0,0.0,True,2023-03-15 10:16:00,1.0,10,29,38,271
2023-03-16,2023,3,False,False,False,False,,True,bear,2023-03-16 10:07:00,607,14918.0,14931.0,13.0,True,1.0,0.0,174.5,19.0,2023-03-16 11:47:00,707,15140.0,15158.75,18.75,1.0,0.0,68.25,25.75,True,2023-03-16 12:04:00,724,1.0,0.0,True,2023-03-16 10:12:00,1.0,11,15,17,251
2023-03-17,2023,4,False,False,False,False,,True,bull,2023-03-17 10:02:00,602,15272.5,15297.0,24.5,True,1.0,0.0,24.75,180.75,2023-03-17 13:07:00,787,15173.25,15185.75,12.5,1.0,0.0,38.25,19.0,True,2023-03-17 12:33:00,753,1.0,0.0,True,2023-03-17 10:20:00,0.0,13,26,36,208
2023-03-19,2023,6,True,False,False,False,sunday,False,,,-1,,,,False,,,,,,-1,,,,,,,,False,,-1,,,False,,,0,0,0,0
2023-03-20,2023,0,False,False,False,False,,True,bull,2023-03-20 10:02:00,602,15089.75,15113.0,23.25,True,1.0,0.0,66.0,44.25,2023-03-20 13:42:00,822,15180.5,15184.25,3.75,1.0,0.0,10.0,35.25,True,2023-03-20 12:49:00,769,0.0,0.0,True,2023-03-20 10:03:00,1.0,19,25,41,294
2023-03-21,2023,1,False,False,False,False,,True,bull,2023-03-21 10:00:00,600,15327.75,15339.0,11.25,True,1.0,0.0,22.25,101.75,2023-03-21 12:34:00,754,15299.25,15304.25,5.0,1.0,0.0,40.25,23.5,True,2023-03-21 14:58:00,898,1.0,0.0,True,2023-03-21 10:02:00,0.0,15,34,44,273
2023-03-22,2023,2,False,False,False,True,event,False,,,-1,,,,False,,,,,,-1,,,,,,,,False,,-1,,,False,,,0,0,0,0
2023-03-23,2023,3,False,False,False,False,,True,bull,2023-03-23 10:02:00,602,15414.5,15433.25,18.75,True,0.0,0.0,113.75,30.75,2023-03-23 11:51:00,711,15516.75,15519.25,2.5,1.0,0.0,6.0,56.5,True,2023-03-23 10:41:00,641,0.0,0.0,True,2023-03-23 10:12:00,1.0,14,27,46,341
2023-03-24,2023,4,False,False,False,False,,True,bear,2023-03-24 10:09:00,609,15326.5,15334.75,8.25,True,1.0,0.0,51.5,34.25,2023-03-24 13:04:00,784,15322.75,15329.75,7.0,1.0,0.0,47.75,16.25,True,2023-03-24 10:42:00,642,1.0,0.0,True,2023-03-24 10:14:00,1.0,11,16,24,237
2023-03-26,2023,6,True,False,False,False,sunday,False,,,-1,,,,False,,,,,,-1,,,,,,,,False,,-1,,,False,,,0,0,0,0
2023-03-27,2023,0,False,False,False,False,,True,bull,2023-03-27 10:01:00,601,15449.0,15457.25,8.25,True,1.0,0.0,10.5,83.25,2023-03-27 14:14:00,854,15330.0,15333.0,3.0,0.0,0.0,56.75,1.75,True,2023-03-27 12:25:00,745,1.0,0.0,True,2023-03-27 10:02:00,1.0,14,30,41,279
2023-03-28,2023,1,False,False,False,False,,True,bull,2023-03-28 10:05:00,605,15213.75,15222.25,8.5,True,1.0,0.0,32.5,48.75,2023-03-28 14:22:00,862,15188.5,15190.75,2.25,1.0,0.0,35.75,12.75,True,2023-03-28 11:03:00,663,0.0,0.0,True,2023-03-28 10:10:00,1.0,9,30,39,274
2023-03-29,2023,2,False,False,False,False,,True,bull,2023-03-29 10:01:00,601,15436.25,15439.5,3.25,True,1.0,0.0,15.5,62.75,2023-03-29 12:15:00,735,15433.75,15437.0,3.25,1.0,0.0,6.25,34.5,True,2023-03-29 10:19:00,619,0.0,0.0,True,2023-03-29 10:08:00,1.0,12,34,43,297
2023-03-30,2023,3,False,False,False,False,,True,bull,2023-03-30 10:01:00,601,15595.0,15604.75,9.75,True,1.0,0.0,23.25,57.0,2023-03-30 11:45:00,705,15602.75,15610.25,7.5,1.0,0.0,2.0,47.0,True,2023-03-30 12:43:00,763,1.0,0.0,True,2023-03-30 10:06:00,1.0,19,17,35,269
2023-03-31,2023,4,False,False,False,False,,True,bull,2023-03-31 10:09:00,609,15664.25,15668.5,4.25,True,1.0,0.0,43.25,17.25,2023-03-31 11:20:00,680,15701.25,15706.0,4.75,0.0,0.0,42.5,0.75,True,2023-03-31 12:20:00,740,1.0,0.0,True,2023-03-31 10:14:00,1.0,13,34,50,196
2023-04-02,2023,6,True,False,False,False,sunday,False,,,-1,,,,False,,,,,,-1,,,,,,,,False,,-1,,,False,,,0,0,0,0
2023-04-03,2023,0,False,False,False,False,,True,bear,2023-04-03 10:07:00,607,15758.25,15768.75,10.5,True,1.0,0.0,43.25,52.0,2023-04-03 13:43:00,823,15697.0,15700.25,3.25,1.0,0.0,42.0,10.75,True,2023-04-03 14:06:00,846,1.0,0.0,True,2023-04-03 10:14:00,1.0,12,24,35,281
2023-04-04,2023,1,False,False,False,False,,True,bull,2023-04-04 10:02:00,602,15809.75,15838.75,29.0,True,1.0,0.0,10.75,92.75,2023-04-04 13:18:00,798,15749.25,15756.75,7.5,1.0,0.0,14.25,29.5,True,2023-04-04 11:14:00,674,1.0,0.0,True,2023-04-04 10:04:00,1.0,17,22,34,308
2023-04-05,2023,2,False,False,False,False,,True,bull,2023-04-05 10:02:00,602,15665.25,15672.0,6.75,True,0.0,0.0,1.75,127.75,2023-04-05 13:41:00,821,15572.5,15573.5,1.0,1.0,0.0,8.75,14.25,True,2023-04-05 13:38:00,818,1.0,0.0,True,2023-04-05 10:04:00,0.0,12,23,26,234
2023-04-06,2023,3,False,False,False,False,,True,bull,2023-04-06 10:00:00,600,15491.5,15507.75,16.25,True,0.0,0.0,68.5,3.75,2023-04-06 11:03:00,663,15552.0,15562.0,10.0,0.0,0.0,108.25,2.25,True,2023-04-06 11:38:00,698,0.0,0.0,True,2023-04-06 10:02:00,1.0,16,31,43,297
2023-04-07,2023,4,False,True,False,True,holiday,False,,,-1,,,,False,,,,,,-1,,,,,,,,False,,-1,,,False,,,0,0,0,0
2023-04-09,2023,6,True,False,False,False,sunday,False,,,-1,,,,False,,,,,,-1,,,,,,,,False,,-1,,,False,,,0,0,0,0
2023-04-10,2023,0,False,False,False,False,,True,bull,2023-04-10 10:06:00,606,15510.25,15515.5,5.25,True,1.0,0.0,67.5,10.5,2023-04-10 12:37:00,757,15591.5,15596.75,5.25,0.0,0.0,57.25,3.25,True,2023-04-10 14:14:00,854,1.0,0.0,True,2023-04-10 10:08:00,1.0,13,36,44,316
2023-04-11,2023,1,False,False,False,False,,True,bear,2023-04-11 10:01:00,601,15634.25,15640.25,6.0,True,0.0,0.0,10.25,53.75,2023-04-11 12:25:00,745,15608.5,15612.75,4.25,1.0,0.0,18.5,20.5,True,2023-04-11 15:07:00,907,1.0,0.0,True,2023-04-11 10:07:00,1.0,15,22,40,306
2023-04-12,2023,2,False,False,False,True,event,False,,,-1,,,,False,,,,,,-1,,,,,,,,False,,-1,,,False,,,0,0,0,0
2023-04-13,2023,3,False,False,False,False,,True,bull,2023-04-13 10:01:00,601,15586.25,15592.0,5.75,True,0.0,0.0,69.5,16.75,2023-04-13 13:38:00,818,15687.5,15690.0,2.5,0.0,0.0,47.75,1.25,True,2023-04-13 13:43:00,823,1.0,0.0,True,2023-04-13 10:06:00,0.0,14,34,51,298
2023-04-14,2023,4,False,False,False,False,,True,bear,2023-04-14 10:01:00,601,15759.5,15772.0,12.5,True,0.0,0.0,34.0,105.75,2023-04-14 11:38:00,698,15651.75,15661.5,9.75,1.0,0.0,12.5,32.5,True,2023-04-14 13:22:00,802,1.0,0.0,True,2023-04-14 10:07:00,0.0,12,25,38,236
2023-04-16,2023,6,True,False,False,False,sunday,False,,,-1,,,,False,,,,,,-1,,,,,,,,False,,-1,,,False,,,0,0,0,0
2023-04-17,2023,0,False,False,False,False,,True,bull,2023-04-17 10:01:00,601,15681.25,15687.0,5.75,True,1.0,0.0,11.5,70.0,2023-04-17 12:27:00,747,15606.5,15611.5,5.0,0.0,0.0,37.75,1.0,True,2023-04-17 13:01:00,781,1.0,0.0,True,2023-04-17 10:02:00,1.0,15,26,40,306
2023-04-18,2023,1,False,False,False,False,,True,bear,2023-04-18 10:00:00,600,15776.75,15785.0,8.25,True,0.0,0.0,2.5,95.25,2023-04-18 14:00:00,840,15705.25,15711.0,5.75,1.0,0.0,17.75,37.5,True,2023-04-18 12:38:00,758,1.0,0.0,True,2023-04-18 10:03:00,0.0,15,25,40,288
2023-04-19,2023,2,False,False,False,False,,True,bull,2023-04-19 10:03:00,603,15629.75,15639.5,9.75,True,1.0,0.0,46.0,23.25,2023-04-19 11:43:00,703,15682.75,15687.25,4.5,1.0,0.0,43.25,10.25,True,2023-04-19 10:57:00,657,1.0,0.0,True,2023-04-19 10:13:00,1.0,17,40,58,317
2023-04-20,2023,3,False,False,False,False,,True,bull,2023-04-20 10:04:00,604,15639.5,15642.0,2.5,True,1.0,0.0,33.5,33.0,2023-04-20 12:49:00,769,15681.0,15684.25,3.25,0.0,0.0,34.5,5.5,True,2023-04-20 14:47:00,887,1.0,0.0,True,2023-04-20 10:09:00,1.0,12,22,35,298
2023-04-21,2023,4,False,False,False,False,,True,bear,2023-04-21 10:01:00,601,15522.25,15537.0,14.75,True,1.0,0.0,84.25,15.0,2023-04-21 11:28:00,688,15584.5,15587.5,3.0,1.0,0.0,39.25,8.75,True,2023-04-21 11:08:00,668,1.0,0.0,True,2023-04-21 10:07:00,0.0,14,21,36,211
2023-04-23,2023,6,True,False,False,False,sunday,False,,,-1,,,,False,,,,,,-1,,,,,,,,False,,-1,,,False,,,0,0,0,0
2023-04-24,2023,0,False,False,False,False,,True,bear,2023-04-24 10:02:00,602,15619.75,15625.0,5.25,True,1.0,0.0,13.25,79.75,2023-04-24 13:19:00,799,15539.25,15543.5,4.25,1.0,0.0,53.25,5.0,True,2023-04-24 13:19:00,799,1.0,0.0,True,2023-04-24 10:03:00,1.0,12,16,27,301
2023-04-25,2023,1,False,False,False,False,,True,bull,2023-04-25 10:02:00,602,15504.0,15512.0,8.0,True,0.0,0.0,6.0,57.25,2023-04-25 12:58:00,778,15419.5,15425.5,6.0,1.0,0.0,22.75,47.75,True,2023-04-25 13:03:00,783,1.0,0.0,True,2023-04-25 10:05:00,0.0,11,22,31,307
2023-04-26,2023,2,False,False,False,False,,True,bull,2023-04-26 10:00:00,600,15469.0,15485.75,16.75,True,1.0,0.0,23.0,64.5,2023-04-26 13:02:00,782,15480.0,15485.75,5.75,1.0,0.0,3.5,55.0,True,2023-04-26 13:55:00,835,1.0,0.0,True,2023-04-26 10:05:00,1.0,10,17,29,304
2023-04-27,2023,3,False,False,False,False,,True,bear,2023-04-27 10:00:00,600,15554.0,15559.25,5.25,True,1.0,0.0,95.0,6.0,2023-04-27 14:43:00,883,15740.25,15745.5,5.25,0.0,0.0,40.0,1.5,True,2023-04-27 09:32:00,572,1.0,0.0,True,2023-04-27 10:05:00,0.0,10,10,19,301
2023-04-28,2023,4,False,False,False,False,,True,bull,2023-04-28 10:06:00,606,15732.75,15740.25,7.5,True,1.0,0.0,65.75,43.75,2023-04-28 12:45:00,765,15775.5,15777.25,1.75,1.0,0.0,35.0,8.75,True,2023-04-28 15:20:00,920,1.0,0.0,True,2023-04-28 10:07:00,1.0,14,38,50,203
2023-04-30,2023,6,True,False,False,False,sunday,False,,,-1,,,,False,,,,,,-1,,,,,,,,False,,-1,,,False,,,0,0,0,0
2023-05-01,2023,0,False,False,False,False,,True,bear,2023-05-01 10:02:00,602,15822.0,15835.25,13.25,True,1.0,0.0,40.75,14.5,2023-05-01 14:06:00,846,15867.25,15872.25,5.0,1.0,0.0,10.0,55.75,True,2023-05-01 09:56:00,596,1.0,0.0,True,2023-05-01 10:11:00,1.0,13,29,39,276
2023-05-02,2023,1,False,False,False,False,,True,bear,2023-05-02 10:12:00,612,15775.25,15789.25,14.0,True,0.0,0.0,11.25,117.0,2023-05-02 13:10:00,790,15707.0,15709.5,2.5,1.0,0.0,42.5,6.25,True,2023-05-02 10:33:00,633,0.0,0.0,True,2023-05-02 10:13:00,0.0,10,20,34,314
2023-05-03,2023,2,False,False,False,True,event,False,,,-1,,,,False,,,,,,-1,,,,,,,,False,,-1,,,False,,,0,0,0,0
2023-05-04,2023,3,False,False,False,False,,True,bull,2023-05-04 10:04:00,604,15569.75,15574.0,4.25,True,1.0,0.0,17.0,47.5,2023-05-04 11:28:00,688,15595.25,15600.5,5.25,1.0,0.0,7.75,45.75,True,2023-05-04 12:56:00,776,0.0,0.0,True,2023-05-04 10:18:00,1.0,10,24,36,304
2023-05-05,2023,4,False,False,False,True,event,False,,,-1,,,,False,,,,,,-1,,,,,,,,False,,-1,,,False,,,0,0,0,0
2023-05-07,2023,6,True,False,False,False,sunday,False,,,-1,,,,False,,,,,,-1,,,,,,,,False,,-1,,,False,,,0,0,0,0
2023-05-08,2023,0,False,False,False,False,,True,bull,2023-05-08 10:02:00,602,15795.0,15803.75,8.75,True,1.0,0.0,15.5,29.0,2023-05-08 13:53:00,833,15873.5,15875.5,2.0,1.0,0.0,16.0,63.0,True,2023-05-08 13:10:00,790,1.0,0.0,True,2023-05-08 10:03:00,1.0,10,29,37,285
2023-05-09,2023,1,False,False,False,False,,True,bull,2023-05-09 10:00:00,600,15826.0,15833.25,7.25,True,1.0,0.0,8.0,34.5,2023-05-09 12:25:00,745,15791.0,15794.25,3.25,1.0,0.0,21.5,9.0,True,2023-05-09 10:41:00,641,1.0,0.0,True,2023-05-09 10:08:00,1.0,11,16,23,279
2023-05-10,2023,2,False,False,False,True,event,False,,,-1,,,,False,,,,,,-1,,,,,,,,False,,-1,,,False,,,0,0,0,0
2023-05-11,2023,3,False,False,False,False,,True,bull,2023-05-11 10:12:00,612,15914.75,15918.5,3.75,True,1.0,0.0,35.75,32.25,2023-05-11 14:59:00,899,15984.5,15986.75,2.25,1.0,0.0,4.75,33.0,True,2023-05-11 14:00:00,840,1.0,0.0,True,2023-05-11 10:14:00,1.0,13,36,47,312
2023-05-12,2023,4,False,False,False,False,,True,bear,2023-05-12 10:02:00,602,15966.5,15966.75,0.25,True,0.0,0.0,11.5,43.0,2023-05-12 14:42:00,882,15845.25,15849.75,4.5,0.0,0.0,71.75,0.5,True,2023-05-12 12:13:00,733,0.0,0.0,True,2023-05-12 10:09:00,1.0,9,25,34,205
2023-05-14,2023,6,True,False,False,False,sunday,False,,,-1,,,,False,,,,,,-1,,,,,,,,False,,-1,,,False,,,0,0,0,0
2023-05-15,2023,0,False,False,False,False,,True,bear,2023-05-15 10:08:00,608,15893.5,15906.0,12.5,True,1.0,0.0,47.0,11.25,2023-05-15 13:31:00,811,15970.75,15977.0,6.25,1.0,0.0,20.0,23.5,True,2023-05-15 13:22:00,802,0.0,0.0,True,2023-05-15 10:09:00,1.0,8,18,25,268
2023-05-16,2023,1,False,False,False,False,,True,bull,2023-05-16 10:08:00,608,16008.75,16012.75,4.0,True,1.0,0.0,45.75,36.0,2023-05-16 14:15:00,855,16046.5,16048.0,1.5,1.0,0.0,19.0,16.0,True,2023-05-16 09:45:00,585,1.0,0.0,True,2023-05-16 10:10:00,1.0,15,29,51,291
2023-05-17,2023,2,False,False,False,False,,True,bear,2023-05-17 10:00:00,600,16007.5,16013.0,5.5,True,0.0,0.0,63.75,2.0,2023-05-17 11:22:00,682,16052.75,16063.25,10.5,1.0,0.0,32.5,22.75,True,2023-05-17 11:34:00,694,1.0,0.0,True,2023-05-17 10:12:00,0.0,6,19,27,309
2023-05-18,2023,3,False,False,False,False,,True,bear,2023-05-18 10:02:00,602,16229.75,16237.75,8.0,True,0.0,0.0,119.75,0.25,2023-05-18 12:57:00,777,16312.25,16316.5,4.25,1.0,0.0,52.0,28.0,True,2023-05-18 12:15:00,735,1.0,0.0,True,2023-05-18 10:07:00,0.0,19,18,27,286
2023-05-19,2023,4,False,False,False,False,,True,bear,2023-05-19 10:04:00,604,16396.0,16406.25,10.25,True,1.0,0.0,44.0,9.75,2023-05-19 12:30:00,750,16373.5,16380.75,7.25,1.0,0.0,28.25,25.75,True,2023-05-19 10:42:00,642,1.0,0.0,True,2023-05-19 10:14:00,1.0,11,25,38,217
2023-05-21,2023,6,True,False,False,False,sunday,False,,,-1,,,,False,,,,,,-1,,,,,,,,False,,-1,,,False,,,0,0,0,0
2023-05-22,2023,0,False,False,False,False,,True,bear,2023-05-22 10:04:00,604,16443.5,16457.75,14.25,True,1.0,0.0,7.75,54.0,2023-05-22 11:28:00,688,16440.5,16446.75,6.25,1.0,0.0,8.5,30.75,True,2023-05-22 15:25:00,925,0.0,0.0,True,2023-05-22 10:09:00,1.0,10,14,27,285
2023-05-23,2023,1,False,False,False,False,,True,bear,2023-05-23 10:06:00,606,16384.25,16387.5,3.25,True,1.0,0.0,12.5,27.0,2023-05-23 14:20:00,860,16280.25,16285.5,5.25,0.0,0.0,2.25,45.5,True,2023-05-23 12:07:00,727,1.0,0.0,True,2023-05-23 10:10:00,1.0,11,37,50,313
2023-05-24,2023,2,False,False,False,False,,True,bear,2023-05-24 10:03:00,603,16163.5,16168.0,4.5,True,0.0,0.0,2.75,63.75,2023-05-24 11:15:00,675,16114.0,16118.75,4.75,1.0,0.0,46.0,4.5,True,2023-05-24 12:20:00,740,1.0,0.0,True,2023-05-24 10:04:00,1.0,13,22,34,320
2023-05-25,2023,3,False,False,False,False,,True,bull,2023-05-25 10:02:00,602,16401.0,16412.0,11.0,True,1.0,0.0,52.5,34.0,2023-05-25 12:02:00,722,16468.25,16479.25,11.0,1.0,0.0,45.5,11.0,True,2023-05-25 10:40:00,640,0.0,0.0,True,2023-05-25 10:12:00,1.0,11,26,45,278
2023-05-26,2023,4,False,False,False,False,,True,bull,2023-05-26 10:02:00,602,16643.25,16660.75,17.5,True,0.0,0.0,133.25,12.5,2023-05-26 11:43:00,703,16786.25,16796.0,9.75,0.0,0.0,45.5,2.25,True,2023-05-26 12:23:00,743,1.0,0.0,True,2023-05-26 10:11:00,0.0,16,25,49,232
2023-05-28,2023,6,True,False,False,False,sunday,False,,,-1,,,,False,,,,,,-1,,,,,,,,False,,-1,,,False,,,0,0,0,0
2023-05-29,2023,0,False,True,False,False,holiday,False,,,-1,,,,False,,,,,,-1,,,,,,,,False,,-1,,,False,,,0,0,0,0
2023-05-30,2023,1,False,False,False,False,,True,bear,2023-05-30 10:02:00,602,16944.25,16967.75,23.5,True,1.0,0.0,66.5,7.0,2023-05-30 11:17:00,677,16975.0,16990.75,15.75,1.0,0.0,42.5,24.75,True,2023-05-30 15:00:00,900,1.0,0.0,True,2023-05-30 10:03:00,1.0,13,20,34,331
2023-05-31,2023,2,False,False,False,False,,True,bear,2023-05-31 10:07:00,607,16898.0,16906.0,8.0,True,0.0,0.0,4.75,90.0,2023-05-31 11:20:00,680,16799.25,16808.75,9.5,1.0,0.0,36.25,20.75,True,2023-05-31 12:07:00,727,1.0,0.0,True,2023-05-31 10:12:00,0.0,14,22,33,313
2023-06-01,2023,3,False,False,False,False,,True,bear,2023-06-01 10:11:00,611,16844.0,16853.25,9.25,True,1.0,0.0,83.5,46.25,2023-06-01 11:09:00,669,16876.5,16888.25,11.75,0.0,0.0,94.5,1.5,True,2023-06-01 12:30:00,750,1.0,0.0,True,2023-06-01 10:19:00,1.0,13,16,26,317
2023-06-02,2023,4,False,False,False,True,event,False,,,-1,,,,False,,,,,,-1,,,,,,,,False,,-1,,,False,,,0,0,0,0
2023-06-04,2023,6,True,False,False,False,sunday,False,,,-1,,,,False,,,,,,-1,,,,,,,,False,,-1,,,False,,,0,0,0,0
2023-06-05,2023,0,False,False,False,False,,True,bull,2023-06-05 10:00:00,600,17114.5,17121.75,7.25,True,1.0,0.0,74.75,6.75,2023-06-05 12:14:00,734,17201.25,17206.75,5.5,1.0,0.0,12.25,14.5,True,2023-06-05 12:11:00,731,1.0,0.0,True,2023-06-05 10:15:00,1.0,8,20,34,314
2023-06-06,2023,1,False,False,False,False,,True,bull,2023-06-06 10:09:00,609,17060.75,17071.75,11.0,True,1.0,0.0,56.25,8.25,2023-06-06 14:25:00,865,17082.0,17086.75,4.75,1.0,0.0,40.0,1.75,True,2023-06-06 09:50:00,590,1.0,0.0,True,2023-06-06 10:11:00,1.0,12,19,33,312
2023-06-07,2023,2,False,False,False,False,,True,bear,2023-06-07 10:04:00,604,17133.75,17152.0,18.25,True,1.0,0.0,20.75,155.75,2023-06-07 12:28:00,748,16910.0,16913.5,3.5,1.0,0.0,51.25,24.75,True,2023-06-07 10:16:00,616,0.0,0.0,True,2023-06-07 10:15:00,0.0,14,31,53,335
2023-06-08,2023,3,False,False,False,False,,True,bull,2023-06-08 10:06:00,606,16905.5,16912.75,7.25,True,1.0,0.0,75.5,18.5,2023-06-08 14:53:00,893,17003.5,17006.5,3.0,1.0,0.0,32.5,6.25,True,2023-06-08 11:11:00,671,1.0,0.0,True,2023-06-08 10:07:00,1.0,11,29,42,297
2023-06-09,2023,4,False,False,False,False,,True,bull,2023-06-09 10:02:00,602,17182.25,17183.25,1.0,True,1.0,0.0,29.0,99.0,2023-06-09 11:35:00,695,17063.0,17070.25,7.25,1.0,0.0,27.5,45.25,True,2023-06-09 14:12:00,852,1.0,0.0,True,2023-06-09 10:13:00,1.0,13,31,40,232
2023-06-11,2023,6,True,False,False,False,sunday,False,,,-1,,,,False,,,,,,-1,,,,,,,,False,,-1,,,False,,,0,0,0,0
2023-06-12,2023,0,False,False,False,False,,True,bull,2023-06-12 10:03:00,600,17144.5,17149.25,4.75,True,1.0,0.0,27.25,41.5,2023-06-12 12:36:00,753,17198.5,17200.25,1.75,1.0,0.0,8.25,16.75,True,2023-06-12 10:15:00,612,0.0,0.0,True,2023-06-12 10:06:00,1.0,11,32,46,299
2023-06-13,2023,1,False,False,False,True,event,False,,,-1,,,,False,,,,,,-1,,,,,,,,False,,-1,,,False,,,0,0,0,0
2023-06-14,2023,2,False,False,False,True,event,False,,,-1,,,,False,,,,,,-1,,,,,,,,False,,-1,,,False,,,0,0,0,0
2023-06-15,2023,3,False,False,False,False,,True,bull,2023-06-15 10:08:00,608,17564.0,17581.75,17.75,True,1.0,0.0,43.75,22.5,2023-06-15 12:22:00,742,17642.5,17653.25,10.75,1.0,0.0,7.0,43.75,True,2023-06-15 14:44:00,884,1.0,0.0,True,2023-06-15 10:10:00,1.0,11,29,42,316
2023-06-16,2023,4,False,False,False,False,,True,bull,2023-06-16 10:01:00,601,17702.75,17709.5,6.75,True,1.0,0.0,37.5,33.75,2023-06-16 11:55:00,715,17693.0,17704.5,11.5,0.0,0.0,53.75,2.25,True,2023-06-16 15:21:00,921,1.0,0.0,True,2023-06-16 10:12:00,1.0,10,20,30,218
2023-06-18,2023,6,True,False,False,False,sunday,False,,,-1,,,,False,,,,,,-1,,,,,,,,False,,-1,,,False,,,0,0,0,0
2023-06-19,2023,0,False,True,False,False,holiday,False,,,-1,,,,False,,,,,,-1,,,,,,,,False,,-1,,,False,,,0,0,0,0
2023-06-20,2023,1,False,False,False,False,,True,bull,2023-06-20 10:05:00,605,17572.0,17582.0,10.0,True,1.0,0.0,16.75,107.25,2023-06-20 12:43:00,763,17602.5,17607.0,4.5,1.0,0.0,25.5,17.75,True,2023-06-20 13:48:00,828,1.0,0.0,True,2023-06-20 10:12:00,0.0,14,25,36,345
2023-06-21,2023,2,False,False,False,False,,True,bear,2023-06-21 10:02:00,601,17456.75,17469.25,12.5,True,1.0,0.0,40.25,59.0,2023-06-21 14:57:00,896,17477.0,17479.25,2.25,0.0,0.0,13.5,87.0,True,2023-06-21 11:46:00,705,1.0,0.0,True,2023-06-21 10:03:00,1.0,7,22,32,309
2023-06-22,2023,3,False,False,False,False,,True,bull,2023-06-22 10:12:00,612,17427.0,17432.0,5.0,True,1.0,0.0,38.25,54.75,2023-06-22 14:33:00,873,17504.0,17509.0,5.0,1.0,0.0,32.75,25.25,True,2023-06-22 14:57:00,897,1.0,0.0,True,2023-06-22 10:13:00,1.0,11,31,42,308
2023-06-23,2023,4,False,False,False,False,,True,bear,2023-06-23 10:02:00,602,17365.0,17368.5,3.5,True,0.0,0.0,82.25,0.5,2023-06-23 14:00:00,840,17477.0,17482.25,5.25,0.0,0.0,8.0,95.75,True,2023-06-23 10:50:00,650,1.0,0.0,True,2023-06-23 10:11:00,1.0,12,23,34,242
2023-06-25,2023,6,True,False,False,False,sunday,False,,,-1,,,,False,,,,,,-1,,,,,,,,False,,-1,,,False,,,0,0,0,0
2023-06-26,2023,0,False,False,False,False,,True,bear,2023-06-26 10:05:00,605,17480.25,17488.5,8.25,True,1.0,0.0,20.5,116.0,2023-06-26 14:57:00,897,17277.0,17285.25,8.25,1.0,0.0,21.5,70.5,True,2023-06-26 11:07:00,667,1.0,0.0,True,2023-06-26 10:07:00,1.0,18,28,42,334
2023-06-27,2023,1,False,False,False,False,,True,bear,2023-06-27 10:07:00,607,17299.25,17309.75,10.5,True,1.0,0.0,6.0,63.0,2023-06-27 11:03:00,663,17281.0,17284.0,3.0,1.0,0.0,90.75,37.25,True,2023-06-27 14:23:00,863,1.0,0.0,True,2023-06-27 10:09:00,1.0,11,19,26,319
2023-06-28,2023,2,False,False,False,False,,True,bear,2023-06-28 10:01:00,601,17439.0,17446.0,7.0,True,1.0,0.0,121.75,42.75,2023-06-28 11:25:00,685,17488.5,17507.25,18.75,1.0,0.0,89.75,15.0,True,2023-06-28 14:28:00,868,1.0,0.0,True,2023-06-28 10:05:00,1.0,12,25,35,321
2023-06-29,2023,3,False,False,False,False,,True,bull,2023-06-29 10:03:00,603,17451.25,17464.25,13.0,True,1.0,0.0,16.5,87.5,2023-06-29 13:17:00,797,17434.0,17438.5,4.5,1.0,0.0,12.5,54.75,True,2023-06-29 14:59:00,899,1.0,0.0,True,2023-06-29 10:06:00,0.0,16,19,32,332
2023-06-30,2023,4,False,False,False,False,,True,bull,2023-06-30 10:17:00,617,17684.5,17696.0,11.5,True,1.0,0.0,24.0,28.75,2023-06-30 11:57:00,717,17645.5,17651.75,6.25,1.0,0.0,52.75,5.5,True,2023-06-30 11:17:00,677,0.0,0.0,True,2023-06-30 10:21:00,1.0,12,23,39,206
2023-07-02,2023,6,True,False,False,False,sunday,False,,,-1,,,,False,,,,,,-1,,,,,,,,False,,-1,,,False,,,0,0,0,0
2023-07-03,2023,0,False,False,True,False,early_close,False,,,-1,,,,False,,,,,,-1,,,,,,,,False,,-1,,,False,,,0,0,0,0
2023-07-04,2023,1,False,True,False,False,holiday,False,,,-1,,,,False,,,,,,-1,,,,,,,,False,,-1,,,False,,,0,0,0,0
2023-07-05,2023,2,False,False,False,False,,True,bull,2023-07-05 10:03:00,603,17723.0,17727.5,4.5,True,1.0,0.0,46.75,19.0,2023-07-05 12:42:00,762,17698.75,17702.5,3.75,1.0,0.0,24.0,15.75,True,2023-07-05 12:17:00,737,1.0,0.0,True,2023-07-05 10:16:00,1.0,13,27,39,276
2023-07-06,2023,3,False,False,False,False,,True,bear,2023-07-06 10:21:00,621,17482.0,17488.25,6.25,True,1.0,0.0,45.0,18.25,2023-07-06 14:16:00,856,17566.5,17571.75,5.25,1.0,0.0,35.0,5.75,True,2023-07-06 15:11:00,911,1.0,0.0,True,2023-07-06 10:31:00,1.0,7,24,37,318
2023-07-07,2023,4,False,False,False,True,event,False,,,-1,,,,False,,,,,,-1,,,,,,,,False,,-1,,,False,,,0,0,0,0
2023-07-09,2023,6,True,False,False,False,sunday,False,,,-1,,,,False,,,,,,-1,,,,,,,,False,,-1,,,False,,,0,0,0,0
2023-07-10,2023,0,False,False,False,False,,True,bull,2023-07-10 10:01:00,601,17452.25,17462.75,10.5,True,0.0,0.0,81.5,0.25,2023-07-10 11:16:00,676,17488.0,17503.0,15.0,1.0,0.0,21.75,91.5,True,2023-07-10 14:18:00,858,1.0,0.0,True,2023-07-10 10:02:00,0.0,18,27,40,303
2023-07-11,2023,1,False,False,False,False,,True,bear,2023-07-11 10:06:00,606,17481.5,17494.5,13.0,True,1.0,0.0,94.5,17.25,2023-07-11 13:14:00,794,17546.25,17552.25,6.0,1.0,0.0,17.0,16.5,True,2023-07-11 15:08:00,908,1.0,0.0,True,2023-07-11 10:07:00,1.0,11,19,29,340
2023-07-12,2023,2,False,False,False,True,event,False,,,-1,,,,False,,,,,,-1,,,,,,,,False,,-1,,,False,,,0,0,0,0
2023-07-13,2023,3,False,False,False,False,,True,bear,2023-07-13 10:07:00,607,17935.25,17941.0,5.75,True,1.0,0.0,40.75,20.75,2023-07-13 11:13:00,673,17952.25,17957.25,5.0,1.0,0.0,37.75,21.5,True,2023-07-13 11:28:00,688,1.0,0.0,True,2023-07-13 10:10:00,1.0,9,15,20,280
2023-07-14,2023,4,False,False,False,False,,True,bear,2023-07-14 10:02:00,602,18139.75,18149.25,9.5,True,1.0,0.0,68.0,36.0,2023-07-14 14:58:00,898,18058.25,18064.25,6.0,0.0,0.0,8.75,34.25,True,2023-07-14 13:07:00,787,1.0,0.0,True,2023-07-14 10:04:00,1.0,15,23,32,214
2023-07-16,2023,6,True,False,False,False,sunday,False,,,-1,,,,False,,,,,,-1,,,,,,,,False,,-1,,,False,,,0,0,0,0
2023-07-17,2023,0,False,False,False,False,,True,bull,2023-07-17 10:01:00,601,18075.0,18088.25,13.25,True,1.0,0.0,26.25,17.25,2023-07-17 11:07:00,667,18096.5,18102.75,6.25,1.0,0.0,49.25,21.25,True,2023-07-17 12:51:00,771,1.0,0.0,True,2023-07-17 10:10:00,1.0,9,32,47,276
2023-07-18,2023,1,False,False,False,False,,True,bull,2023-07-18 10:01:00,601,18110.5,18127.0,16.5,True,1.0,0.0,27.25,29.75,2023-07-18 11:51:00,711,18208.75,18219.5,10.75,1.0,0.0,56.25,8.25,True,2023-07-18 14:03:00,843,0.0,0.0,True,2023-07-18 10:05:00,1.0,8,31,41,286
2023-07-19,2023,2,False,False,False,False,,True,bear,2023-07-19 10:15:00,615,18339.25,18347.0,7.75,True,1.0,0.0,58.75,14.0,2023-07-19 14:48:00,888,18291.75,18297.75,6.0,1.0,0.0,60.25,5.25,True,2023-07-19 12:31:00,751,1.0,0.0,True,2023-07-19 10:16:00,1.0,14,21,30,305
2023-07-20,2023,3,False,False,False,False,,True,bear,2023-07-20 10:02:00,602,18191.5,18209.25,17.75,True,0.0,0.0,7.0,139.25,2023-07-20 11:49:00,709,18102.75,18107.75,5.0,1.0,0.0,28.25,69.25,True,2023-07-20 12:35:00,755,1.0,0.0,True,2023-07-20 10:05:00,1.0,17,30,47,322
2023-07-21,2023,4,False,False,False,False,,True,bear,2023-07-21 10:03:00,603,17955.75,17969.0,13.25,True,1.0,0.0,53.0,46.0,2023-07-21 13:45:00,825,17976.75,17981.25,4.5,1.0,0.0,29.25,44.0,True,2023-07-21 14:33:00,873,1.0,0.0,True,2023-07-21 10:04:00,1.0,18,22,41,213
2023-07-23,2023,6,True,False,False,False,sunday,False,,,-1,,,,False,,,,,,-1,,,,,,,,False,,-1,,,False,,,0,0,0,0
2023-07-24,2023,0,False,False,False,False,,True,bull,2023-07-24 10:13:00,613,17854.0,17871.25,17.25,True,0.0,0.0,53.25,5.5,2023-07-24 12:29:00,749,17892.75,17897.0,4.25,1.0,0.0,20.25,17.5,True,2023-07-24 11:12:00,672,1.0,0.0,True,2023-07-24 10:14:00,1.0,13,26,37,318
2023-07-25,2023,1,False,False,False,False,,True,bear,2023-07-25 10:08:00,608,17998.0,18002.0,4.0,True,1.0,0.0,6.5,45.75,2023-07-25 12:02:00,722,18011.5,18017.5,6.0,1.0,0.0,40.5,9.0,True,2023-07-25 15:26:00,926,1.0,0.0,True,2023-07-25 10:18:00,1.0,9,14,25,308
2023-07-26,2023,2,False,False,False,True,event,False,,,-1,,,,False,,,,,,-1,,,,,,,,False,,-1,,,False,,,0,0,0,0
2023-07-27,2023,3,False,False,False,False,,True,bull,2023-07-27 10:03:00,603,18219.0,18228.75,9.75,True,0.0,0.0,0.25,122.0,2023-07-27 13:43:00,823,18078.25,18086.0,7.75,1.0,0.0,6.25,177.75,True,2023-07-27 15:15:00,915,1.0,0.0,True,2023-07-27 10:05:00,0.0,19,31,45,340
2023-07-28,2023,4,False,False,False,False,,True,bear,2023-07-28 10:09:00,609,18162.0,18170.25,8.25,True,1.0,0.0,61.25,31.5,2023-07-28 11:30:00,690,18213.25,18217.75,4.5,1.0,0.0,32.25,6.25,True,2023-07-28 14:13:00,853,1.0,0.0,True,2023-07-28 10:13:00,1.0,11,24,31,221
2023-07-30,2023,6,True,False,False,False,sunday,False,,,-1,,,,False,,,,,,-1,,,,,,,,False,,-1,,,False,,,0,0,0,0
2023-07-31,2023,0,False,False,False,False,,True,bull,2023-07-31 10:06:00,606,18162.25,18171.75,9.5,True,0.0,0.0,49.25,4.5,2023-07-31 14:20:00,860,18186.75,18187.5,0.75,1.0,0.0,19.25,18.75,True,2023-07-31 12:21:00,741,1.0,0.0,True,2023-07-31 10:07:00,1.0,11,34,43,279
2023-08-01,2023,1,False,False,False,False,,True,bull,2023-08-01 10:06:00,606,18139.5,18150.75,11.25,True,1.0,0.0,28.25,80.0,2023-08-01 12:11:00,731,18160.75,18161.5,0.75,1.0,0.0,28.25,37.75,True,2023-08-01 11:48:00,708,1.0,0.0,True,2023-08-01 10:12:00,1.0,10,21,29,290
2023-08-02,2023,2,False,False,False,False,,True,bear,2023-08-02 10:08:00,608,17927.25,17938.75,11.5,True,0.0,0.0,0.75,88.25,2023-08-02 11:22:00,682,17842.25,17845.5,3.25,1.0,0.0,28.5,79.75,True,2023-08-02 10:57:00,657,1.0,0.0,True,2023-08-02 10:09:00,0.0,13,18,35,299
2023-08-03,2023,3,False,False,False,False,,True,bear,2023-08-03 10:11:00,611,17756.0,17764.75,8.75,True,1.0,0.0,71.25,54.0,2023-08-03 13:57:00,837,17810.25,17819.75,9.5,1.0,0.0,23.5,19.0,True,2023-08-03 10:52:00,652,1.0,0.0,True,2023-08-03 10:13:00,1.0,11,14,23,288
2023-08-04,2023,4,False,False,False,True,event,False,,,-1,,,,False,,,,,,-1,,,,,,,,False,,-1,,,False,,,0,0,0,0
2023-08-06,2023,6,True,False,False,False,sunday,False,,,-1,,,,False,,,,,,-1,,,,,,,,False,,-1,,,False,,,0,0,0,0
2023-08-07,2023,0,False,False,False,False,,True,bear,2023-08-07 10:00:00,600,17744.25,17757.0,12.75,True,1.0,0.0,56.5,30.0,2023-08-07 11:19:00,679,17711.5,17731.25,19.75,1.0,0.0,78.0,14.0,True,2023-08-07 14:53:00,893,1.0,0.0,True,2023-08-07 10:02:00,1.0,13,21,28,306
2023-08-08,2023,1,False,False,False,False,,True,bull,2023-08-08 10:06:00,606,17627.5,17644.5,17.0,True,1.0,0.0,4.5,75.25,2023-08-08 13:41:00,821,17637.0,17641.0,4.0,1.0,0.0,34.5,14.5,True,2023-08-08 13:16:00,796,1.0,0.0,True,2023-08-08 10:12:00,1.0,11,30,36,309
2023-08-09,2023,2,False,False,False,False,,True,bull,2023-08-09 10:02:00,602,17631.25,17642.5,11.25,True,1.0,0.0,1.75,99.75,2023-08-09 12:49:00,769,17555.5,17559.5,4.0,1.0,0.0,46.25,36.75,True,2023-08-09 14:04:00,844,0.0,0.0,True,2023-08-09 10:04:00,1.0,10,32,38,293
2023-08-10,2023,3,False,False,False,True,event,False,,,-1,,,,False,,,,,,-1,,,,,,,,False,,-1,,,False,,,0,0,0,0
2023-08-11,2023,4,False,False,False,False,,True,bull,2023-08-11 10:02:00,602,17421.0,17444.25,23.25,True,1.0,0.0,71.0,15.25,2023-08-11 14:00:00,840,17415.75,17422.25,6.5,0.0,0.0,53.25,4.5,True,2023-08-11 11:38:00,698,1.0,0.0,True,2023-08-11 10:04:00,1.0,14,27,40,242
2023-08-13,2023,6,True,False,False,False,sunday,False,,,-1,,,,False,,,,,,-1,,,,,,,,False,,-1,,,False,,,0,0,0,0
2023-08-14,2023,0,False,False,False,False,,True,bull,2023-08-14 10:13:00,613,17481.0,17489.25,8.25,True,1.0,0.0,98.5,11.5,2023-08-14 11:31:00,691,17565.25,17569.5,4.25,1.0,0.0,24.0,50.5,True,2023-08-14 09:30:00,570,1.0,0.0,True,2023-08-14 10:14:00,1.0,12,22,42,279
2023-08-15,2023,1,False,False,False,False,,True,bear,2023-08-15 10:02:00,602,17522.75,17529.75,7.0,True,0.0,0.0,12.5,60.25,2023-08-15 14:23:00,863,17504.25,17507.0,2.75,1.0,0.0,22.0,31.25,True,2023-08-15 09:43:00,583,0.0,0.0,True,2023-08-15 10:06:00,1.0,11,19,38,297
2023-08-16,2023,2,False,False,False,False,,True,bear,2023-08-16 10:02:00,602,17440.75,17449.75,9.0,True,1.0,0.0,68.5,4.5,2023-08-16 11:49:00,709,17412.75,17427.25,14.5,0.0,0.0,6.25,52.25,True,2023-08-16 11:19:00,679,1.0,0.0,True,2023-08-16 10:03:00,0.0,14,29,40,301
2023-08-17,2023,3,False,False,False,False,,True,bear,2023-08-17 10:14:00,614,17249.5,17260.5,11.0,True,1.0,0.0,28.75,37.5,2023-08-17 11:33:00,693,17212.0,17217.25,5.25,1.0,0.0,82.75,3.25,True,2023-08-17 13:43:00,823,1.0,0.0,True,2023-08-17 10:17:00,1.0,13,29,46,295
2023-08-18,2023,4,False,False,False,False,,True,bear,2023-08-18 10:17:00,617,16988.0,16998.25,10.25,True,1.0,0.0,86.25,18.5,2023-08-18 14:25:00,865,17084.5,17094.0,9.5,1.0,0.0,42.75,14.0,True,2023-08-18 12:59:00,779,1.0,0.0,True,2023-08-18 10:18:00,1.0,9,21,30,233
2023-08-20,2023,6,True,False,False,False,sunday,False,,,-1,,,,False,,,,,,-1,,,,,,,,False,,-1,,,False,,,0,0,0,0
2023-08-21,2023,0,False,False,False,False,,True,bull,2023-08-21 10:00:00,600,17244.75,17248.0,3.25,True,1.0,0.0,19.0,95.25,2023-08-21 12:02:00,722,17158.25,17168.0,9.75,1.0,0.0,88.0,11.5,True,2023-08-21 13:34:00,814,1.0,0.0,True,2023-08-21 10:01:00,1.0,12,32,46,286
2023-08-22,2023,1,False,False,False,False,,True,bull,2023-08-22 10:05:00,605,17353.75,17366.5,12.75,True,1.0,0.0,37.75,50.0,2023-08-22 14:30:00,870,17316.25,17323.5,7.25,1.0,0.0,31.25,26.25,True,2023-08-22 13:28:00,808,1.0,0.0,True,2023-08-22 10:08:00,1.0,20,21,39,303
2023-08-23,2023,2,False,False,False,False,,True,bull,2023-08-23 10:14:00,614,17463.0,17473.5,10.5,True,1.0,0.0,70.75,21.25,2023-08-23 11:57:00,717,17539.25,17544.75,5.5,1.0,0.0,5.5,31.5,True,2023-08-23 13:49:00,829,1.0,0.0,True,2023-08-23 10:18:00,0.0,10,17,34,295
2023-08-24,2023,3,False,False,False,False,,True,bear,2023-08-24 10:03:00,603,17565.5,17572.25,6.75,True,1.0,0.0,15.25,203.0,2023-08-24 11:08:00,668,17356.0,17368.5,12.5,1.0,0.0,23.0,64.25,True,2023-08-24 12:52:00,772,1.0,0.0,True,2023-08-24 10:08:00,0.0,14,29,48,304
2023-08-25,2023,4,False,False,False,False,,True,bear,2023-08-25 10:07:00,607,17288.75,17300.0,11.25,True,1.0,0.0,132.75,164.25,2023-08-25 13:33:00,813,17197.5,17211.5,14.0,0.0,0.0,149.5,7.75,True,2023-08-25 10:55:00,655,1.0,0.0,True,2023-08-25 10:08:00,1.0,18,17,32,229
2023-08-27,2023,6,True,False,False,False,sunday,False,,,-1,,,,False,,,,,,-1,,,,,,,,False,,-1,,,False,,,0,0,0,0
2023-08-28,2023,0,False,False,False,False,,True,bull,2023-08-28 10:17:00,616,17398.5,17406.75,8.25,True,1.0,0.0,38.25,59.75,2023-08-28 13:22:00,801,17425.0,17435.25,10.25,0.0,0.0,4.75,88.25,True,2023-08-28 14:37:00,876,1.0,0.0,True,2023-08-28 10:19:00,1.0,10,21,29,306
2023-08-29,2023,1,False,False,False,False,,True,bull,2023-08-29 10:02:00,602,17508.0,17550.25,42.25,True,0.0,0.0,126.0,7.25,2023-08-29 13:32:00,812,17726.0,17731.0,5.0,1.0,0.0,21.0,25.0,True,2023-08-29 15:14:00,914,1.0,0.0,True,2023-08-29 10:06:00,1.0,16,28,50,280
2023-08-30,2023,2,False,False,False,False,,True,bull,2023-08-30 10:02:00,602,17814.5,17820.5,6.0,True,1.0,0.0,23.25,109.0,2023-08-30 13:14:00,794,17855.0,17859.5,4.5,1.0,0.0,4.75,61.25,True,2023-08-30 12:06:00,726,1.0,0.0,True,2023-08-30 10:12:00,1.0,14,30,42,311
2023-08-31,2023,3,False,False,False,False,,True,bull,2023-08-31 10:01:00,601,17910.0,17915.0,5.0,True,1.0,0.0,36.25,33.75,2023-08-31 13:07:00,787,17879.25,17881.75,2.5,0.0,0.0,40.0,4.5,True,2023-08-31 13:07:00,787,0.0,0.0,True,2023-08-31 10:07:00,1.0,10,25,39,288
2023-09-01,2023,4,False,False,False,True,event,False,,,-1,,,,False,,,,,,-1,,,,,,,,False,,-1,,,False,,,0,0,0,0
2023-09-03,2023,6,True,False,False,False,sunday,False,,,-1,,,,False,,,,,,-1,,,,,,,,False,,-1,,,False,,,0,0,0,0
2023-09-04,2023,0,False,True,False,False,holiday,False,,,-1,,,,False,,,,,,-1,,,,,,,,False,,-1,,,False,,,0,0,0,0
2023-09-05,2023,1,False,False,False,False,,True,bull,2023-09-05 10:08:00,608,17805.75,17814.5,8.75,True,1.0,0.0,103.25,13.25,2023-09-05 13:43:00,823,17887.0,17891.75,4.75,1.0,0.0,35.0,11.5,True,2023-09-05 12:24:00,744,1.0,0.0,True,2023-09-05 10:16:00,1.0,13,26,36,315
2023-09-06,2023,2,False,False,False,False,,True,bear,2023-09-06 10:01:00,601,17831.0,17834.0,3.0,True,0.0,0.0,1.75,86.5,2023-09-06 12:22:00,742,17700.75,17705.5,4.75,1.0,0.0,13.0,42.0,True,2023-09-06 15:29:00,929,1.0,0.0,True,2023-09-06 10:02:00,0.0,12,23,37,280
2023-09-07,2023,3,False,False,False,False,,True,bear,2023-09-07 10:04:00,604,17521.75,17536.75,15.0,True,1.0,0.0,114.0,5.25,2023-09-07 13:09:00,789,17590.5,17599.25,8.75,1.0,0.0,56.75,3.0,True,2023-09-07 11:55:00,715,1.0,0.0,True,2023-09-07 10:05:00,0.0,19,18,32,302
2023-09-08,2023,4,False,False,False,False,,True,bull,2023-09-08 10:04:00,604,17687.25,17699.25,12.0,True,1.0,0.0,36.75,66.75,2023-09-08 11:28:00,688,17700.25,17703.75,3.5,1.0,0.0,14.25,35.5,True,2023-09-08 09:50:00,590,1.0,0.0,True,2023-09-08 10:05:00,1.0,14,25,39,230
2023-09-10,2023,6,True,False,False,False,sunday,False,,,-1,,,,False,,,,,,-1,,,,,,,,False,,-1,,,False,,,0,0,0,0
2023-09-11,2023,0,False,False,False,False,,True,bear,2023-09-11 10:00:00,600,17720.25,17728.0,7.75,True,1.0,0.0,27.0,26.0,2023-09-11 12:06:00,726,17716.5,17720.5,4.0,1.0,0.0,42.5,2.25,True,2023-09-11 15:13:00,913,1.0,0.0,True,2023-09-11 10:02:00,1.0,10,17,29,304
2023-09-12,2023,1,False,False,False,False,,True,bear,2023-09-12 10:02:00,602,17788.25,17801.25,13.0,True,0.0,0.0,19.25,118.5,2023-09-12 13:43:00,823,17730.5,17745.5,15.0,0.0,0.0,2.25,50.25,True,2023-09-12 11:07:00,667,1.0,0.0,True,2023-09-12 10:14:00,1.0,13,26,38,292
2023-09-13,2023,2,False,False,False,True,event,False,,,-1,,,,False,,,,,,-1,,,,,,,,False,,-1,,,False,,,0,0,0,0
2023-09-14,2023,3,False,False,False,False,,True,bull,2023-09-14 10:00:00,600,17710.75,17716.25,5.5,True,1.0,0.0,86.75,51.25,2023-09-14 12:54:00,774,17842.75,17847.75,5.0,1.0,0.0,11.75,14.5,True,2023-09-14 11:51:00,711,0.0,0.0,True,2023-09-14 10:18:00,1.0,11,36,51,309
2023-09-15,2023,4,False,False,False,False,,True,bull,2023-09-15 10:01:00,601,17655.25,17663.25,8.0,True,1.0,0.0,7.0,95.75,2023-09-15 11:49:00,709,17584.5,17589.0,4.5,1.0,0.0,23.25,27.75,True,2023-09-15 15:09:00,909,1.0,0.0,True,2023-09-15 10:10:00,1.0,10,20,26,213
2023-09-17,2023,6,True,False,False,False,sunday,False,,,-1,,,,False,,,,,,-1,,,,,,,,False,,-1,,,False,,,0,0,0,0
2023-09-18,2023,0,False,False,False,False,,True,bear,2023-09-18 10:09:00,608,17541.25,17551.25,10.0,True,1.0,0.0,49.25,25.75,2023-09-18 13:30:00,809,17594.75,17600.5,5.75,1.0,0.0,14.75,14.75,True,2023-09-18 11:07:00,666,1.0,0.0,True,2023-09-18 10:11:00,1.0,11,27,36,307
2023-09-19,2023,1,False,False,False,False,,True,bear,2023-09-19 10:01:00,601,17455.0,17462.75,7.75,True,1.0,0.0,18.25,50.0,2023-09-19 12:41:00,761,17426.0,17429.5,3.5,1.0,0.0,100.0,12.0,True,2023-09-19 09:48:00,588,0.0,0.0,True,2023-09-19 10:02:00,1.0,13,16,30,302
2023-09-20,2023,2,False,False,False,True,event,False,,,-1,,,,False,,,,,,-1,,,,,,,,False,,-1,,,False,,,0,0,0,0
2023-09-21,2023,3,False,False,False,False,,True,bull,2023-09-21 10:07:00,607,17083.5,17095.75,12.25,True,0.0,0.0,63.5,9.25,2023-09-21 12:20:00,740,17090.5,17093.25,2.75,1.0,0.0,54.0,13.0,True,2023-09-21 13:27:00,807,1.0,0.0,True,2023-09-21 10:08:00,1.0,16,21,36,300
2023-09-22,2023,4,False,False,False,False,,True,bull,2023-09-22 10:07:00,607,17092.0,17102.25,10.25,True,1.0,0.0,55.25,50.25,2023-09-22 11:29:00,689,17151.0,17155.0,4.0,1.0,0.0,17.0,39.0,True,2023-09-22 11:16:00,676,1.0,0.0,True,2023-09-22 10:10:00,1.0,18,21,40,225
2023-09-24,2023,6,True,False,False,False,sunday,False,,,-1,,,,False,,,,,,-1,,,,,,,,False,,-1,,,False,,,0,0,0,0
2023-09-25,2023,0,False,False,False,False,,True,bear,2023-09-25 10:03:00,603,17019.75,17026.75,7.0,True,1.0,0.0,19.5,45.0,2023-09-25 14:58:00,898,17025.75,17034.5,8.75,1.0,0.0,64.5,32.25,True,2023-09-25 14:31:00,871,1.0,0.0,True,2023-09-25 10:04:00,1.0,10,21,31,301
2023-09-26,2023,1,False,False,False,False,,True,bear,2023-09-26 10:15:00,615,16902.75,16915.0,12.25,True,1.0,0.0,64.0,17.25,2023-09-26 13:29:00,809,16900.5,16906.25,5.75,0.0,0.0,3.5,41.5,True,2023-09-26 13:39:00,819,1.0,0.0,True,2023-09-26 10:16:00,1.0,11,28,39,305
2023-09-27,2023,2,False,False,False,False,,True,bear,2023-09-27 10:03:00,603,16899.25,16912.75,13.5,True,1.0,0.0,29.0,61.0,2023-09-27 13:42:00,822,16751.0,16762.5,11.5,1.0,0.0,153.25,3.25,True,2023-09-27 14:10:00,850,1.0,0.0,True,2023-09-27 10:21:00,1.0,12,24,38,285
2023-09-28,2023,3,False,False,False,False,,True,bull,2023-09-28 10:02:00,602,16895.25,16914.75,19.5,True,1.0,0.0,24.0,84.5,2023-09-28 11:51:00,711,17034.75,17037.75,3.0,0.0,0.0,55.5,2.0,True,2023-09-28 11:45:00,705,0.0,0.0,True,2023-09-28 10:10:00,1.0,14,24,45,283
2023-09-29,2023,4,False,False,False,False,,True,bear,2023-09-29 10:08:00,608,17181.0,17197.0,16.0,True,0.0,0.0,14.25,61.25,2023-09-29 11:55:00,715,17076.25,17084.5,8.25,1.0,0.0,40.5,39.75,True,2023-09-29 13:35:00,815,1.0,0.0,True,2023-09-29 10:15:00,0.0,11,27,34,227
2023-10-01,2023,6,True,False,False,False,sunday,False,,,-1,,,,False,,,,,,-1,,,,,,,,False,,-1,,,False,,,0,0,0,0
2023-10-02,2023,0,False,False,False,False,,True,bull,2023-10-02 10:02:00,602,17072.25,17107.0,34.75,True,1.0,0.0,36.25,50.0,2023-10-02 12:48:00,768,17055.5,17061.0,5.5,1.0,0.0,14.75,43.25,True,2023-10-02 10:49:00,649,1.0,0.0,True,2023-10-02 10:04:00,1.0,14,20,36,291
2023-10-03,2023,1,False,False,False,False,,True,bear,2023-10-03 10:02:00,602,17060.0,17101.0,41.0,True,0.0,0.0,2.5,182.5,2023-10-03 12:37:00,757,16905.75,16909.25,3.5,1.0,0.0,30.25,49.5,True,2023-10-03 14:29:00,869,1.0,0.0,True,2023-10-03 10:04:00,0.0,11,21,34,302
2023-10-04,2023,2,False,False,False,False,,True,bear,2023-10-04 10:04:00,604,16916.5,16933.0,16.5,True,1.0,0.0,84.5,31.0,2023-10-04 14:08:00,848,16975.0,16975.25,0.25,1.0,0.0,69.75,12.0,True,2023-10-04 10:30:00,630,0.0,0.0,True,2023-10-04 10:14:00,1.0,13,21,33,308
2023-10-05,2023,3,False,False,False,False,,True,bear,2023-10-05 10:02:00,602,16965.25,16985.25,20.0,True,0.0,0.0,13.0,80.75,2023-10-05 13:32:00,812,16955.75,16959.0,3.25,0.0,0.0,92.25,0.5,True,2023-10-05 09:50:00,590,0.0,0.0,True,2023-10-05 10:03:00,1.0,12,24,39,327
2023-10-06,2023,4,False,False,False,True,event,False,,,-1,,,,False,,,,,,-1,,,,,,,,False,,-1,,,False,,,0,0,0,0
2023-10-08,2023,6,True,False,False,False,sunday,False,,,-1,,,,False,,,,,,-1,,,,,,,,False,,-1,,,False,,,0,0,0,0
2023-10-09,2023,0,False,False,False,False,,True,bear,2023-10-09 10:03:00,603,17191.0,17198.75,7.75,True,1.0,0.0,32.5,50.0,2023-10-09 12:27:00,747,17225.5,17233.75,8.25,1.0,0.0,26.25,25.0,True,2023-10-09 11:08:00,668,1.0,0.0,True,2023-10-09 10:04:00,1.0,15,14,29,271
2023-10-10,2023,1,False,False,False,False,,True,bull,2023-10-10 10:00:00,600,17376.25,17381.0,4.75,True,0.0,0.0,86.25,2.75,2023-10-10 12:53:00,773,17513.0,17519.0,6.0,1.0,0.0,5.5,114.25,True,2023-10-10 11:33:00,693,1.0,0.0,True,2023-10-10 10:01:00,1.0,17,23,41,249
2023-10-11,2023,2,False,False,False,False,,True,bear,2023-10-11 10:02:00,602,17469.5,17481.25,11.75,True,1.0,0.0,56.25,18.0,2023-10-11 11:05:00,665,17513.0,17520.5,7.5,1.0,0.0,23.5,67.5,True,2023-10-11 12:07:00,727,1.0,0.0,True,2023-10-11 10:07:00,1.0,13,27,33,279
2023-10-12,2023,3,False,False,False,True,event,False,,,-1,,,,False,,,,,,-1,,,,,,,,False,,-1,,,False,,,0,0,0,0
2023-10-13,2023,4,False,False,False,False,,True,bear,2023-10-13 10:01:00,601,17495.25,17496.0,0.75,True,0.0,0.0,35.25,117.25,2023-10-13 11:25:00,685,17312.25,17322.5,10.25,1.0,0.0,27.25,43.5,True,2023-10-13 13:33:00,813,1.0,0.0,True,2023-10-13 10:26:00,1.0,7,17,28,154
2023-10-15,2023,6,True,False,False,False,sunday,False,,,-1,,,,False,,,,,,-1,,,,,,,,False,,-1,,,False,,,0,0,0,0
2023-10-16,2023,0,False,False,False,False,,True,bull,2023-10-16 10:01:00,601,17364.25,17378.25,14.0,True,0.0,0.0,88.25,28.0,2023-10-16 14:59:00,899,17460.75,17466.75,6.0,1.0,0.0,20.25,32.5,True,2023-10-16 13:28:00,808,0.0,0.0,True,2023-10-16 10:11:00,0.0,10,32,47,271
2023-10-17,2023,1,False,False,False,False,,True,bull,2023-10-17 10:00:00,600,17223.0,17230.0,7.0,True,0.0,0.0,158.0,8.0,2023-10-17 12:55:00,775,17436.75,17441.75,5.0,0.0,0.0,5.25,101.25,True,2023-10-17 11:12:00,672,1.0,0.0,True,2023-10-17 10:07:00,0.0,14,17,31,268
2023-10-18,2023,2,False,False,False,False,,True,bear,2023-10-18 10:02:00,602,17299.0,17308.75,9.75,True,1.0,0.0,87.0,43.75,2023-10-18 12:13:00,733,17312.25,17315.5,3.25,0.0,0.0,5.75,81.75,True,2023-10-18 10:51:00,651,1.0,0.0,True,2023-10-18 10:08:00,1.0,15,25,43,286
2023-10-19,2023,3,False,False,False,False,,True,bull,2023-10-19 10:12:00,612,17206.25,17233.25,27.0,True,1.0,0.0,25.0,86.5,2023-10-19 13:57:00,837,17137.75,17163.0,25.25,0.0,0.0,7.0,135.25,True,2023-10-19 12:22:00,742,1.0,0.0,True,2023-10-19 10:19:00,0.0,10,26,31,298
2023-10-20,2023,4,False,False,False,False,,True,bear,2023-10-20 10:05:00,605,16995.25,17002.5,7.25,True,0.0,0.0,12.75,162.25,2023-10-20 12:14:00,734,16845.75,16848.0,2.25,0.0,0.0,88.25,7.0,True,2023-10-20 14:17:00,857,1.0,0.0,True,2023-10-20 10:09:00,0.0,11,17,31,187
2023-10-22,2023,6,True,False,False,False,sunday,False,,,-1,,,,False,,,,,,-1,,,,,,,,False,,-1,,,False,,,0,0,0,0
2023-10-23,2023,0,False,False,False,False,,True,bear,2023-10-23 10:03:00,603,16774.75,16778.0,3.25,True,0.0,0.0,85.5,9.5,2023-10-23 14:45:00,885,16923.75,16944.0,20.25,1.0,0.0,28.0,73.5,True,2023-10-23 14:12:00,852,1.0,0.0,True,2023-10-23 10:06:00,1.0,11,20,26,279
2023-10-24,2023,1,False,False,False,False,,True,bull,2023-10-24 10:00:00,600,16953.0,16968.0,15.0,True,1.0,0.0,50.5,48.25,2023-10-24 13:31:00,811,16922.25,16924.25,2.0,1.0,0.0,27.5,29.25,True,2023-10-24 13:15:00,795,0.0,0.0,True,2023-10-24 10:04:00,1.0,16,27,43,299
2023-10-25,2023,2,False,False,False,False,,True,bear,2023-10-25 10:02:00,602,16770.75,16798.5,27.75,True,1.0,0.0,65.0,23.0,2023-10-25 14:05:00,845,16633.25,16642.5,9.25,1.0,0.0,25.0,31.0,True,2023-10-25 13:06:00,786,1.0,0.0,True,2023-10-25 10:10:00,1.0,12,17,33,279
2023-10-26,2023,3,False,False,False,False,,True,bear,2023-10-26 10:10:00,610,16462.0,16470.75,8.75,True,1.0,0.0,88.75,29.25,2023-10-26 14:26:00,866,16380.25,16386.25,6.0,1.0,0.0,108.25,2.5,True,2023-10-26 13:53:00,833,1.0,0.0,True,2023-10-26 10:25:00,1.0,12,25,37,301
2023-10-27,2023,4,False,False,False,False,,True,bear,2023-10-27 10:02:00,602,16452.25,16475.0,22.75,True,1.0,0.0,73.25,22.25,2023-10-27 13:38:00,818,16406.25,16411.75,5.5,1.0,0.0,29.75,38.5,True,2023-10-27 10:17:00,617,1.0,0.0,True,2023-10-27 10:05:00,1.0,12,25,34,209
2023-10-29,2023,6,True,False,False,False,sunday,False,,,-1,,,,False,,,,,,-1,,,,,,,,False,,-1,,,False,,,0,0,0,0
2023-10-30,2023,0,False,False,False,False,,True,bear,2023-10-30 10:00:00,600,16601.75,16614.0,12.25,True,0.0,0.0,7.75,144.5,2023-10-30 11:39:00,699,16519.0,16526.25,7.25,1.0,0.0,43.0,21.25,True,2023-10-30 10:44:00,644,1.0,0.0,True,2023-10-30 10:12:00,1.0,13,15,29,266
2023-10-31,2023,1,False,False,False,False,,True,bull,2023-10-31 10:09:00,609,16490.0,16511.25,21.25,True,1.0,0.0,74.0,16.25,2023-10-31 12:59:00,779,16580.5,16588.5,8.0,1.0,0.0,50.0,24.75,True,2023-10-31 12:00:00,720,1.0,0.0,True,2023-10-31 10:11:00,1.0,20,28,46,335
2023-11-01,2023,2,False,False,False,True,event,False,,,-1,,,,False,,,,,,-1,,,,,,,,False,,-1,,,False,,,0,0,0,0
2023-11-02,2023,3,False,False,False,False,,True,bear,2023-11-02 10:12:00,612,17036.5,17043.75,7.25,True,1.0,0.0,89.75,12.75,2023-11-02 13:02:00,782,17099.0,17104.0,5.0,0.0,0.0,51.5,-0.25,True,2023-11-02 12:19:00,739,1.0,0.0,True,2023-11-02 10:19:00,1.0,10,13,15,261
2023-11-03,2023,4,False,False,False,True,event,False,,,-1,,,,False,,,,,,-1,,,,,,,,False,,-1,,,False,,,0,0,0,0
2023-11-05,2023,6,True,False,False,False,sunday,False,,,-1,,,,False,,,,,,-1,,,,,,,,False,,-1,,,False,,,0,0,0,0
2023-11-06,2023,0,False,False,False,False,,True,bear,2023-11-06 10:04:00,604,17354.0,17373.75,19.75,True,1.0,0.0,49.5,11.5,2023-11-06 12:05:00,725,17365.25,17369.5,4.25,0.0,0.0,2.25,31.0,True,2023-11-06 11:31:00,691,1.0,0.0,True,2023-11-06 10:15:00,0.0,9,29,41,302
2023-11-07,2023,1,False,False,False,False,,True,bull,2023-11-07 10:02:00,602,17448.75,17459.0,10.25,True,1.0,0.0,87.5,35.25,2023-11-07 13:20:00,800,17542.5,17547.0,4.5,1.0,0.0,13.5,12.5,True,2023-11-07 10:48:00,648,1.0,0.0,True,2023-11-07 10:08:00,1.0,12,16,33,286
2023-11-08,2023,2,False,False,False,False,,True,bear,2023-11-08 10:00:00,600,17541.0,17551.0,10.0,True,0.0,0.0,5.5,54.75,2023-11-08 12:02:00,722,17482.5,17488.75,6.25,1.0,0.0,13.25,35.25,True,2023-11-08 14:43:00,883,1.0,0.0,True,2023-11-08 10:03:00,1.0,15,15,26,271
2023-11-09,2023,3,False,False,False,False,,True,bear,2023-11-09 10:02:00,602,17557.75,17563.0,5.25,True,0.0,0.0,4.0,52.75,2023-11-09 14:53:00,893,17422.0,17428.0,6.0,1.0,0.0,2.75,34.25,True,2023-11-09 13:05:00,785,1.0,0.0,True,2023-11-09 10:03:00,1.0,13,28,36,282
2023-11-10,2023,4,False,False,False,False,,True,bear,2023-11-10 10:02:00,602,17519.75,17526.75,7.0,True,1.0,0.0,30.25,35.75,2023-11-10 14:57:00,897,17720.5,17723.5,3.0,0.0,0.0,35.75,3.25,True,2023-11-10 10:26:00,626,1.0,0.0,True,2023-11-10 10:08:00,1.0,10,9,14,203
2023-11-12,2023,6,True,False,False,False,sunday,False,,,-1,,,,False,,,,,,-1,,,,,,,,False,,-1,,,False,,,0,0,0,0
2023-11-13,2023,0,False,False,False,False,,True,bull,2023-11-13 10:00:00,600,17632.25,17641.5,9.25,True,1.0,0.0,63.0,12.0,2023-11-13 13:40:00,820,17704.0,17708.25,4.25,1.0,0.0,25.0,13.25,True,2023-11-13 12:52:00,772,1.0,0.0,True,2023-11-13 10:05:00,0.0,12,29,41,286
2023-11-14,2023,1,False,False,False,True,event,False,,,-1,,,,False,,,,,,-1,,,,,,,,False,,-1,,,False,,,0,0,0,0
2023-11-15,2023,2,False,False,False,False,,True,bear,2023-11-15 10:15:00,615,18075.25,18079.25,4.0,True,1.0,0.0,53.0,4.75,2023-11-15 13:08:00,788,18019.75,18023.25,3.5,1.0,0.0,51.5,31.75,True,2023-11-15 10:33:00,633,1.0,0.0,True,2023-11-15 10:17:00,1.0,11,26,34,283
2023-11-16,2023,3,False,False,False,False,,True,bear,2023-11-16 10:05:00,605,18037.0,18042.75,5.75,True,1.0,0.0,20.75,70.5,2023-11-16 14:54:00,894,18027.75,18031.25,3.5,1.0,0.0,30.75,14.5,True,2023-11-16 10:35:00,635,0.0,0.0,True,2023-11-16 10:07:00,1.0,19,18,29,280
2023-11-17,2023,4,False,False,False,False,,True,bear,2023-11-17 10:02:00,602,18011.5,18021.5,10.0,True,1.0,0.0,16.25,35.5,2023-11-17 12:48:00,768,18030.0,18033.25,3.25,1.0,0.0,41.5,1.75,True,2023-11-17 09:31:00,571,1.0,0.0,True,2023-11-17 10:11:00,1.0,9,21,25,212
2023-11-19,2023,6,True,False,False,False,sunday,False,,,-1,,,,False,,,,,,-1,,,,,,,,False,,-1,,,False,,,0,0,0,0
2023-11-20,2023,0,False,False,False,False,,True,bear,2023-11-20 10:08:00,608,18143.75,18144.25,0.5,True,1.0,0.0,30.0,50.75,2023-11-20 14:14:00,854,18214.75,18218.5,3.75,1.0,0.0,56.0,2.0,True,2023-11-20 15:22:00,922,1.0,0.0,True,2023-11-20 10:15:00,1.0,9,11,19,291
2023-11-21,2023,1,False,False,False,False,,True,bear,2023-11-21 10:19:00,619,18128.5,18133.25,4.75,True,0.0,0.0,11.75,58.0,2023-11-21 14:53:00,893,18122.5,18125.75,3.25,1.0,0.0,32.75,2.25,True,2023-11-21 13:03:00,783,1.0,0.0,True,2023-11-21 10:23:00,0.0,9,15,26,268
2023-11-22,2023,2,False,False,False,False,,True,bear,2023-11-22 10:02:00,602,18189.5,18212.0,22.5,True,1.0,0.0,61.5,32.5,2023-11-22 12:50:00,770,18215.0,18218.5,3.5,1.0,0.0,44.25,2.0,True,2023-11-22 11:37:00,697,1.0,0.0,True,2023-11-22 10:13:00,1.0,18,25,42,280
2023-11-23,2023,3,False,True,False,False,holiday,False,,,-1,,,,False,,,,,,-1,,,,,,,,False,,-1,,,False,,,0,0,0,0
2023-11-24,2023,4,False,False,True,False,early_close,False,,,-1,,,,False,,,,,,-1,,,,,,,,False,,-1,,,False,,,0,0,0,0
2023-11-26,2023,6,True,False,False,False,sunday,False,,,-1,,,,False,,,,,,-1,,,,,,,,False,,-1,,,False,,,0,0,0,0
2023-11-27,2023,0,False,False,False,False,,True,bull,2023-11-27 10:01:00,601,18151.5,18159.0,7.5,True,1.0,0.0,37.5,15.5,2023-11-27 12:53:00,773,18215.0,18217.75,2.75,1.0,0.0,19.25,20.0,True,2023-11-27 12:42:00,762,1.0,0.0,True,2023-11-27 10:10:00,1.0,12,18,34,288
2023-11-28,2023,1,False,False,False,False,,True,bull,2023-11-28 10:05:00,605,18130.25,18142.5,12.25,True,1.0,0.0,56.5,24.25,2023-11-28 11:35:00,695,18208.25,18212.5,4.25,1.0,0.0,7.5,48.5,True,2023-11-28 14:12:00,852,1.0,0.0,True,2023-11-28 10:12:00,1.0,14,24,30,302
2023-11-29,2023,2,False,False,False,False,,True,bull,2023-11-29 10:02:00,602,18345.25,18349.25,4.0,True,0.0,0.0,0.75,113.25,2023-11-29 13:40:00,820,18224.25,18229.0,4.75,1.0,0.0,5.0,44.5,True,2023-11-29 14:17:00,857,1.0,0.0,True,2023-11-29 10:04:00,0.0,17,23,34,288
2023-11-30,2023,3,False,False,False,False,,True,bear,2023-11-30 10:02:00,602,18106.75,18128.0,21.25,True,1.0,0.0,47.0,70.5,2023-11-30 13:08:00,788,18034.25,18043.5,9.25,1.0,0.0,5.25,27.25,True,2023-11-30 15:28:00,928,0.0,0.0,True,2023-11-30 10:04:00,1.0,12,24,43,293
2023-12-01,2023,4,False,False,False,False,,True,bear,2023-12-01 10:07:00,607,18076.75,18087.5,10.75,True,1.0,0.0,60.75,59.25,2023-12-01 11:23:00,683,18092.0,18107.5,15.5,1.0,0.0,87.5,9.25,True,2023-12-01 14:43:00,883,1.0,0.0,True,2023-12-01 10:15:00,1.0,12,23,34,215
2023-12-03,2023,6,True,False,False,False,sunday,False,,,-1,,,,False,,,,,,-1,,,,,,,,False,,-1,,,False,,,0,0,0,0
2023-12-04,2023,0,False,False,False,False,,True,bull,2023-12-04 10:05:00,605,17990.75,18002.0,11.25,True,1.0,0.0,9.0,140.75,2023-12-04 14:14:00,854,17968.5,17975.5,7.0,1.0,0.0,14.25,15.25,True,2023-12-04 14:13:00,853,1.0,0.0,True,2023-12-04 10:06:00,0.0,10,30,36,316
2023-12-05,2023,1,False,False,False,False,,True,bull,2023-12-05 10:02:00,602,18005.5,18045.5,40.0,True,1.0,0.0,64.0,31.5,2023-12-05 14:58:00,898,18038.0,18043.0,5.0,1.0,0.0,8.75,16.5,True,2023-12-05 10:31:00,631,1.0,0.0,True,2023-12-05 10:04:00,1.0,12,28,42,337
2023-12-06,2023,2,False,False,False,False,,True,bear,2023-12-06 10:02:00,602,18084.0,18099.75,15.75,True,1.0,0.0,54.0,43.5,2023-12-06 14:12:00,852,18023.0,18026.75,3.75,1.0,0.0,15.75,36.5,True,2023-12-06 12:47:00,767,0.0,0.0,True,2023-12-06 10:10:00,1.0,11,31,48,314
2023-12-07,2023,3,False,False,False,False,,True,bull,2023-12-07 10:13:00,613,18082.25,18094.5,12.25,True,0.0,0.0,58.0,2.25,2023-12-07 11:01:00,661,18142.0,18148.5,6.5,1.0,0.0,32.25,67.5,True,2023-12-07 15:12:00,912,1.0,0.0,True,2023-12-07 10:14:00,0.0,8,24,35,287
2023-12-08,2023,4,False,False,False,True,event,False,,,-1,,,,False,,,,,,-1,,,,,,,,False,,-1,,,False,,,0,0,0,0
2023-12-10,2023,6,True,False,False,False,sunday,False,,,-1,,,,False,,,,,,-1,,,,,,,,False,,-1,,,False,,,0,0,0,0
2023-12-11,2023,0,False,False,False,False,,True,bull,2023-12-11 10:00:00,598,18291.5,18305.25,13.75,True,1.0,0.0,39.75,24.25,2023-12-11 13:21:00,799,18371.75,18374.25,2.5,1.0,0.0,22.0,5.75,True,2023-12-11 12:47:00,765,1.0,0.0,True,2023-12-11 10:07:00,1.0,11,28,48,328
2023-12-12,2023,1,False,False,False,True,event,False,,,-1,,,,False,,,,,,-1,,,,,,,,False,,-1,,,False,,,0,0,0,0
2023-12-13,2023,2,False,False,False,True,event,False,,,-1,,,,False,,,,,,-1,,,,,,,,False,,-1,,,False,,,0,0,0,0
2023-12-14,2023,3,False,False,False,False,,True,bear,2023-12-14 10:00:00,600,18790.5,18808.25,17.75,True,0.0,0.0,1.5,82.5,2023-12-14 13:53:00,833,18584.75,18600.5,15.75,1.0,0.0,101.5,12.5,True,2023-12-14 09:51:00,591,1.0,0.0,True,2023-12-14 10:11:00,1.0,12,30,42,331
2023-12-15,2023,4,False,False,False,False,,True,bear,2023-12-15 10:12:00,612,18764.75,18778.0,13.25,True,1.0,0.0,56.75,2.0,2023-12-15 11:00:00,660,18800.25,18802.75,2.5,1.0,0.0,28.25,20.75,True,2023-12-15 10:33:00,633,1.0,0.0,True,2023-12-15 10:14:00,0.0,11,24,30,191
2023-12-17,2023,6,True,False,False,False,sunday,False,,,-1,,,,False,,,,,,-1,,,,,,,,False,,-1,,,False,,,0,0,0,0
2023-12-18,2023,0,False,False,False,False,,True,bull,2023-12-18 10:02:00,602,18819.75,18822.75,3.0,True,1.0,0.0,23.5,23.0,2023-12-18 13:12:00,792,18873.0,18875.25,2.25,0.0,0.0,33.0,3.75,True,2023-12-18 12:09:00,729,0.0,0.0,True,2023-12-18 10:05:00,1.0,12,43,54,320
2023-12-19,2023,1,False,False,False,False,,True,bear,2023-12-19 10:02:00,602,18902.5,18922.25,19.75,True,1.0,0.0,51.25,6.25,2023-12-19 11:52:00,712,18935.0,18939.5,4.5,1.0,0.0,16.5,20.5,True,2023-12-19 11:58:00,718,1.0,0.0,True,2023-12-19 10:05:00,0.0,10,26,33,308
2023-12-20,2023,2,False,False,False,False,,True,bull,2023-12-20 10:06:00,606,18964.5,18967.5,3.0,True,1.0,0.0,40.75,6.75,2023-12-20 11:18:00,678,18979.75,18983.75,4.0,1.0,0.0,13.25,14.5,True,2023-12-20 12:01:00,721,1.0,0.0,True,2023-12-20 10:07:00,1.0,16,26,41,320
2023-12-21,2023,3,False,False,False,False,,True,bear,2023-12-21 10:07:00,607,18817.25,18828.75,11.5,True,1.0,0.0,67.5,22.5,2023-12-21 11:40:00,700,18848.5,18855.0,6.5,1.0,0.0,6.25,77.5,True,2023-12-21 13:09:00,789,1.0,0.0,True,2023-12-21 10:08:00,1.0,10,21,33,306
2023-12-22,2023,4,False,False,False,False,,True,bear,2023-12-22 10:02:00,602,18961.25,18963.75,2.5,True,1.0,0.0,28.0,39.0,2023-12-22 14:18:00,858,18896.25,18906.5,10.25,1.0,0.0,50.25,46.0,True,2023-12-22 12:33:00,753,0.0,0.0,True,2023-12-22 10:05:00,1.0,10,27,33,204
2023-12-25,2023,0,False,True,False,False,holiday,False,,,-1,,,,False,,,,,,-1,,,,,,,,False,,-1,,,False,,,0,0,0,0
2023-12-26,2023,1,False,False,False,False,,True,bull,2023-12-26 10:27:00,627,18988.0,18993.0,5.0,True,1.0,0.0,7.5,30.5,2023-12-26 11:47:00,707,18987.5,18989.75,2.25,1.0,0.0,9.25,11.75,True,2023-12-26 15:15:00,915,1.0,0.0,True,2023-12-26 10:30:00,1.0,10,25,38,291
2023-12-27,2023,2,False,False,False,False,,True,bear,2023-12-27 10:06:00,606,19053.5,19056.0,2.5,True,0.0,0.0,0.75,53.25,2023-12-27 12:54:00,774,19017.25,19019.75,2.5,1.0,0.0,51.75,8.75,True,2023-12-27 14:54:00,894,1.0,0.0,True,2023-12-27 10:07:00,0.0,11,18,27,276
2023-12-28,2023,3,False,False,False,False,,True,bear,2023-12-28 10:06:00,606,19058.5,19064.0,5.5,True,1.0,0.0,34.0,7.75,2023-12-28 11:54:00,714,19054.75,19058.25,3.5,1.0,0.0,20.0,9.75,True,2023-12-28 09:35:00,575,1.0,0.0,True,2023-12-28 10:07:00,1.0,6,24,30,271
2023-12-29,2023,4,False,False,False,False,,True,bear,2023-12-29 10:01:00,601,19037.5,19039.75,2.25,True,1.0,0.0,14.75,90.0,2023-12-29 12:07:00,727,18914.25,18920.75,6.5,1.0,0.0,51.5,24.25,True,2023-12-29 14:29:00,869,1.0,0.0,True,2023-12-29 10:02:00,1.0,15,21,37,201
2024-01-01,2024,0,False,True,False,False,holiday,False,,,-1,,,,False,,,,,,-1,,,,,,,,False,,-1,,,False,,,0,0,0,0
2024-01-02,2024,1,False,False,False,False,,True,bull,2024-01-02 10:00:00,600,18676.0,18689.0,13.0,True,1.0,0.0,25.5,78.5,2024-01-02 12:22:00,742,18702.75,18708.5,5.75,1.0,0.0,15.5,67.75,True,2024-01-02 12:42:00,762,0.0,0.0,True,2024-01-02 10:01:00,1.0,15,21,29,317
2024-01-03,2024,2,False,False,False,False,,True,bull,2024-01-03 10:00:00,600,18548.5,18552.75,4.25,True,1.0,0.0,39.75,69.75,2024-01-03 13:52:00,832,18523.0,18528.75,5.75,1.0,0.0,37.75,61.25,True,2024-01-03 13:00:00,780,1.0,0.0,True,2024-01-03 10:09:00,0.0,16,22,30,330
2024-01-04,2024,3,False,False,False,False,,True,bull,2024-01-04 10:02:00,602,18402.0,18416.0,14.0,True,1.0,0.0,51.25,19.0,2024-01-04 12:14:00,734,18460.75,18466.0,5.25,1.0,0.0,0.5,43.5,True,2024-01-04 14:51:00,891,1.0,0.0,True,2024-01-04 10:03:00,0.0,7,19,29,333
2024-01-05,2024,4,False,False,False,True,event,False,,,-1,,,,False,,,,,,-1,,,,,,,,False,,-1,,,False,,,0,0,0,0
2024-01-07,2024,6,True,False,False,False,sunday,False,,,-1,,,,False,,,,,,-1,,,,,,,,False,,-1,,,False,,,0,0,0,0
2024-01-08,2024,0,False,False,False,False,,True,bull,2024-01-08 10:00:00,600,18550.75,18555.75,5.0,True,1.0,0.0,42.75,15.75,2024-01-08 13:45:00,825,18658.25,18663.5,5.25,0.0,0.0,47.5,1.0,True,2024-01-08 09:41:00,581,0.0,0.0,True,2024-01-08 10:01:00,1.0,11,26,41,296
2024-01-09,2024,1,False,False,False,False,,True,bull,2024-01-09 10:00:00,599,18636.5,18637.75,1.25,True,1.0,0.0,46.75,21.75,2024-01-09 11:51:00,710,18731.0,18733.75,2.75,0.0,0.0,41.0,1.25,True,2024-01-09 12:55:00,774,1.0,0.0,True,2024-01-09 10:01:00,1.0,12,35,50,308
2024-01-10,2024,2,False,False,False,False,,True,bull,2024-01-10 10:00:00,600,18763.0,18770.75,7.75,True,1.0,0.0,60.25,35.75,2024-01-10 14:03:00,843,18865.75,18868.75,3.0,0.0,0.0,55.5,0.5,True,2024-01-10 14:03:00,843,0.0,0.0,True,2024-01-10 10:03:00,1.0,16,38,55,332
2024-01-11,2024,3,False,False,False,True,event,False,,,-1,,,,False,,,,,,-1,,,,,,,,False,,-1,,,False,,,0,0,0,0
2024-01-12,2024,4,False,False,False,False,,True,bear,2024-01-12 10:00:00,600,18952.25,18960.5,8.25,True,0.0,0.0,19.75,72.75,2024-01-12 14:24:00,864,18918.75,18921.75,3.0,1.0,0.0,2.75,45.5,True,2024-01-12 12:26:00,746,1.0,0.0,True,2024-01-12 10:01:00,1.0,17,14,31,226
2024-01-14,2024,6,True,False,False,False,sunday,False,,,-1,,,,False,,,,,,-1,,,,,,,,False,,-1,,,False,,,0,0,0,0
2024-01-15,2024,0,False,True,False,False,holiday,False,,,-1,,,,False,,,,,,-1,,,,,,,,False,,-1,,,False,,,0,0,0,0
2024-01-16,2024,1,False,False,False,False,,True,bull,2024-01-16 10:03:00,603,18855.25,18865.25,10.0,True,1.0,0.0,109.0,32.5,2024-01-16 14:28:00,868,18823.25,18829.0,5.75,1.0,0.0,49.25,16.0,True,2024-01-16 13:16:00,796,1.0,0.0,True,2024-01-16 10:05:00,1.0,13,16,33,290
2024-01-17,2024,2,False,False,False,False,,True,bear,2024-01-17 10:02:00,602,18643.0,18648.25,5.25,True,0.0,0.0,99.5,1.5,2024-01-17 11:44:00,704,18770.25,18773.75,3.5,0.0,0.0,12.25,56.75,True,2024-01-17 10:18:00,618,1.0,0.0,True,2024-01-17 10:05:00,1.0,10,19,32,294
2024-01-18,2024,3,False,False,False,False,,True,bear,2024-01-18 10:03:00,603,18958.25,18968.75,10.5,True,1.0,0.0,79.25,14.25,2024-01-18 12:06:00,726,18968.5,18981.75,13.25,1.0,0.0,9.75,72.0,True,2024-01-18 12:02:00,722,0.0,0.0,True,2024-01-18 10:04:00,1.0,14,21,30,300
2024-01-19,2024,4,False,False,False,False,,True,bull,2024-01-19 10:01:00,601,19145.75,19151.25,5.5,True,1.0,0.0,26.25,46.0,2024-01-19 11:07:00,667,19175.25,19183.0,7.75,1.0,0.0,24.25,22.75,True,2024-01-19 14:39:00,879,0.0,0.0,True,2024-01-19 10:07:00,1.0,13,41,49,226
2024-01-21,2024,6,True,False,False,False,sunday,False,,,-1,,,,False,,,,,,-1,,,,,,,,False,,-1,,,False,,,0,0,0,0
2024-01-22,2024,0,False,False,False,False,,True,bear,2024-01-22 10:04:00,604,19468.25,19481.5,13.25,True,1.0,0.0,21.25,83.75,2024-01-22 12:02:00,722,19447.75,19452.5,4.75,0.0,0.0,1.75,51.0,True,2024-01-22 15:03:00,903,1.0,0.0,True,2024-01-22 10:06:00,1.0,14,17,33,320
2024-01-23,2024,1,False,False,False,False,,True,bear,2024-01-23 10:03:00,603,19412.5,19415.0,2.5,True,1.0,0.0,23.0,33.5,2024-01-23 14:16:00,856,19415.75,19417.5,1.75,1.0,0.0,51.5,6.75,True,2024-01-23 11:16:00,676,1.0,0.0,True,2024-01-23 10:13:00,1.0,9,24,31,300
2024-01-24,2024,2,False,False,False,False,,True,bear,2024-01-24 10:03:00,603,19592.5,19606.0,13.5,True,0.0,0.0,113.75,13.25,2024-01-24 12:13:00,733,19700.0,19701.75,1.75,1.0,0.0,46.5,12.0,True,2024-01-24 14:57:00,897,1.0,0.0,True,2024-01-24 10:08:00,0.0,12,27,37,315
2024-01-25,2024,3,False,False,False,False,,True,bull,2024-01-25 10:09:00,609,19616.75,19620.25,3.5,True,1.0,0.0,50.75,10.75,2024-01-25 13:29:00,809,19561.25,19570.5,9.25,1.0,0.0,14.5,88.75,True,2024-01-25 11:48:00,708,1.0,0.0,True,2024-01-25 10:11:00,1.0,13,23,35,346
2024-01-26,2024,4,False,False,False,False,,True,bull,2024-01-26 10:00:00,600,19475.5,19485.5,10.0,True,1.0,0.0,80.75,44.75,2024-01-26 13:09:00,789,19467.75,19468.75,1.0,1.0,0.0,18.5,28.0,True,2024-01-26 10:57:00,657,1.0,0.0,True,2024-01-26 10:06:00,1.0,20,26,47,272
2024-01-28,2024,6,True,False,False,False,sunday,False,,,-1,,,,False,,,,,,-1,,,,,,,,False,,-1,,,False,,,0,0,0,0
2024-01-29,2024,0,False,False,False,False,,True,bear,2024-01-29 10:05:00,605,19477.5,19486.5,9.0,True,1.0,0.0,39.75,11.0,2024-01-29 11:23:00,683,19492.75,19496.5,3.75,1.0,0.0,53.5,3.0,True,2024-01-29 15:29:00,929,1.0,0.0,True,2024-01-29 10:10:00,1.0,17,17,26,329
2024-01-30,2024,1,False,False,False,False,,True,bear,2024-01-30 10:02:00,601,19586.25,19610.0,23.75,True,1.0,0.0,45.5,4.5,2024-01-30 14:20:00,859,19504.0,19508.0,4.0,0.0,0.0,38.75,1.0,True,2024-01-30 09:43:00,582,1.0,0.0,True,2024-01-30 10:08:00,1.0,11,23,32,320
2024-01-31,2024,2,False,False,False,True,event,False,,,-1,,,,False,,,,,,-1,,,,,,,,False,,-1,,,False,,,0,0,0,0
2024-02-01,2024,3,False,False,False,False,,True,bull,2024-02-01 10:05:00,605,19227.25,19244.75,17.5,True,1.0,0.0,55.5,52.25,2024-02-01 14:59:00,899,19368.0,19373.0,5.0,1.0,0.0,19.75,29.25,True,2024-02-01 13:27:00,807,1.0,0.0,True,2024-02-01 10:06:00,1.0,15,40,51,347
2024-02-02,2024,4,False,False,False,True,event,False,,,-1,,,,False,,,,,,-1,,,,,,,,False,,-1,,,False,,,0,0,0,0
2024-02-04,2024,6,True,False,False,False,sunday,False,,,-1,,,,False,,,,,,-1,,,,,,,,False,,-1,,,False,,,0,0,0,0
2024-02-05,2024,0,False,False,False,False,,True,bear,2024-02-05 10:02:00,602,19623.75,19643.25,19.5,True,0.0,0.0,9.5,126.5,2024-02-05 13:23:00,803,19639.75,19645.5,5.75,1.0,0.0,13.75,19.0,True,2024-02-05 11:43:00,703,0.0,0.0,True,2024-02-05 10:05:00,0.0,10,13,27,318
2024-02-06,2024,1,False,False,False,False,,True,bear,2024-02-06 10:01:00,601,19595.25,19608.25,13.0,True,1.0,0.0,11.5,48.75,2024-02-06 13:12:00,792,19545.5,19549.5,4.0,1.0,0.0,40.25,19.25,True,2024-02-06 09:49:00,589,0.0,0.0,True,2024-02-06 10:02:00,1.0,16,27,41,308
2024-02-07,2024,2,False,False,False,False,,True,bull,2024-02-07 10:01:00,601,19677.25,19687.0,9.75,True,1.0,0.0,126.5,23.75,2024-02-07 14:48:00,888,19783.0,19788.25,5.25,1.0,0.0,13.5,18.5,True,2024-02-07 12:18:00,738,1.0,0.0,True,2024-02-07 10:09:00,0.0,13,24,41,308
2024-02-08,2024,3,False,False,False,False,,True,bull,2024-02-08 10:17:00,617,19785.0,19789.75,4.75,True,1.0,0.0,44.0,24.5,2024-02-08 14:41:00,881,19773.5,19781.0,7.5,0.0,0.0,34.75,3.5,True,2024-02-08 12:14:00,734,1.0,0.0,True,2024-02-08 10:20:00,1.0,10,19,26,281
2024-02-09,2024,4,False,False,False,False,,True,bull,2024-02-09 10:01:00,601,19872.75,19881.25,8.5,True,1.0,0.0,64.5,19.75,2024-02-09 14:42:00,882,19994.0,20001.25,7.25,1.0,0.0,8.0,31.5,True,2024-02-09 14:47:00,887,0.0,0.0,True,2024-02-09 10:03:00,1.0,10,28,38,201
2024-02-11,2024,6,True,False,False,False,sunday,False,,,-1,,,,False,,,,,,-1,,,,,,,,False,,-1,,,False,,,0,0,0,0
2024-02-12,2024,0,False,False,False,False,,True,bull,2024-02-12 10:11:00,608,19964.0,19975.0,11.0,True,1.0,0.0,48.75,21.25,2024-02-12 11:25:00,682,20016.75,20025.5,8.75,1.0,0.0,35.5,17.5,True,2024-02-12 11:34:00,691,1.0,0.0,True,2024-02-12 10:17:00,0.0,8,26,37,294
2024-02-13,2024,1,False,False,False,True,event,False,,,-1,,,,False,,,,,,-1,,,,,,,,False,,-1,,,False,,,0,0,0,0
2024-02-14,2024,2,False,False,False,False,,True,bull,2024-02-14 10:01:00,601,19715.0,19730.75,15.75,True,1.0,0.0,53.5,88.0,2024-02-14 13:34:00,814,19707.25,19715.75,8.5,1.0,0.0,39.5,44.25,True,2024-02-14 13:36:00,816,1.0,0.0,True,2024-02-14 10:04:00,1.0,15,30,48,298
2024-02-15,2024,3,False,False,False,False,,True,bear,2024-02-15 10:05:00,605,19748.5,19758.0,9.5,True,1.0,0.0,56.25,13.5,2024-02-15 12:50:00,770,19807.75,19818.25,10.5,1.0,0.0,69.0,13.25,True,2024-02-15 15:18:00,918,1.0,0.0,True,2024-02-15 10:07:00,1.0,12,19,33,342
2024-02-16,2024,4,False,False,False,False,,True,bear,2024-02-16 10:02:00,602,19694.25,19707.0,12.75,True,1.0,0.0,96.25,2.75,2024-02-16 13:19:00,799,19758.25,19762.5,4.25,1.0,0.0,93.0,4.25,True,2024-02-16 14:47:00,887,0.0,0.0,True,2024-02-16 10:10:00,1.0,18,22,39,227
2024-02-18,2024,6,True,False,False,False,sunday,False,,,-1,,,,False,,,,,,-1,,,,,,,,False,,-1,,,False,,,0,0,0,0
2024-02-19,2024,0,False,True,False,False,holiday,False,,,-1,,,,False,,,,,,-1,,,,,,,,False,,-1,,,False,,,0,0,0,0
2024-02-20,2024,1,False,False,False,False,,True,bear,2024-02-20 10:01:00,601,19503.75,19514.75,11.0,True,1.0,0.0,46.25,70.0,2024-02-20 11:56:00,716,19466.25,19475.25,9.0,0.0,0.0,3.25,68.75,True,2024-02-20 14:24:00,864,1.0,0.0,True,2024-02-20 10:03:00,1.0,13,31,45,318
2024-02-21,2024,2,False,False,False,False,,True,bear,2024-02-21 10:00:00,600,19418.75,19424.0,5.25,True,1.0,0.0,52.5,18.75,2024-02-21 14:02:00,842,19379.75,19393.5,13.75,1.0,0.0,53.75,60.75,True,2024-02-21 14:26:00,866,1.0,0.0,True,2024-02-21 10:04:00,1.0,12,20,30,312
2024-02-22,2024,3,False,False,False,False,,True,bear,2024-02-22 10:05:00,605,19850.5,19866.75,16.25,True,1.0,0.0,65.75,14.25,2024-02-22 14:41:00,881,20005.25,20010.25,5.0,1.0,0.0,25.75,20.75,True,2024-02-22 12:42:00,762,0.0,0.0,True,2024-02-22 10:07:00,1.0,10,15,24,285
2024-02-23,2024,4,False,False,False,False,,True,bull,2024-02-23 10:04:00,604,20011.75,20026.0,14.25,True,1.0,0.0,6.0,140.5,2024-02-23 12:46:00,766,19957.25,19966.0,8.75,0.0,0.0,36.5,0.0,True,2024-02-23 12:12:00,732,1.0,0.0,True,2024-02-23 10:19:00,1.0,9,24,28,227
2024-02-25,2024,6,True,False,False,False,sunday,False,,,-1,,,,False,,,,,,-1,,,,,,,,False,,-1,,,False,,,0,0,0,0
2024-02-26,2024,0,False,False,False,False,,True,bull,2024-02-26 10:06:00,606,19925.75,19936.25,10.5,True,1.0,0.0,43.75,6.5,2024-02-26 11:40:00,700,19970.5,19976.0,5.5,1.0,0.0,24.75,15.5,True,2024-02-26 11:46:00,706,1.0,0.0,True,2024-02-26 10:09:00,1.0,10,27,38,305
2024-02-27,2024,1,False,False,False,False,,True,bull,2024-02-27 10:02:00,602,19931.5,19946.75,15.25,True,1.0,0.0,22.5,32.75,2024-02-27 14:32:00,872,19947.25,19954.0,6.75,1.0,0.0,18.5,8.75,True,2024-02-27 15:29:00,929,1.0,0.0,True,2024-02-27 10:07:00,1.0,12,26,38,284
2024-02-28,2024,2,False,False,False,False,,True,bear,2024-02-28 10:02:00,602,19827.75,19837.75,10.0,True,1.0,0.0,71.75,4.5,2024-02-28 14:37:00,877,19837.25,19843.75,6.5,1.0,0.0,38.25,8.75,True,2024-02-28 15:09:00,909,1.0,0.0,True,2024-02-28 10:05:00,1.0,7,26,32,309
2024-02-29,2024,3,False,False,False,False,,True,bear,2024-02-29 10:00:00,600,19994.75,19998.25,3.5,True,1.0,0.0,17.0,86.75,2024-02-29 11:40:00,700,19876.75,19900.75,24.0,1.0,0.0,81.75,23.75,True,2024-02-29 13:18:00,798,1.0,0.0,True,2024-02-29 10:02:00,0.0,16,18,28,307
2024-03-01,2024,4,False,False,False,False,,True,bull,2024-03-01 10:01:00,601,20071.0,20075.25,4.25,True,1.0,0.0,57.25,25.25,2024-03-01 13:05:00,785,20229.0,20230.0,1.0,0.0,0.0,69.25,2.25,True,2024-03-01 13:42:00,822,1.0,0.0,True,2024-03-01 10:02:00,1.0,12,38,52,214
2024-03-03,2024,6,True,False,False,False,sunday,False,,,-1,,,,False,,,,,,-1,,,,,,,,False,,-1,,,False,,,0,0,0,0
2024-03-04,2024,0,False,False,False,False,,True,bear,2024-03-04 10:01:00,601,20238.0,20240.5,2.5,True,1.0,0.0,41.25,11.25,2024-03-04 13:16:00,796,20236.75,20239.25,2.5,1.0,0.0,18.75,22.5,True,2024-03-04 13:25:00,805,1.0,0.0,True,2024-03-04 10:05:00,1.0,12,19,27,283
2024-03-05,2024,1,False,False,False,False,,True,bull,2024-03-05 10:02:00,602,19980.0,20005.25,25.25,True,1.0,0.0,17.25,157.25,2024-03-05 14:10:00,850,19825.75,19836.25,10.5,1.0,0.0,16.25,46.0,True,2024-03-05 13:33:00,813,1.0,0.0,True,2024-03-05 10:07:00,0.0,13,20,25,299
2024-03-06,2024,2,False,False,False,False,,True,bear,2024-03-06 10:06:00,606,19936.0,19958.5,22.5,True,1.0,0.0,120.0,24.75,2024-03-06 13:48:00,828,20042.0,20059.5,17.5,0.0,0.0,25.0,61.75,True,2024-03-06 12:47:00,767,1.0,0.0,True,2024-03-06 10:08:00,1.0,14,23,32,334
2024-03-07,2024,3,False,False,False,False,,True,bull,2024-03-07 10:17:00,617,20153.75,20168.5,14.75,True,1.0,0.0,64.75,18.5,2024-03-07 14:04:00,844,20289.75,20296.0,6.25,1.0,0.0,0.25,68.75,True,2024-03-07 13:35:00,815,1.0,0.0,True,2024-03-07 10:22:00,1.0,10,28,39,298
2024-03-08,2024,4,False,False,False,True,event,False,,,-1,,,,False,,,,,,-1,,,,,,,,False,,-1,,,False,,,0,0,0,0
2024-03-10,2024,6,True,False,False,False,sunday,False,,,-1,,,,False,,,,,,-1,,,,,,,,False,,-1,,,False,,,0,0,0,0
2024-03-11,2024,0,False,False,False,False,,True,bear,2024-03-11 10:00:00,600,19857.0,19886.0,29.0,True,1.0,0.0,121.5,9.5,2024-03-11 14:02:00,842,19908.5,19912.5,4.0,1.0,0.0,64.0,-1.5,True,2024-03-11 14:14:00,854,1.0,0.0,True,2024-03-11 10:10:00,1.0,17,25,36,378
2024-03-12,2024,1,False,False,False,True,event,False,,,-1,,,,False,,,,,,-1,,,,,,,,False,,-1,,,False,,,0,0,0,0
2024-03-13,2024,2,False,False,False,False,,True,bear,2024-03-13 10:02:00,602,20016.5,20032.25,15.75,True,1.0,0.0,75.0,6.75,2024-03-13 14:11:00,851,20069.75,20073.75,4.0,1.0,0.0,34.75,6.25,True,2024-03-13 15:24:00,924,0.0,0.0,True,2024-03-13 10:06:00,1.0,14,20,35,283
2024-03-14,2024,3,False,False,False,False,,True,bear,2024-03-14 10:01:00,601,19931.5,19941.25,9.75,True,1.0,0.0,130.75,8.0,2024-03-14 13:19:00,799,19911.75,19925.75,14.0,1.0,0.0,115.5,6.75,True,2024-03-14 15:27:00,927,1.0,0.0,True,2024-03-14 10:02:00,0.0,10,21,39,352
2024-03-15,2024,4,False,False,False,False,,True,bear,2024-03-15 10:06:00,606,19765.25,19778.75,13.5,True,1.0,0.0,118.0,25.0,2024-03-15 12:52:00,772,19729.75,19732.25,2.5,1.0,0.0,52.5,14.75,True,2024-03-15 09:39:00,579,1.0,0.0,True,2024-03-15 10:07:00,0.0,12,28,40,260
2024-03-17,2024,6,True,False,False,False,sunday,False,,,-1,,,,False,,,,,,-1,,,,,,,,False,,-1,,,False,,,0,0,0,0
2024-03-18,2024,0,False,False,False,False,,True,bull,2024-03-18 10:08:00,608,19997.25,20006.0,8.75,True,0.0,0.0,53.25,4.0,2024-03-18 13:23:00,803,19957.75,19967.75,10.0,1.0,0.0,20.0,30.5,True,2024-03-18 10:26:00,626,1.0,0.0,True,2024-03-18 10:09:00,0.0,10,23,33,293
2024-03-19,2024,1,False,False,False,False,,True,bull,2024-03-19 10:05:00,605,19792.75,19803.25,10.5,True,1.0,0.0,36.25,42.75,2024-03-19 12:43:00,763,19914.25,19919.0,4.75,0.0,0.0,55.25,1.25,True,2024-03-19 12:01:00,721,1.0,0.0,True,2024-03-19 10:10:00,1.0,12,33,41,313
2024-03-20,2024,2,False,False,False,True,event,False,,,-1,,,,False,,,,,,-1,,,,,,,,False,,-1,,,False,,,0,0,0,0
2024-03-21,2024,3,False,False,False,False,,True,bull,2024-03-21 10:00:00,600,20331.5,20335.75,4.25,True,1.0,0.0,39.25,28.0,2024-03-21 12:03:00,723,20375.75,20381.0,5.25,1.0,0.0,20.25,25.25,True,2024-03-21 14:46:00,886,1.0,0.0,True,2024-03-21 10:09:00,1.0,17,23,37,295
2024-03-22,2024,4,False,False,False,False,,True,bear,2024-03-22 10:00:00,600,20225.25,20231.25,6.0,True,1.0,0.0,34.25,28.25,2024-03-22 14:21:00,861,20287.5,20293.75,6.25,1.0,0.0,21.0,45.5,True,2024-03-22 14:16:00,856,1.0,0.0,True,2024-03-22 10:03:00,1.0,14,21,35,209
2024-03-24,2024,6,True,False,False,False,sunday,False,,,-1,,,,False,,,,,,-1,,,,,,,,False,,-1,,,False,,,0,0,0,0
2024-03-25,2024,0,False,False,False,False,,True,bull,2024-03-25 10:10:00,610,20174.5,20188.5,14.0,True,0.0,0.0,45.25,0.0,2024-03-25 14:38:00,878,20244.5,20248.25,3.75,1.0,0.0,11.5,34.25,True,2024-03-25 09:53:00,593,1.0,0.0,True,2024-03-25 10:12:00,1.0,10,28,41,300
2024-03-26,2024,1,False,False,False,False,,True,bull,2024-03-26 10:00:00,600,20275.5,20279.5,4.0,True,1.0,0.0,20.25,54.25,2024-03-26 13:57:00,837,20238.0,20240.0,2.0,1.0,0.0,16.5,10.25,True,2024-03-26 10:39:00,639,1.0,0.0,True,2024-03-26 10:02:00,1.0,10,17,24,268
2024-03-27,2024,2,False,False,False,False,,True,bear,2024-03-27 10:03:00,603,20120.5,20144.5,24.0,True,1.0,0.0,43.5,21.75,2024-03-27 14:50:00,890,20124.25,20129.25,5.0,1.0,0.0,76.25,27.0,True,2024-03-27 14:36:00,876,1.0,0.0,True,2024-03-27 10:04:00,1.0,10,22,38,293
2024-03-28,2024,3,False,False,False,False,,True,bear,2024-03-28 10:00:00,600,20210.0,20212.75,2.75,True,1.0,0.0,24.25,38.0,2024-03-28 12:05:00,725,20198.75,20202.5,3.75,0.0,0.0,0.5,41.5,True,2024-03-28 09:59:00,599,1.0,0.0,True,2024-03-28 10:02:00,1.0,15,23,34,215
2024-03-31,2024,6,True,False,False,False,sunday,False,,,-1,,,,False,,,,,,-1,,,,,,,,False,,-1,,,False,,,0,0,0,0
2024-04-01,2024,0,False,False,False,False,,True,bear,2024-04-01 10:00:00,600,20286.5,20291.0,4.5,True,0.0,0.0,18.25,122.75,2024-04-01 11:52:00,712,20149.5,20156.0,6.5,1.0,0.0,43.0,33.75,True,2024-04-01 10:53:00,653,1.0,0.0,True,2024-04-01 10:04:00,1.0,15,25,41,324
2024-04-02,2024,1,False,False,False,False,,True,bull,2024-04-02 10:00:00,600,19929.25,19939.25,10.0,True,1.0,0.0,21.25,53.0,2024-04-02 11:16:00,676,19944.0,19948.25,4.25,1.0,0.0,30.5,24.5,True,2024-04-02 10:25:00,625,1.0,0.0,True,2024-04-02 10:04:00,1.0,11,21,33,273
2024-04-03,2024,2,False,False,False,False,,True,bull,2024-04-03 10:01:00,601,19958.5,19963.75,5.25,True,0.0,0.0,119.0,-0.75,2024-04-03 11:12:00,672,20128.25,20134.0,5.75,1.0,0.0,7.0,68.0,True,2024-04-03 12:20:00,740,1.0,0.0,True,2024-04-03 10:02:00,0.0,12,18,27,296
2024-04-04,2024,3,False,False,False,False,,True,bear,2024-04-04 10:12:00,612,20217.0,20218.75,1.75,True,1.0,0.0,3.0,39.25,2024-04-04 14:57:00,897,19924.75,19948.5,23.75,0.0,0.0,7.5,161.75,True,2024-04-04 09:40:00,580,0.0,0.0,True,2024-04-04 10:15:00,0.0,10,28,41,282
2024-04-05,2024,4,False,False,False,True,event,False,,,-1,,,,False,,,,,,-1,,,,,,,,False,,-1,,,False,,,0,0,0,0
2024-04-07,2024,6,True,False,False,False,sunday,False,,,-1,,,,False,,,,,,-1,,,,,,,,False,,-1,,,False,,,0,0,0,0
2024-04-08,2024,0,False,False,False,False,,True,bull,2024-04-08 10:10:00,610,19985.5,19997.25,11.75,True,0.0,0.0,72.5,13.0,2024-04-08 11:50:00,710,19986.75,19996.0,9.25,1.0,0.0,9.25,50.5,True,2024-04-08 10:51:00,651,1.0,0.0,True,2024-04-08 10:14:00,0.0,8,17,28,315
2024-04-09,2024,1,False,False,False,False,,True,bull,2024-04-09 10:04:00,604,20047.0,20057.25,10.25,True,1.0,0.0,6.5,202.75,2024-04-09 12:10:00,730,19958.25,19959.25,1.0,1.0,0.0,31.5,21.25,True,2024-04-09 14:37:00,877,1.0,0.0,True,2024-04-09 10:06:00,1.0,19,23,37,306
2024-04-10,2024,2,False,False,False,True,event,False,,,-1,,,,False,,,,,,-1,,,,,,,,False,,-1,,,False,,,0,0,0,0
2024-04-11,2024,3,False,False,False,False,,True,bear,2024-04-11 10:02:00,602,19935.0,19954.5,19.5,True,1.0,0.0,34.75,60.0,2024-04-11 11:08:00,668,19949.75,19956.5,6.75,1.0,0.0,87.75,2.75,True,2024-04-11 11:25:00,685,1.0,0.0,True,2024-04-11 10:03:00,1.0,12,16,25,292
2024-04-12,2024,4,False,False,False,False,,True,bull,2024-04-12 10:00:00,599,20017.5,20023.75,6.25,True,0.0,0.0,4.0,144.75,2024-04-12 13:17:00,796,19862.5,19878.5,16.0,1.0,0.0,9.0,60.75,True,2024-04-12 14:09:00,848,1.0,0.0,True,2024-04-12 10:04:00,1.0,11,25,31,191
2024-04-14,2024,6,True,False,False,False,sunday,False,,,-1,,,,False,,,,,,-1,,,,,,,,False,,-1,,,False,,,0,0,0,0
2024-04-15,2024,0,False,False,False,False,,True,bull,2024-04-15 10:02:00,602,19998.25,20011.0,12.75,True,1.0,0.0,1.5,158.5,2024-04-15 11:30:00,690,19882.0,19886.75,4.75,1.0,0.0,31.5,90.25,True,2024-04-15 12:10:00,730,1.0,0.0,True,2024-04-15 10:05:00,0.0,19,17,30,297
2024-04-16,2024,1,False,False,False,False,,True,bull,2024-04-16 10:15:00,615,19590.0,19596.5,6.5,True,1.0,0.0,19.25,77.75,2024-04-16 13:37:00,817,19558.75,19579.5,20.75,1.0,0.0,85.5,63.0,True,2024-04-16 11:25:00,685,1.0,0.0,True,2024-04-16 10:16:00,1.0,11,28,40,290
2024-04-17,2024,2,False,False,False,False,,True,bear,2024-04-17 10:02:00,602,19570.75,19578.0,7.25,True,0.0,0.0,7.75,111.75,2024-04-17 11:31:00,691,19461.25,19480.75,19.5,0.0,0.0,11.75,75.25,True,2024-04-17 10:55:00,655,1.0,0.0,True,2024-04-17 10:04:00,1.0,16,25,41,297
2024-04-18,2024,3,False,False,False,False,,True,bull,2024-04-18 10:11:00,611,19309.25,19335.5,26.25,True,1.0,0.0,92.5,17.75,2024-04-18 13:30:00,810,19251.75,19263.0,11.25,1.0,0.0,10.0,65.25,True,2024-04-18 13:02:00,782,1.0,0.0,True,2024-04-18 10:27:00,0.0,9,15,25,275
2024-04-19,2024,4,False,False,False,False,,True,bear,2024-04-19 10:01:00,601,19153.25,19166.5,13.25,True,1.0,0.0,14.5,118.5,2024-04-19 14:40:00,880,18877.0,18886.25,9.25,1.0,0.0,25.75,58.0,True,2024-04-19 09:49:00,589,1.0,0.0,True,2024-04-19 10:16:00,1.0,12,25,36,198
2024-04-21,2024,6,True,False,False,False,sunday,False,,,-1,,,,False,,,,,,-1,,,,,,,,False,,-1,,,False,,,0,0,0,0
2024-04-22,2024,0,False,False,False,False,,True,bear,2024-04-22 10:00:00,600,18987.25,19004.5,17.25,True,0.0,0.0,31.0,117.75,2024-04-22 11:44:00,704,18914.0,18919.0,5.0,1.0,0.0,75.75,11.75,True,2024-04-22 10:27:00,627,1.0,0.0,True,2024-04-22 10:22:00,0.0,11,9,23,304
2024-04-23,2024,1,False,False,False,False,,True,bull,2024-04-23 10:08:00,608,19190.75,19206.5,15.75,True,1.0,0.0,82.0,16.0,2024-04-23 13:06:00,786,19280.0,19290.25,10.25,1.0,0.0,43.5,27.75,True,2024-04-23 15:00:00,900,1.0,0.0,True,2024-04-23 10:09:00,1.0,12,19,38,264
2024-04-24,2024,2,False,False,False,False,,True,bull,2024-04-24 10:07:00,607,19433.25,19443.25,10.0,True,1.0,0.0,10.75,112.25,2024-04-24 13:26:00,806,19337.75,19340.25,2.5,1.0,0.0,53.75,18.75,True,2024-04-24 15:15:00,915,0.0,0.0,True,2024-04-24 10:08:00,1.0,8,20,32,281
2024-04-25,2024,3,False,False,False,False,,True,bull,2024-04-25 10:06:00,606,19038.75,19052.25,13.5,True,1.0,0.0,77.0,28.25,2024-04-25 14:09:00,849,19259.0,19263.25,4.25,1.0,0.0,10.75,80.25,True,2024-04-25 12:46:00,766,1.0,0.0,True,2024-04-25 10:12:00,1.0,12,24,32,273
2024-04-26,2024,4,False,False,False,False,,True,bull,2024-04-26 10:05:00,605,19486.0,19502.0,16.0,True,1.0,0.0,78.0,39.5,2024-04-26 12:36:00,756,19544.0,19546.0,2.0,0.0,0.0,49.25,1.75,True,2024-04-26 09:56:00,596,1.0,0.0,True,2024-04-26 10:10:00,1.0,10,20,37,192
2024-04-28,2024,6,True,False,False,False,sunday,False,,,-1,,,,False,,,,,,-1,,,,,,,,False,,-1,,,False,,,0,0,0,0
2024-04-29,2024,0,False,False,False,False,,True,bull,2024-04-29 10:01:00,601,19553.25,19560.75,7.5,True,1.0,0.0,35.5,17.75,2024-04-29 14:42:00,882,19555.5,19564.75,9.25,1.0,0.0,20.25,79.75,True,2024-04-29 11:43:00,703,1.0,0.0,True,2024-04-29 10:02:00,1.0,10,23,36,284
2024-04-30,2024,1,False,False,False,False,,True,bear,2024-04-30 10:05:00,605,19557.25,19568.75,11.5,True,1.0,0.0,21.0,99.5,2024-04-30 14:52:00,892,19377.0,19387.25,10.25,1.0,0.0,25.5,47.5,True,2024-04-30 14:51:00,891,1.0,0.0,True,2024-04-30 10:07:00,1.0,10,31,38,304
2024-05-01,2024,2,False,False,False,True,event,False,,,-1,,,,False,,,,,,-1,,,,,,,,False,,-1,,,False,,,0,0,0,0
2024-05-02,2024,3,False,False,False,False,,True,bear,2024-05-02 10:00:00,599,19206.0,19216.0,10.0,True,1.0,0.0,40.0,112.5,2024-05-02 13:34:00,813,19290.5,19299.0,8.5,1.0,0.0,56.25,15.0,True,2024-05-02 10:44:00,643,0.0,0.0,True,2024-05-02 10:01:00,1.0,17,15,34,316
2024-05-03,2024,4,False,False,False,True,event,False,,,-1,,,,False,,,,,,-1,,,,,,,,False,,-1,,,False,,,0,0,0,0
2024-05-05,2024,6,True,False,False,False,sunday,False,,,-1,,,,False,,,,,,-1,,,,,,,,False,,-1,,,False,,,0,0,0,0
2024-05-06,2024,0,False,False,False,False,,True,bull,2024-05-06 10:07:00,607,19794.25,19797.75,3.5,True,1.0,0.0,0.5,34.75,2024-05-06 13:37:00,817,19805.25,19809.25,4.0,0.0,0.0,39.25,3.0,True,2024-05-06 13:46:00,826,1.0,0.0,True,2024-05-06 10:12:00,1.0,10,16,25,262
2024-05-07,2024,1,False,False,False,False,,True,bull,2024-05-07 10:16:00,614,19902.5,19908.75,6.25,True,1.0,0.0,42.25,33.75,2024-05-07 12:11:00,729,19949.5,19953.25,3.75,1.0,0.0,3.25,32.0,True,2024-05-07 14:39:00,877,1.0,0.0,True,2024-05-07 10:22:00,1.0,11,22,37,306
2024-05-08,2024,2,False,False,False,False,,True,bear,2024-05-08 10:09:00,608,19860.75,19863.0,2.25,True,1.0,0.0,75.25,15.5,2024-05-08 11:05:00,664,19913.25,19920.0,6.75,0.0,0.0,1.5,49.75,True,2024-05-08 11:17:00,676,1.0,0.0,True,2024-05-08 10:14:00,0.0,14,22,27,280
2024-05-09,2024,3,False,False,False,False,,True,bull,2024-05-09 10:00:00,599,19840.0,19842.75,2.75,True,1.0,0.0,64.5,28.5,2024-05-09 14:53:00,892,19920.0,19923.25,3.25,1.0,0.0,7.25,36.5,True,2024-05-09 10:06:00,605,1.0,0.0,True,2024-05-09 10:01:00,1.0,18,22,35,296
2024-05-10,2024,4,False,False,False,False,,True,bear,2024-05-10 10:02:00,602,20001.5,20022.5,21.0,True,1.0,0.0,21.25,105.0,2024-05-10 14:26:00,866,19944.0,19946.75,2.75,1.0,0.0,18.5,19.0,True,2024-05-10 15:02:00,902,1.0,0.0,True,2024-05-10 10:09:00,0.0,16,20,33,195
2024-05-12,2024,6,True,False,False,False,sunday,False,,,-1,,,,False,,,,,,-1,,,,,,,,False,,-1,,,False,,,0,0,0,0
2024-05-13,2024,0,False,False,False,False,,True,bull,2024-05-13 10:00:00,600,19963.0,19970.25,7.25,True,0.0,0.0,25.5,8.5,2024-05-13 14:00:00,840,19974.25,19978.0,3.75,1.0,0.0,6.75,16.75,True,2024-05-13 10:25:00,625,1.0,0.0,True,2024-05-13 10:01:00,1.0,9,16,24,251
2024-05-14,2024,1,False,False,False,False,,True,bull,2024-05-14 10:09:00,609,19986.5,19989.0,2.5,True,1.0,0.0,68.5,24.0,2024-05-14 14:55:00,895,20092.5,20095.75,3.25,1.0,0.0,28.5,7.25,True,2024-05-14 12:08:00,728,1.0,0.0,True,2024-05-14 10:18:00,1.0,15,32,48,274
2024-05-15,2024,2,False,False,False,True,event,False,,,-1,,,,False,,,,,,-1,,,,,,,,False,,-1,,,False,,,0,0,0,0
2024-05-16,2024,3,False,False,False,False,,True,bear,2024-05-16 10:05:00,605,20399.75,20401.75,2.0,True,1.0,0.0,56.75,28.0,2024-05-16 11:14:00,674,20441.0,20445.5,4.5,1.0,0.0,19.5,25.75,True,2024-05-16 13:23:00,803,1.0,0.0,True,2024-05-16 10:08:00,0.0,8,26,30,255
2024-05-17,2024,4,False,False,False,False,,True,bull,2024-05-17 10:01:00,601,20326.5,20331.75,5.25,True,1.0,0.0,36.25,18.75,2024-05-17 14:26:00,866,20250.25,20258.0,7.75,0.0,0.0,69.75,4.0,True,2024-05-17 11:15:00,675,1.0,0.0,True,2024-05-17 10:04:00,1.0,10,25,34,198
2024-05-19,2024,6,True,False,False,False,sunday,False,,,-1,,,,False,,,,,,-1,,,,,,,,False,,-1,,,False,,,0,0,0,0
2024-05-20,2024,0,False,False,False,False,,True,bear,2024-05-20 10:02:00,602,20436.75,20442.25,5.5,True,1.0,0.0,34.0,6.25,2024-05-20 13:20:00,800,20474.75,20480.75,6.0,0.0,0.0,1.25,73.5,True,2024-05-20 11:44:00,704,1.0,0.0,True,2024-05-20 10:07:00,1.0,9,15,20,294
2024-05-21,2024,1,False,False,False,False,,True,bull,2024-05-21 10:02:00,602,20401.5,20409.25,7.75,True,1.0,0.0,45.25,13.75,2024-05-21 11:21:00,681,20443.0,20445.0,2.0,1.0,0.0,14.5,25.75,True,2024-05-21 10:35:00,635,1.0,0.0,True,2024-05-21 10:05:00,1.0,14,22,34,236
2024-05-22,2024,2,False,False,False,False,,True,bear,2024-05-22 10:08:00,608,20508.5,20510.5,2.0,True,1.0,0.0,26.5,10.75,2024-05-22 14:28:00,868,20404.0,20418.25,14.25,1.0,0.0,40.75,16.0,True,2024-05-22 14:28:00,868,1.0,0.0,True,2024-05-22 10:14:00,1.0,6,20,27,290
2024-05-23,2024,3,False,False,False,False,,True,bull,2024-05-23 10:02:00,602,20545.75,20563.0,17.25,True,1.0,0.0,46.25,67.25,2024-05-23 11:10:00,670,20555.25,20564.0,8.75,0.0,0.0,46.25,13.75,True,2024-05-23 13:14:00,794,1.0,0.0,True,2024-05-23 10:04:00,1.0,15,17,27,273
2024-05-24,2024,4,False,False,False,False,,True,bull,2024-05-24 10:01:00,601,20440.25,20443.75,3.5,True,0.0,0.0,81.0,20.75,2024-05-24 11:15:00,675,20602.5,20608.75,6.25,1.0,0.0,1.5,37.75,True,2024-05-24 09:47:00,587,1.0,0.0,True,2024-05-24 10:02:00,0.0,10,31,45,231
2024-05-26,2024,6,True,False,False,False,sunday,False,,,-1,,,,False,,,,,,-1,,,,,,,,False,,-1,,,False,,,0,0,0,0
2024-05-27,2024,0,False,True,False,False,holiday,False,,,-1,,,,False,,,,,,-1,,,,,,,,False,,-1,,,False,,,0,0,0,0
2024-05-28,2024,1,False,False,False,False,,True,bear,2024-05-28 10:02:00,602,20546.0,20551.5,5.5,True,0.0,0.0,83.5,3.75,2024-05-28 12:58:00,778,20618.0,20623.75,5.75,1.0,0.0,20.75,32.5,True,2024-05-28 10:15:00,615,1.0,0.0,True,2024-05-28 10:04:00,0.0,13,29,36,296
2024-05-29,2024,2,False,False,False,False,,True,bear,2024-05-29 10:10:00,610,20510.5,20518.5,8.0,True,1.0,0.0,63.0,1.75,2024-05-29 13:37:00,817,20523.0,20528.25,5.25,1.0,0.0,42.5,6.5,True,2024-05-29 14:29:00,869,1.0,0.0,True,2024-05-29 10:12:00,1.0,8,22,26,329
2024-05-30,2024,3,False,False,False,False,,True,bull,2024-05-30 10:07:00,607,20432.5,20439.5,7.0,True,0.0,0.0,5.5,122.75,2024-05-30 12:03:00,723,20365.5,20373.5,8.0,1.0,0.0,29.75,4.0,True,2024-05-30 12:48:00,768,1.0,0.0,True,2024-05-30 10:11:00,0.0,9,25,31,299
2024-05-31,2024,4,False,False,False,False,,True,bear,2024-05-31 10:02:00,602,20217.0,20237.75,20.75,True,0.0,0.0,25.5,181.75,2024-05-31 11:04:00,664,20057.75,20065.0,7.25,1.0,0.0,6.0,76.0,True,2024-05-31 11:04:00,664,1.0,0.0,True,2024-05-31 10:09:00,0.0,12,17,31,210
2024-06-02,2024,6,True,False,False,False,sunday,False,,,-1,,,,False,,,,,,-1,,,,,,,,False,,-1,,,False,,,0,0,0,0
2024-06-03,2024,0,False,False,False,False,,True,bear,2024-06-03 10:10:00,610,20366.25,20371.5,5.25,True,1.0,0.0,56.0,89.75,2024-06-03 11:47:00,707,20305.0,20313.0,8.0,1.0,0.0,31.75,121.25,True,2024-06-03 13:10:00,790,1.0,0.0,True,2024-06-03 10:11:00,1.0,12,27,39,298
2024-06-04,2024,1,False,False,False,False,,True,bull,2024-06-04 10:02:00,602,20296.25,20326.0,29.75,True,1.0,0.0,2.0,91.25,2024-06-04 14:14:00,854,20338.25,20350.0,11.75,1.0,0.0,97.0,24.25,True,2024-06-04 13:42:00,822,1.0,0.0,True,2024-06-04 10:06:00,1.0,13,26,34,303
2024-06-05,2024,2,False,False,False,False,,True,bull,2024-06-05 10:22:00,622,20531.75,20535.5,3.75,True,0.0,0.0,127.0,1.25,2024-06-05 14:11:00,851,20707.5,20710.25,2.75,1.0,0.0,24.0,14.25,True,2024-06-05 12:24:00,744,1.0,0.0,True,2024-06-05 10:23:00,0.0,11,34,47,304
2024-06-06,2024,3,False,False,False,False,,True,bear,2024-06-06 10:00:00,600,20731.5,20749.0,17.5,True,1.0,0.0,72.75,1.5,2024-06-06 14:06:00,846,20751.5,20761.5,10.0,1.0,0.0,31.5,27.5,True,2024-06-06 11:01:00,661,0.0,0.0,True,2024-06-06 10:03:00,1.0,11,17,23,285
2024-06-07,2024,4,False,False,False,True,event,False,,,-1,,,,False,,,,,,-1,,,,,,,,False,,-1,,,False,,,0,0,0,0
2024-06-09,2024,6,True,False,False,False,sunday,False,,,-1,,,,False,,,,,,-1,,,,,,,,False,,-1,,,False,,,0,0,0,0
2024-06-10,2024,0,False,False,False,False,,True,bull,2024-06-10 10:10:00,609,20698.75,20703.75,5.0,True,1.0,0.0,66.5,23.25,2024-06-10 12:13:00,732,20792.0,20796.75,4.75,1.0,0.0,18.25,24.5,True,2024-06-10 12:18:00,737,1.0,0.0,True,2024-06-10 10:14:00,1.0,9,26,41,276
2024-06-11,2024,1,False,False,False,False,,True,bull,2024-06-11 10:00:00,600,20711.75,20726.25,14.5,True,0.0,0.0,104.5,6.5,2024-06-11 13:40:00,820,20833.0,20839.5,6.5,0.0,0.0,86.5,15.5,True,2024-06-11 13:37:00,817,1.0,0.0,True,2024-06-11 10:02:00,0.0,10,32,47,311
2024-06-12,2024,2,False,False,False,True,event,False,,,-1,,,,False,,,,,,-1,,,,,,,,False,,-1,,,False,,,0,0,0,0
2024-06-13,2024,3,False,False,False,False,,True,bull,2024-06-13 10:02:00,602,21325.0,21340.0,15.0,True,0.0,0.0,3.5,112.25,2024-06-13 11:40:00,700,21283.5,21285.5,2.0,1.0,0.0,17.25,91.75,True,2024-06-13 14:42:00,882,1.0,0.0,True,2024-06-13 10:05:00,1.0,15,28,39,284
2024-06-14,2024,4,False,False,False,False,,True,bear,2024-06-14 10:02:00,602,21314.0,21323.5,9.5,True,1.0,0.0,28.25,46.25,2024-06-14 11:09:00,669,21305.0,21316.5,11.5,1.0,0.0,35.75,43.75,True,2024-06-14 10:37:00,637,1.0,0.0,True,2024-06-14 10:14:00,1.0,15,26,33,235
2024-06-16,2024,6,True,False,False,False,sunday,False,,,-1,,,,False,,,,,,-1,,,,,,,,False,,-1,,,False,,,0,0,0,0
2024-06-17,2024,0,False,False,False,False,,True,bull,2024-06-17 10:00:00,600,21375.5,21378.25,2.75,True,1.0,0.0,40.5,25.25,2024-06-17 13:34:00,814,21595.25,21604.5,9.25,0.0,0.0,99.75,0.5,True,2024-06-17 14:04:00,844,1.0,0.0,True,2024-06-17 10:07:00,1.0,10,38,50,348
2024-06-18,2024,1,False,False,False,False,,True,bear,2024-06-18 10:01:00,601,21612.0,21629.0,17.0,True,1.0,0.0,35.0,36.25,2024-06-18 14:16:00,856,21624.0,21629.5,5.5,1.0,0.0,12.5,15.25,True,2024-06-18 13:02:00,782,1.0,0.0,True,2024-06-18 10:06:00,1.0,10,19,27,309
2024-06-19,2024,2,False,True,False,False,holiday,False,,,-1,,,,False,,,,,,-1,,,,,,,,False,,-1,,,False,,,0,0,0,0
2024-06-20,2024,3,False,False,False,False,,True,bear,2024-06-20 10:06:00,606,21651.25,21659.25,8.0,True,1.0,0.0,6.25,97.0,2024-06-20 13:04:00,784,21476.0,21484.75,8.75,1.0,0.0,39.0,79.75,True,2024-06-20 10:13:00,613,1.0,0.0,True,2024-06-20 10:09:00,1.0,16,35,54,332
2024-06-21,2024,4,False,False,False,False,,True,bull,2024-06-21 10:00:00,600,21373.25,21381.0,7.75,True,1.0,0.0,58.25,10.75,2024-06-21 11:39:00,699,21426.5,21433.5,7.0,0.0,0.0,70.0,10.5,True,2024-06-21 10:14:00,614,1.0,0.0,True,2024-06-21 10:02:00,1.0,12,23,37,246
2024-06-23,2024,6,True,False,False,False,sunday,False,,,-1,,,,False,,,,,,-1,,,,,,,,False,,-1,,,False,,,0,0,0,0
2024-06-24,2024,0,False,False,False,False,,True,bull,2024-06-24 10:00:00,600,21368.5,21379.75,11.25,True,1.0,0.0,48.75,125.5,2024-06-24 13:17:00,797,21244.75,21262.0,17.25,1.0,0.0,6.5,60.5,True,2024-06-24 09:53:00,593,1.0,0.0,True,2024-06-24 10:02:00,1.0,16,20,35,327
2024-06-25,2024,1,False,False,False,False,,True,bull,2024-06-25 10:02:00,602,21268.5,21272.5,4.0,True,0.0,0.0,62.5,1.5,2024-06-25 13:08:00,788,21279.25,21288.25,9.0,0.0,0.0,70.25,6.5,True,2024-06-25 13:51:00,831,1.0,0.0,True,2024-06-25 10:06:00,1.0,8,34,39,291
2024-06-26,2024,2,False,False,False,False,,True,bear,2024-06-26 10:00:00,600,21405.0,21416.25,11.25,True,1.0,0.0,52.0,27.5,2024-06-26 14:02:00,842,21401.5,21417.5,16.0,1.0,0.0,19.25,36.75,True,2024-06-26 10:28:00,628,1.0,0.0,True,2024-06-26 10:05:00,1.0,15,19,28,317
2024-06-27,2024,3,False,False,False,False,,True,bull,2024-06-27 10:00:00,600,21472.25,21487.25,15.0,True,1.0,0.0,56.5,58.75,2024-06-27 14:35:00,875,21444.0,21450.0,6.0,1.0,0.0,40.25,20.5,True,2024-06-27 13:37:00,817,1.0,0.0,True,2024-06-27 10:01:00,1.0,17,24,42,307
2024-06-28,2024,4,False,False,False,False,,True,bull,2024-06-28 10:01:00,601,21572.75,21581.25,8.5,True,1.0,0.0,104.5,72.5,2024-06-28 11:52:00,712,21542.0,21552.5,10.5,0.0,0.0,1.0,134.25,True,2024-06-28 09:51:00,591,1.0,0.0,True,2024-06-28 10:02:00,1.0,20,22,41,213
2024-06-30,2024,6,True,False,False,False,sunday,False,,,-1,,,,False,,,,,,-1,,,,,,,,False,,-1,,,False,,,0,0,0,0
2024-07-01,2024,0,False,False,False,False,,True,bull,2024-07-01 10:02:00,602,21322.0,21346.75,24.75,True,1.0,0.0,32.0,106.75,2024-07-01 13:27:00,807,21422.5,21432.25,9.75,1.0,0.0,48.75,19.5,True,2024-07-01 15:08:00,908,1.0,0.0,True,2024-07-01 10:12:00,1.0,14,27,42,350
2024-07-02,2024,1,False,False,False,False,,True,bear,2024-07-02 10:11:00,611,21489.75,21506.5,16.75,True,1.0,0.0,103.75,9.5,2024-07-02 11:18:00,678,21543.75,21548.75,5.0,1.0,0.0,45.5,45.5,True,2024-07-02 14:17:00,857,1.0,0.0,True,2024-07-02 10:12:00,0.0,9,17,22,266
2024-07-03,2024,2,False,False,True,False,early_close,False,,,-1,,,,False,,,,,,-1,,,,,,,,False,,-1,,,False,,,0,0,0,0
2024-07-04,2024,3,False,True,False,False,holiday,False,,,-1,,,,False,,,,,,-1,,,,,,,,False,,-1,,,False,,,0,0,0,0
2024-07-05,2024,4,False,False,False,True,event,False,,,-1,,,,False,,,,,,-1,,,,,,,,False,,-1,,,False,,,0,0,0,0
2024-07-07,2024,6,True,False,False,False,sunday,False,,,-1,,,,False,,,,,,-1,,,,,,,,False,,-1,,,False,,,0,0,0,0
2024-07-08,2024,0,False,False,False,False,,True,bear,2024-07-08 10:02:00,602,22048.5,22060.25,11.75,True,1.0,0.0,26.75,27.5,2024-07-08 12:05:00,725,22082.25,22091.5,9.25,0.0,0.0,1.75,40.25,True,2024-07-08 14:07:00,847,1.0,0.0,True,2024-07-08 10:08:00,1.0,10,19,34,264
2024-07-09,2024,1,False,False,False,False,,True,bear,2024-07-09 10:06:00,606,22175.25,22183.0,7.75,True,1.0,0.0,37.5,53.75,2024-07-09 14:52:00,892,22098.5,22106.0,7.5,1.0,0.0,20.75,11.0,True,2024-07-09 12:41:00,761,1.0,0.0,True,2024-07-09 10:07:00,1.0,12,29,40,305
2024-07-10,2024,2,False,False,False,False,,True,bull,2024-07-10 10:06:00,606,22199.75,22208.75,9.0,True,1.0,0.0,17.75,75.75,2024-07-10 13:42:00,822,22296.0,22300.25,4.25,1.0,0.0,17.5,6.25,True,2024-07-10 10:41:00,641,1.0,0.0,True,2024-07-10 10:10:00,1.0,11,35,45,302
2024-07-11,2024,3,False,False,False,True,event,False,,,-1,,,,False,,,,,,-1,,,,,,,,False,,-1,,,False,,,0,0,0,0
2024-07-12,2024,4,False,False,False,False,,True,bull,2024-07-12 10:02:00,602,21975.75,21994.5,18.75,True,1.0,0.0,104.75,39.5,2024-07-12 13:49:00,829,22154.5,22158.5,4.0,1.0,0.0,11.25,48.5,True,2024-07-12 14:57:00,897,1.0,0.0,True,2024-07-12 10:24:00,1.0,9,32,43,233
2024-07-14,2024,6,True,False,False,False,sunday,False,,,-1,,,,False,,,,,,-1,,,,,,,,False,,-1,,,False,,,0,0,0,0
2024-07-15,2024,0,False,False,False,False,,True,bull,2024-07-15 10:01:00,601,22052.25,22060.5,8.25,True,0.0,0.0,114.0,6.75,2024-07-15 14:34:00,874,22045.25,22058.75,13.5,1.0,0.0,17.5,45.25,True,2024-07-15 14:23:00,863,0.0,0.0,True,2024-07-15 10:02:00,0.0,5,33,47,307
2024-07-16,2024,1,False,False,False,False,,True,bear,2024-07-16 10:03:00,603,21994.5,22007.75,13.25,True,1.0,0.0,36.5,58.0,2024-07-16 13:30:00,810,21951.0,21955.0,4.0,1.0,0.0,36.25,25.5,True,2024-07-16 11:16:00,676,1.0,0.0,True,2024-07-16 10:04:00,1.0,12,25,41,325
2024-07-17,2024,2,False,False,False,False,,True,bear,2024-07-17 10:01:00,601,21642.0,21656.0,14.0,True,0.0,0.0,3.5,83.0,2024-07-17 11:42:00,702,21532.25,21537.75,5.5,0.0,0.0,7.75,65.5,True,2024-07-17 14:44:00,884,1.0,0.0,True,2024-07-17 10:02:00,0.0,11,18,30,287
2024-07-18,2024,3,False,False,False,False,,True,bull,2024-07-18 10:05:00,605,21491.5,21501.5,10.0,True,1.0,0.0,31.25,182.75,2024-07-18 12:23:00,743,21247.25,21258.5,11.25,1.0,0.0,120.75,22.0,True,2024-07-18 14:55:00,895,1.0,0.0,True,2024-07-18 10:20:00,1.0,19,22,32,326
2024-07-19,2024,4,False,False,False,False,,True,bear,2024-07-19 10:08:00,598,21330.5,21346.25,15.75,True,1.0,0.0,20.0,122.5,2024-07-19 14:45:00,875,21109.5,21115.75,6.25,0.0,0.0,111.5,3.25,True,2024-07-19 11:29:00,679,1.0,0.0,True,2024-07-19 10:09:00,1.0,10,28,42,259
2024-07-21,2024,6,True,False,False,False,sunday,False,,,-1,,,,False,,,,,,-1,,,,,,,,False,,-1,,,False,,,0,0,0,0
2024-07-22,2024,0,False,False,False,False,,True,bear,2024-07-22 10:02:00,602,21388.0,21403.5,15.5,True,1.0,0.0,73.25,50.5,2024-07-22 12:15:00,735,21313.75,21316.0,2.25,1.0,0.0,109.5,9.25,True,2024-07-22 12:06:00,726,0.0,0.0,True,2024-07-22 10:08:00,1.0,12,16,27,293
2024-07-23,2024,1,False,False,False,False,,True,bear,2024-07-23 10:03:00,603,21427.75,21439.5,11.75,True,1.0,0.0,76.25,44.0,2024-07-23 13:35:00,815,21390.75,21393.5,2.75,1.0,0.0,44.25,7.0,True,2024-07-23 11:38:00,698,1.0,0.0,True,2024-07-23 10:04:00,1.0,14,19,32,325
2024-07-24,2024,2,False,False,False,False,,True,bear,2024-07-24 10:14:00,614,20908.0,20929.75,21.75,True,0.0,0.0,28.75,105.0,2024-07-24 14:50:00,890,20670.75,20685.0,14.25,1.0,0.0,69.75,26.5,True,2024-07-24 12:44:00,764,1.0,0.0,True,2024-07-24 10:29:00,0.0,5,31,41,289
2024-07-25,2024,3,False,False,False,False,,True,bear,2024-07-25 10:04:00,604,20422.75,20440.5,17.75,True,1.0,0.0,243.75,91.0,2024-07-25 11:21:00,676,20669.5,20702.5,33.0,1.0,0.0,95.5,79.5,True,2024-07-25 12:08:00,723,1.0,0.0,True,2024-07-25 10:09:00,1.0,14,28,38,324
2024-07-26,2024,4,False,False,False,False,,True,bull,2024-07-26 10:02:00,602,20562.25,20586.5,24.25,True,1.0,0.0,38.75,113.25,2024-07-26 11:00:00,660,20526.0,20552.75,26.75,1.0,0.0,66.25,37.5,True,2024-07-26 14:45:00,885,1.0,0.0,True,2024-07-26 10:06:00,1.0,14,27,42,244
2024-07-28,2024,6,True,False,False,False,sunday,False,,,-1,,,,False,,,,,,-1,,,,,,,,False,,-1,,,False,,,0,0,0,0
2024-07-29,2024,0,False,False,False,False,,True,bull,2024-07-29 10:00:00,599,20766.75,20786.25,19.5,True,1.0,0.0,19.5,166.25,2024-07-29 11:43:00,702,20591.25,20597.25,6.0,0.0,0.0,171.75,12.5,True,2024-07-29 15:20:00,919,1.0,0.0,True,2024-07-29 10:09:00,1.0,8,25,36,332
2024-07-30,2024,1,False,False,False,False,,True,bear,2024-07-30 10:03:00,603,20615.0,20647.5,32.5,True,1.0,0.0,70.0,199.0,2024-07-30 11:07:00,667,20428.0,20446.0,18.0,1.0,0.0,61.25,52.5,True,2024-07-30 10:30:00,630,0.0,0.0,True,2024-07-30 10:07:00,1.0,16,29,45,330
2024-07-31,2024,2,False,False,False,True,event,False,,,-1,,,,False,,,,,,-1,,,,,,,,False,,-1,,,False,,,0,0,0,0
2024-08-01,2024,3,False,False,False,False,,True,bear,2024-08-01 10:00:00,600,21081.25,21095.5,14.25,True,1.0,0.0,21.25,343.0,2024-08-01 12:24:00,744,20574.25,20601.0,26.75,1.0,0.0,28.25,137.0,True,2024-08-01 13:39:00,819,1.0,0.0,True,2024-08-01 10:02:00,0.0,16,30,46,365
2024-08-02,2024,4,False,False,False,True,event,False,,,-1,,,,False,,,,,,-1,,,,,,,,False,,-1,,,False,,,0,0,0,0
2024-08-04,2024,6,True,False,False,False,sunday,False,,,-1,,,,False,,,,,,-1,,,,,,,,False,,-1,,,False,,,0,0,0,0
2024-08-05,2024,0,False,False,False,False,,True,bull,2024-08-05 10:02:00,602,19322.5,19476.5,154.0,True,1.0,0.0,9.0,252.75,2024-08-05 13:42:00,820,19549.75,19571.5,21.75,1.0,0.0,15.5,207.0,True,2024-08-05 12:25:00,743,1.0,0.0,True,2024-08-05 10:03:00,1.0,14,19,32,322
2024-08-06,2024,1,False,False,False,False,,True,bear,2024-08-06 10:00:00,600,19575.75,19587.75,12.0,True,1.0,0.0,198.0,40.5,2024-08-06 14:01:00,841,19853.0,19862.25,9.25,1.0,0.0,69.25,115.25,True,2024-08-06 14:58:00,898,0.0,0.0,True,2024-08-06 10:04:00,1.0,15,16,30,297
2024-08-07,2024,2,False,False,False,False,,True,bull,2024-08-07 10:01:00,601,19934.5,19952.5,18.0,True,1.0,0.0,8.5,142.75,2024-08-07 11:53:00,713,19800.0,19811.25,11.25,1.0,0.0,31.75,119.0,True,2024-08-07 11:53:00,713,1.0,0.0,True,2024-08-07 10:02:00,1.0,13,14,27,326
2024-08-08,2024,3,False,False,False,False,,True,bull,2024-08-08 10:01:00,601,19607.0,19641.75,34.75,True,0.0,0.0,212.75,8.75,2024-08-08 13:34:00,814,19929.0,19944.5,15.5,1.0,0.0,43.25,39.75,True,2024-08-08 12:46:00,766,1.0,0.0,True,2024-08-08 10:02:00,0.0,9,24,36,273
2024-08-09,2024,4,False,False,False,False,,True,bull,2024-08-09 10:05:00,605,19887.75,19904.25,16.5,True,1.0,0.0,87.25,54.75,2024-08-09 13:15:00,795,19996.5,20003.5,7.0,1.0,0.0,85.5,20.0,True,2024-08-09 15:00:00,900,1.0,0.0,True,2024-08-09 10:12:00,1.0,10,20,28,202
2024-08-11,2024,6,True,False,False,False,sunday,False,,,-1,,,,False,,,,,,-1,,,,,,,,False,,-1,,,False,,,0,0,0,0
2024-08-12,2024,0,False,False,False,False,,True,bull,2024-08-12 10:04:00,604,19988.75,19999.25,10.5,True,0.0,0.0,193.0,12.75,2024-08-12 11:51:00,711,20071.25,20088.0,16.75,0.0,0.0,61.25,0.25,True,2024-08-12 14:15:00,855,1.0,0.0,True,2024-08-12 10:07:00,0.0,16,24,40,306
2024-08-13,2024,1,False,False,False,False,,True,bull,2024-08-13 10:00:00,600,20310.75,20332.25,21.5,True,1.0,0.0,58.25,43.25,2024-08-13 12:40:00,760,20441.0,20445.75,4.75,0.0,0.0,71.0,1.0,True,2024-08-13 15:24:00,924,0.0,0.0,True,2024-08-13 10:32:00,1.0,6,29,41,281
2024-08-14,2024,2,False,False,False,True,event,False,,,-1,,,,False,,,,,,-1,,,,,,,,False,,-1,,,False,,,0,0,0,0
2024-08-15,2024,3,False,False,False,False,,True,bull,2024-08-15 10:00:00,600,20879.5,20892.0,12.5,True,1.0,0.0,54.0,55.25,2024-08-15 11:33:00,693,20935.25,20940.0,4.75,0.0,0.0,59.75,10.5,True,2024-08-15 11:03:00,663,1.0,0.0,True,2024-08-15 10:05:00,1.0,9,26,38,283
2024-08-16,2024,4,False,False,False,False,,True,bear,2024-08-16 10:00:00,600,20931.0,20935.0,4.0,True,1.0,0.0,93.25,9.75,2024-08-16 13:49:00,829,21066.75,21071.5,4.75,0.0,0.0,3.0,43.25,True,2024-08-16 10:56:00,656,1.0,0.0,True,2024-08-16 10:02:00,1.0,11,15,24,199
2024-08-18,2024,6,True,False,False,False,sunday,False,,,-1,,,,False,,,,,,-1,,,,,,,,False,,-1,,,False,,,0,0,0,0
2024-08-19,2024,0,False,False,False,False,,True,bear,2024-08-19 10:03:00,603,21011.5,21021.0,9.5,True,1.0,0.0,99.5,41.0,2024-08-19 11:14:00,674,21094.0,21097.25,3.25,1.0,0.0,19.0,42.75,True,2024-08-19 11:57:00,717,1.0,0.0,True,2024-08-19 10:09:00,1.0,14,14,22,271
2024-08-20,2024,1,False,False,False,False,,True,bear,2024-08-20 10:03:00,603,21323.0,21346.75,23.75,True,0.0,0.0,18.75,147.0,2024-08-20 14:54:00,894,21272.0,21282.0,10.0,1.0,0.0,23.5,32.75,True,2024-08-20 12:56:00,776,1.0,0.0,True,2024-08-20 10:12:00,0.0,19,18,30,306
2024-08-21,2024,2,False,False,False,False,,True,bear,2024-08-21 10:16:00,616,21300.25,21334.5,34.25,True,1.0,0.0,135.5,43.75,2024-08-21 11:53:00,713,21256.25,21266.25,10.0,1.0,0.0,52.5,51.75,True,2024-08-21 11:40:00,700,1.0,0.0,True,2024-08-21 10:20:00,1.0,14,14,24,305
2024-08-22,2024,3,False,False,False,False,,True,bear,2024-08-22 10:00:00,600,21418.25,21431.75,13.5,True,0.0,0.0,9.75,121.5,2024-08-22 12:59:00,779,21133.0,21144.5,11.5,1.0,0.0,38.75,113.5,True,2024-08-22 13:55:00,835,1.0,0.0,True,2024-08-22 10:03:00,0.0,9,26,37,309
2024-08-23,2024,4,False,False,False,False,,True,bull,2024-08-23 10:01:00,601,21170.25,21187.75,17.5,True,1.0,0.0,86.75,195.0,2024-08-23 13:26:00,806,21138.5,21142.0,3.5,0.0,0.0,52.75,9.25,True,2024-08-23 12:20:00,740,1.0,0.0,True,2024-08-23 10:02:00,1.0,18,25,44,235
2024-08-25,2024,6,True,False,False,False,sunday,False,,,-1,,,,False,,,,,,-1,,,,,,,,False,,-1,,,False,,,0,0,0,0
2024-08-26,2024,0,False,False,False,False,,True,bear,2024-08-26 10:09:00,608,21130.5,21149.5,19.0,True,0.0,0.0,6.75,163.75,2024-08-26 12:54:00,773,21059.25,21066.0,6.75,1.0,0.0,22.0,81.0,True,2024-08-26 13:10:00,789,1.0,0.0,True,2024-08-26 10:10:00,0.0,11,26,38,315
2024-08-27,2024,1,False,False,False,False,,True,bull,2024-08-27 10:12:00,612,20991.0,21009.25,18.25,True,0.0,0.0,118.0,22.75,2024-08-27 13:07:00,787,21055.5,21064.0,8.5,1.0,0.0,61.5,4.25,True,2024-08-27 13:27:00,807,1.0,0.0,True,2024-08-27 10:18:00,0.0,6,33,43,322
2024-08-28,2024,2,False,False,False,False,,True,bear,2024-08-28 10:02:00,602,20979.25,20990.75,11.5,True,1.0,0.0,47.0,134.25,2024-08-28 11:13:00,673,20823.25,20850.5,27.25,1.0,0.0,73.0,28.75,True,2024-08-28 10:36:00,636,0.0,0.0,True,2024-08-28 10:07:00,1.0,14,23,39,309
2024-08-29,2024,3,False,False,False,False,,True,bull,2024-08-29 10:02:00,602,21076.75,21092.0,15.25,True,1.0,0.0,34.5,128.25,2024-08-29 14:56:00,896,20820.5,20844.0,23.5,1.0,0.0,52.75,76.75,True,2024-08-29 09:49:00,589,1.0,0.0,True,2024-08-29 10:04:00,1.0,11,19,35,302
2024-08-30,2024,4,False,False,False,False,,True,bull,2024-08-30 10:00:00,600,21017.0,21026.0,9.0,True,1.0,0.0,35.75,149.0,2024-08-30 11:36:00,696,20874.25,20881.5,7.25,1.0,0.0,23.75,81.25,True,2024-08-30 10:51:00,651,0.0,0.0,True,2024-08-30 10:02:00,1.0,15,28,40,223
2024-09-01,2024,6,True,False,False,False,sunday,False,,,-1,,,,False,,,,,,-1,,,,,,,,False,,-1,,,False,,,0,0,0,0
2024-09-02,2024,0,False,True,False,False,holiday,False,,,-1,,,,False,,,,,,-1,,,,,,,,False,,-1,,,False,,,0,0,0,0
2024-09-03,2024,1,False,False,False,False,,True,bear,2024-09-03 10:05:00,604,20787.25,20811.5,24.25,True,0.0,0.0,16.25,188.25,2024-09-03 14:25:00,864,20474.0,20477.75,3.75,1.0,0.0,35.25,8.0,True,2024-09-03 14:04:00,843,0.0,0.0,True,2024-09-03 10:20:00,1.0,7,24,36,318
2024-09-04,2024,2,False,False,False,False,,True,bear,2024-09-04 10:02:00,602,20320.75,20393.75,73.0,True,1.0,0.0,227.0,4.5,2024-09-04 14:06:00,846,20428.0,20433.25,5.25,1.0,0.0,46.0,71.75,True,2024-09-04 14:06:00,846,1.0,0.0,True,2024-09-04 10:04:00,1.0,13,28,32,317
2024-09-05,2024,3,False,False,False,False,,True,bull,2024-09-05 10:02:00,602,20491.75,20527.0,35.25,True,1.0,0.0,50.75,182.75,2024-09-05 12:25:00,745,20345.25,20357.75,12.5,1.0,0.0,36.5,28.0,True,2024-09-05 13:13:00,793,1.0,0.0,True,2024-09-05 10:12:00,1.0,12,32,44,323
2024-09-06,2024,4,False,False,False,True,event,False,,,-1,,,,False,,,,,,-1,,,,,,,,False,,-1,,,False,,,0,0,0,0
2024-09-08,2024,6,True,False,False,False,sunday,False,,,-1,,,,False,,,,,,-1,,,,,,,,False,,-1,,,False,,,0,0,0,0
2024-09-09,2024,0,False,False,False,False,,True,bull,2024-09-09 10:00:00,600,20108.0,20120.5,12.5,True,1.0,0.0,33.25,181.75,2024-09-09 11:24:00,684,19951.0,19957.25,6.25,0.0,0.0,140.0,3.0,True,2024-09-09 10:12:00,612,0.0,0.0,True,2024-09-09 10:02:00,1.0,12,25,36,300
2024-09-10,2024,1,False,False,False,False,,True,bear,2024-09-10 10:00:00,600,20201.5,20212.0,10.5,True,1.0,0.0,54.5,89.25,2024-09-10 12:01:00,721,20056.75,20073.75,17.0,1.0,0.0,97.5,31.5,True,2024-09-10 11:56:00,716,1.0,0.0,True,2024-09-10 10:03:00,1.0,12,18,29,308
2024-09-11,2024,2,False,False,False,True,event,False,,,-1,,,,False,,,,,,-1,,,,,,,,False,,-1,,,False,,,0,0,0,0
2024-09-12,2024,3,False,False,False,False,,True,bear,2024-09-12 10:06:00,606,20681.75,20697.75,16.0,True,1.0,0.0,117.5,27.25,2024-09-12 11:17:00,677,20768.25,20808.5,40.25,0.0,0.0,5.0,89.0,True,2024-09-12 14:44:00,884,0.0,0.0,True,2024-09-12 10:12:00,1.0,10,15,23,302
2024-09-13,2024,4,False,False,False,False,,True,bear,2024-09-13 10:12:00,611,20928.75,20935.25,6.5,True,1.0,0.0,40.0,82.5,2024-09-13 11:30:00,689,20957.25,20964.0,6.75,1.0,0.0,40.5,35.0,True,2024-09-13 09:51:00,590,1.0,0.0,True,2024-09-13 10:15:00,1.0,15,19,30,211
2024-09-15,2024,6,True,False,False,False,sunday,False,,,-1,,,,False,,,,,,-1,,,,,,,,False,,-1,,,False,,,0,0,0,0
2024-09-16,2024,0,False,False,False,False,,True,bear,2024-09-16 10:10:00,605,20865.25,20883.25,18.0,True,0.0,0.0,32.75,132.5,2024-09-16 14:21:00,856,20850.0,20855.25,5.25,1.0,0.0,19.5,25.5,True,2024-09-16 14:54:00,889,1.0,0.0,True,2024-09-16 10:15:00,0.0,12,26,39,361
2024-09-17,2024,1,False,False,False,False,,True,bull,2024-09-17 10:00:00,600,20948.75,20955.25,6.5,True,1.0,0.0,90.25,20.25,2024-09-17 11:26:00,686,20980.75,20984.75,4.0,1.0,0.0,1.0,145.5,True,2024-09-17 13:52:00,832,1.0,0.0,True,2024-09-17 10:04:00,1.0,14,21,35,345
2024-09-18,2024,2,False,False,False,True,event,False,,,-1,,,,False,,,,,,-1,,,,,,,,False,,-1,,,False,,,0,0,0,0
2024-09-19,2024,3,False,False,False,False,,True,bull,2024-09-19 10:04:00,604,21210.5,21220.25,9.75,True,1.0,0.0,123.75,29.0,2024-09-19 11:05:00,665,21272.75,21289.75,17.0,1.0,0.0,51.0,45.25,True,2024-09-19 11:18:00,678,1.0,0.0,True,2024-09-19 10:11:00,0.0,14,25,43,284
2024-09-20,2024,4,False,False,False,False,,True,bear,2024-09-20 10:00:00,600,21205.0,21219.0,14.0,True,1.0,0.0,24.25,96.0,2024-09-20 13:46:00,826,21209.0,21214.75,5.75,1.0,0.0,2.5,76.75,True,2024-09-20 11:17:00,677,0.0,0.0,True,2024-09-20 10:05:00,1.0,12,19,27,205
2024-09-22,2024,6,True,False,False,False,sunday,False,,,-1,,,,False,,,,,,-1,,,,,,,,False,,-1,,,False,,,0,0,0,0
2024-09-23,2024,0,False,False,False,False,,True,bear,2024-09-23 10:01:00,601,21270.0,21281.0,11.0,True,1.0,0.0,54.75,25.25,2024-09-23 13:02:00,782,21232.0,21244.0,12.0,1.0,0.0,53.0,4.0,True,2024-09-23 12:38:00,758,1.0,0.0,True,2024-09-23 10:03:00,1.0,14,18,31,324
2024-09-24,2024,1,False,False,False,False,,True,bear,2024-09-24 10:02:00,602,21240.0,21287.25,47.25,True,1.0,0.0,43.5,89.0,2024-09-24 14:01:00,841,21363.25,21367.5,4.25,0.0,0.0,16.25,50.75,True,2024-09-24 12:58:00,778,1.0,0.0,True,2024-09-24 10:04:00,1.0,17,17,29,288
2024-09-25,2024,2,False,False,False,False,,True,bull,2024-09-25 10:01:00,601,21416.25,21429.5,13.25,True,1.0,0.0,39.5,26.5,2024-09-25 12:22:00,742,21396.75,21403.25,6.5,1.0,0.0,10.75,69.75,True,2024-09-25 11:39:00,699,1.0,0.0,True,2024-09-25 10:23:00,0.0,6,23,31,294
2024-09-26,2024,3,False,False,False,False,,True,bear,2024-09-26 10:06:00,606,21611.75,21617.0,5.25,True,1.0,0.0,11.0,220.5,2024-09-26 14:33:00,873,21534.0,21543.0,9.0,1.0,0.0,31.75,12.25,True,2024-09-26 10:30:00,630,1.0,0.0,True,2024-09-26 10:26:00,0.0,13,17,36,320
2024-09-27,2024,4,False,False,False,False,,True,bull,2024-09-27 10:02:00,602,21525.0,21537.75,12.75,True,1.0,0.0,34.75,80.75,2024-09-27 13:02:00,782,21460.5,21473.0,12.5,1.0,0.0,16.75,58.0,True,2024-09-27 12:17:00,737,1.0,0.0,True,2024-09-27 10:14:00,1.0,6,26,30,207
2024-09-29,2024,6,True,False,False,False,sunday,False,,,-1,,,,False,,,,,,-1,,,,,,,,False,,-1,,,False,,,0,0,0,0
2024-09-30,2024,0,False,False,False,False,,True,bear,2024-09-30 10:01:00,601,21402.75,21414.75,12.0,True,1.0,0.0,18.0,76.0,2024-09-30 14:12:00,852,21379.25,21391.5,12.25,0.0,0.0,2.5,121.5,True,2024-09-30 10:16:00,616,1.0,0.0,True,2024-09-30 10:05:00,1.0,14,24,37,325
2024-10-01,2024,1,False,False,False,False,,True,bear,2024-10-01 10:08:00,608,21210.25,21231.0,20.75,True,0.0,0.0,15.25,140.5,2024-10-01 12:44:00,764,21101.0,21113.0,12.0,1.0,0.0,58.25,53.25,True,2024-10-01 13:06:00,786,1.0,0.0,True,2024-10-01 10:09:00,0.0,14,23,40,343
2024-10-02,2024,2,False,False,False,False,,True,bull,2024-10-02 10:04:00,604,21125.25,21153.25,28.0,True,1.0,0.0,92.75,36.25,2024-10-02 13:28:00,808,21184.75,21192.25,7.5,1.0,0.0,45.75,44.0,True,2024-10-02 10:29:00,629,1.0,0.0,True,2024-10-02 10:07:00,1.0,13,22,34,352
2024-10-03,2024,3,False,False,False,False,,True,bull,2024-10-03 10:02:00,602,21235.25,21253.0,17.75,True,1.0,0.0,53.75,147.5,2024-10-03 11:42:00,702,21215.75,21228.5,12.75,1.0,0.0,29.0,72.75,True,2024-10-03 13:24:00,804,1.0,0.0,True,2024-10-03 10:06:00,1.0,18,27,43,354
2024-10-04,2024,4,False,False,False,True,event,False,,,-1,,,,False,,,,,,-1,,,,,,,,False,,-1,,,False,,,0,0,0,0
2024-10-06,2024,6,True,False,False,False,sunday,False,,,-1,,,,False,,,,,,-1,,,,,,,,False,,-1,,,False,,,0,0,0,0
2024-10-07,2024,0,False,False,False,False,,True,bull,2024-10-07 10:15:00,615,21322.5,21331.75,9.25,True,1.0,0.0,36.75,31.5,2024-10-07 13:00:00,780,21328.5,21331.25,2.75,1.0,0.0,27.0,23.0,True,2024-10-07 11:42:00,702,1.0,0.0,True,2024-10-07 10:16:00,1.0,5,20,28,286
2024-10-08,2024,1,False,False,False,False,,True,bull,2024-10-08 10:02:00,602,21354.0,21390.0,36.0,True,0.0,0.0,80.25,38.25,2024-10-08 12:47:00,767,21435.0,21439.0,4.0,1.0,0.0,1.75,76.25,True,2024-10-08 14:36:00,876,0.0,0.0,True,2024-10-08 10:36:00,0.0,6,22,35,316
2024-10-09,2024,2,False,False,False,False,,True,bull,2024-10-09 10:01:00,601,21460.25,21463.5,3.25,True,0.0,0.0,112.75,9.75,2024-10-09 13:47:00,827,21613.5,21618.0,4.5,1.0,0.0,40.75,66.0,True,2024-10-09 14:27:00,867,1.0,0.0,True,2024-10-09 10:08:00,1.0,10,27,36,271
2024-10-10,2024,3,False,False,False,True,event,False,,,-1,,,,False,,,,,,-1,,,,,,,,False,,-1,,,False,,,0,0,0,0
2024-10-11,2024,4,False,False,False,False,,True,bull,2024-10-11 10:07:00,607,21558.5,21565.25,6.75,True,0.0,0.0,92.25,3.75,2024-10-11 14:06:00,846,21636.25,21641.75,5.5,1.0,0.0,31.25,19.75,True,2024-10-11 11:57:00,717,1.0,0.0,True,2024-10-11 10:08:00,0.0,15,24,36,196
2024-10-13,2024,6,True,False,False,False,sunday,False,,,-1,,,,False,,,,,,-1,,,,,,,,False,,-1,,,False,,,0,0,0,0
2024-10-14,2024,0,False,False,False,False,,True,bear,2024-10-14 10:07:00,607,21848.5,21853.25,4.75,True,0.0,0.0,9.5,116.5,2024-10-14 11:01:00,661,21761.25,21767.5,6.25,1.0,0.0,39.0,25.5,True,2024-10-14 14:02:00,842,1.0,0.0,True,2024-10-14 10:14:00,1.0,15,18,28,320
2024-10-15,2024,1,False,False,False,False,,True,bear,2024-10-15 10:11:00,611,21819.75,21827.75,8.0,True,0.0,0.0,6.25,276.75,2024-10-15 14:09:00,849,21562.25,21570.25,8.0,1.0,0.0,22.25,97.0,True,2024-10-15 12:42:00,762,0.0,0.0,True,2024-10-15 10:12:00,0.0,10,26,42,337
2024-10-16,2024,2,False,False,False,False,,True,bull,2024-10-16 10:05:00,605,21417.75,21440.25,22.5,True,0.0,0.0,91.25,15.25,2024-10-16 12:53:00,773,21499.5,21507.0,7.5,1.0,0.0,36.25,9.25,True,2024-10-16 13:46:00,826,1.0,0.0,True,2024-10-16 10:06:00,1.0,11,34,45,336
2024-10-17,2024,3,False,False,False,False,,True,bear,2024-10-17 10:03:00,603,21584.75,21632.25,47.5,True,1.0,0.0,77.5,20.25,2024-10-17 12:28:00,748,21678.0,21687.0,9.0,1.0,0.0,17.75,33.0,True,2024-10-17 10:29:00,629,1.0,0.0,True,2024-10-17 10:05:00,1.0,15,21,39,328
2024-10-18,2024,4,False,False,False,False,,True,bear,2024-10-18 10:13:00,613,21707.5,21711.75,4.25,True,0.0,0.0,0.75,57.5,2024-10-18 11:35:00,695,21711.75,21720.5,8.75,0.0,0.0,2.25,61.0,True,2024-10-18 11:58:00,718,1.0,0.0,True,2024-10-18 10:15:00,1.0,7,24,35,235
2024-10-20,2024,6,True,False,False,False,sunday,False,,,-1,,,,False,,,,,,-1,,,,,,,,False,,-1,,,False,,,0,0,0,0
2024-10-21,2024,0,False,False,False,False,,True,bull,2024-10-21 10:07:00,607,21707.5,21710.0,2.5,True,1.0,0.0,28.75,152.75,2024-10-21 13:14:00,794,21674.75,21676.25,1.5,1.0,0.0,14.75,27.25,True,2024-10-21 12:54:00,774,1.0,0.0,True,2024-10-21 10:08:00,1.0,15,27,42,309
2024-10-22,2024,1,False,False,False,False,,True,bull,2024-10-22 10:07:00,606,21657.75,21667.25,9.5,True,1.0,0.0,16.75,53.5,2024-10-22 12:34:00,753,21645.0,21651.5,6.5,1.0,0.0,60.0,32.0,True,2024-10-22 13:42:00,821,1.0,0.0,True,2024-10-22 10:08:00,1.0,10,30,38,312
2024-10-23,2024,2,False,False,False,False,,True,bear,2024-10-23 10:02:00,602,21616.5,21631.0,14.5,True,1.0,0.0,44.5,67.25,2024-10-23 13:02:00,782,21439.0,21444.0,5.0,0.0,0.0,4.5,108.25,True,2024-10-23 12:32:00,752,1.0,0.0,True,2024-10-23 10:03:00,1.0,15,31,39,304
2024-10-24,2024,3,False,False,False,False,,True,bull,2024-10-24 10:04:00,604,21548.75,21563.0,14.25,True,1.0,0.0,9.0,60.5,2024-10-24 12:51:00,771,21553.5,21557.0,3.5,1.0,0.0,30.0,15.5,True,2024-10-24 15:09:00,909,0.0,0.0,True,2024-10-24 10:06:00,1.0,13,31,46,347
2024-10-25,2024,4,False,False,False,False,,True,bull,2024-10-25 10:02:00,602,21852.5,21863.5,11.0,True,1.0,0.0,25.5,61.0,2024-10-25 13:25:00,805,21769.5,21780.25,10.75,1.0,0.0,1.0,125.25,True,2024-10-25 14:50:00,890,0.0,0.0,True,2024-10-25 10:03:00,1.0,12,25,40,219
2024-10-27,2024,6,True,False,False,False,sunday,False,,,-1,,,,False,,,,,,-1,,,,,,,,False,,-1,,,False,,,0,0,0,0
2024-10-28,2024,0,False,False,False,False,,True,bull,2024-10-28 10:02:00,602,21758.0,21766.75,8.75,True,1.0,0.0,46.75,39.25,2024-10-28 14:08:00,848,21747.5,21750.0,2.5,1.0,0.0,8.0,47.5,True,2024-10-28 13:09:00,789,1.0,0.0,True,2024-10-28 10:10:00,1.0,15,23,34,301
2024-10-29,2024,1,False,False,False,False,,True,bull,2024-10-29 10:26:00,626,21760.0,21786.0,26.0,True,1.0,0.0,10.75,71.25,2024-10-29 11:39:00,699,21783.75,21798.75,15.0,1.0,0.0,40.25,19.0,True,2024-10-29 09:45:00,585,1.0,0.0,True,2024-10-29 10:28:00,1.0,5,29,42,300
2024-10-30,2024,2,False,False,False,False,,True,bull,2024-10-30 10:29:00,629,21878.75,21889.0,10.25,True,1.0,0.0,5.5,83.25,2024-10-30 13:44:00,824,21774.5,21785.0,10.5,1.0,0.0,30.75,16.5,True,2024-10-30 11:19:00,679,0.0,0.0,True,2024-10-30 10:47:00,1.0,6,22,31,269
2024-10-31,2024,3,False,False,False,False,,True,bear,2024-10-31 10:00:00,600,21364.0,21379.25,15.25,True,1.0,0.0,35.25,100.5,2024-10-31 13:29:00,809,21271.0,21284.25,13.25,0.0,0.0,6.0,56.75,True,2024-10-31 09:34:00,574,1.0,0.0,True,2024-10-31 10:11:00,1.0,9,24,40,301
2024-11-01,2024,4,False,False,False,True,event,False,,,-1,,,,False,,,,,,-1,,,,,,,,False,,-1,,,False,,,0,0,0,0
2024-11-03,2024,6,True,False,False,False,sunday,False,,,-1,,,,False,,,,,,-1,,,,,,,,False,,-1,,,False,,,0,0,0,0
2024-11-04,2024,0,False,False,False,False,,True,bull,2024-11-04 10:17:00,617,21326.5,21338.25,11.75,True,0.0,0.0,86.25,6.75,2024-11-04 12:15:00,735,21253.25,21255.75,2.5,0.0,0.0,95.75,3.5,True,2024-11-04 10:25:00,625,1.0,0.0,True,2024-11-04 10:20:00,1.0,9,25,39,326
2024-11-05,2024,1,False,False,False,False,,True,bull,2024-11-05 10:01:00,601,21474.25,21490.0,15.75,True,1.0,0.0,10.5,70.5,2024-11-05 11:47:00,707,21503.25,21509.0,5.75,1.0,0.0,58.0,6.0,True,2024-11-05 11:04:00,664,0.0,0.0,True,2024-11-05 10:02:00,1.0,13,27,43,303
2024-11-06,2024,2,False,False,False,False,,True,bull,2024-11-06 10:01:00,601,21872.5,21873.5,1.0,True,1.0,0.0,121.25,35.25,2024-11-06 12:05:00,725,21984.25,21992.5,8.25,1.0,0.0,44.75,10.0,True,2024-11-06 09:38:00,578,1.0,0.0,True,2024-11-06 10:02:00,1.0,13,32,42,270
2024-11-07,2024,3,False,False,False,True,event,False,,,-1,,,,False,,,,,,-1,,,,,,,,False,,-1,,,False,,,0,0,0,0
2024-11-08,2024,4,False,False,False,False,,True,bear,2024-11-08 10:06:00,606,22388.25,22413.0,24.75,True,1.0,0.0,30.5,19.75,2024-11-08 14:04:00,844,22440.0,22447.5,7.5,1.0,0.0,26.75,22.5,True,2024-11-08 10:25:00,625,1.0,0.0,True,2024-11-08 10:07:00,1.0,9,14,24,188
2024-11-10,2024,6,True,False,False,False,sunday,False,,,-1,,,,False,,,,,,-1,,,,,,,,False,,-1,,,False,,,0,0,0,0
2024-11-11,2024,0,False,False,False,False,,True,bull,2024-11-11 10:10:00,610,22365.75,22379.75,14.0,True,1.0,0.0,62.0,11.0,2024-11-11 13:38:00,818,22343.0,22349.5,6.5,1.0,0.0,42.25,4.5,True,2024-11-11 13:16:00,796,1.0,0.0,True,2024-11-11 10:12:00,1.0,12,21,33,298
2024-11-12,2024,1,False,False,False,False,,True,bear,2024-11-12 10:04:00,604,22418.25,22433.0,14.75,True,1.0,0.0,33.75,24.25,2024-11-12 12:14:00,734,22341.5,22352.75,11.25,1.0,0.0,28.0,87.25,True,2024-11-12 12:45:00,765,1.0,0.0,True,2024-11-12 10:05:00,1.0,14,18,31,298
2024-11-13,2024,2,False,False,False,True,event,False,,,-1,,,,False,,,,,,-1,,,,,,,,False,,-1,,,False,,,0,0,0,0
2024-11-14,2024,3,False,False,False,False,,True,bull,2024-11-14 10:09:00,609,22288.0,22302.75,14.75,True,1.0,0.0,33.5,64.25,2024-11-14 14:33:00,873,22264.25,22269.75,5.5,1.0,0.0,16.75,87.75,True,2024-11-14 14:33:00,873,1.0,0.0,True,2024-11-14 10:15:00,1.0,9,20,32,300
2024-11-15,2024,4,False,False,False,False,,True,bear,2024-11-15 10:00:00,600,21888.0,21897.0,9.0,True,1.0,0.0,7.5,147.25,2024-11-15 14:55:00,895,21658.75,21660.75,2.0,1.0,0.0,70.0,-0.25,True,2024-11-15 10:48:00,648,1.0,0.0,True,2024-11-15 10:09:00,0.0,14,22,40,214
2024-11-17,2024,6,True,False,False,False,sunday,False,,,-1,,,,False,,,,,,-1,,,,,,,,False,,-1,,,False,,,0,0,0,0
2024-11-18,2024,0,False,False,False,False,,True,bull,2024-11-18 10:00:00,600,21713.75,21717.25,3.5,True,0.0,0.0,165.5,8.5,2024-11-18 11:15:00,675,21894.5,21898.25,3.75,1.0,0.0,24.0,63.75,True,2024-11-18 10:28:00,628,0.0,0.0,True,2024-11-18 10:02:00,0.0,15,26,38,342
2024-11-19,2024,1,False,False,False,False,,True,bull,2024-11-19 10:06:00,606,21739.5,21742.75,3.25,True,1.0,0.0,121.25,11.75,2024-11-19 13:53:00,833,21972.25,21979.0,6.75,1.0,0.0,9.25,74.0,True,2024-11-19 09:37:00,577,1.0,0.0,True,2024-11-19 10:24:00,0.0,10,25,39,290
2024-11-20,2024,2,False,False,False,False,,True,bear,2024-11-20 10:00:00,600,21824.0,21835.0,11.0,True,1.0,0.0,31.0,137.0,2024-11-20 13:40:00,820,21790.5,21800.5,10.0,1.0,0.0,17.25,31.0,True,2024-11-20 11:32:00,692,0.0,0.0,True,2024-11-20 10:04:00,1.0,8,25,36,330
2024-11-21,2024,3,False,False,False,False,,True,bear,2024-11-21 10:02:00,602,21841.5,21865.0,23.5,True,1.0,0.0,119.25,104.25,2024-11-21 12:06:00,726,21907.5,21918.75,11.25,0.0,0.0,147.5,0.0,True,2024-11-21 10:28:00,628,1.0,0.0,True,2024-11-21 10:03:00,1.0,19,25,43,340
2024-11-22,2024,4,False,False,False,False,,True,bear,2024-11-22 10:05:00,605,22022.0,22040.25,18.25,True,1.0,0.0,44.75,85.0,2024-11-22 11:14:00,674,22008.25,22009.75,1.5,1.0,0.0,46.0,50.25,True,2024-11-22 09:39:00,579,1.0,0.0,True,2024-11-22 10:06:00,1.0,14,24,38,220
2024-11-24,2024,6,True,False,False,False,sunday,False,,,-1,,,,False,,,,,,-1,,,,,,,,False,,-1,,,False,,,0,0,0,0
2024-11-25,2024,0,False,False,False,False,,True,bear,2024-11-25 10:02:00,601,22118.25,22142.75,24.5,True,1.0,0.0,38.5,49.5,2024-11-25 11:36:00,695,22123.75,22138.25,14.5,0.0,0.0,0.75,113.25,True,2024-11-25 12:04:00,723,0.0,0.0,True,2024-11-25 10:08:00,1.0,12,29,41,315
2024-11-26,2024,1,False,False,False,False,,True,bear,2024-11-26 10:11:00,611,22159.0,22164.75,5.75,True,1.0,0.0,36.75,40.75,2024-11-26 13:59:00,839,22166.25,22166.75,0.5,1.0,0.0,13.25,64.5,True,2024-11-26 10:35:00,635,1.0,0.0,True,2024-11-26 10:15:00,1.0,10,28,37,309
2024-11-27,2024,2,False,False,False,False,,True,bear,2024-11-27 10:02:00,602,22044.25,22058.5,14.25,True,0.0,0.0,30.25,124.75,2024-11-27 14:59:00,899,22009.5,22010.25,0.75,1.0,0.0,19.75,40.75,True,2024-11-27 14:47:00,887,1.0,0.0,True,2024-11-27 10:11:00,0.0,12,26,43,329
2024-11-28,2024,3,False,True,False,False,holiday,False,,,-1,,,,False,,,,,,-1,,,,,,,,False,,-1,,,False,,,0,0,0,0
2024-11-29,2024,4,False,False,True,False,early_close,False,,,-1,,,,False,,,,,,-1,,,,,,,,False,,-1,,,False,,,0,0,0,0
2024-12-01,2024,6,True,False,False,False,sunday,False,,,-1,,,,False,,,,,,-1,,,,,,,,False,,-1,,,False,,,0,0,0,0
2024-12-02,2024,0,False,False,False,False,,True,bull,2024-12-02 10:01:00,601,22341.75,22350.25,8.5,True,1.0,0.0,28.0,35.5,2024-12-02 11:38:00,698,22392.5,22396.5,4.0,0.0,0.0,51.25,1.75,True,2024-12-02 13:23:00,803,1.0,0.0,True,2024-12-02 10:02:00,1.0,12,28,39,298
2024-12-03,2024,1,False,False,False,False,,True,bull,2024-12-03 10:02:00,602,22401.0,22408.0,7.0,True,1.0,0.0,12.75,56.75,2024-12-03 12:49:00,769,22414.0,22417.5,3.5,1.0,0.0,23.0,10.5,True,2024-12-03 12:48:00,768,1.0,0.0,True,2024-12-03 10:05:00,1.0,15,27,37,300
2024-12-04,2024,2,False,False,False,False,,True,bear,2024-12-04 10:00:00,600,22616.25,22624.25,8.0,True,1.0,0.0,79.25,26.0,2024-12-04 14:44:00,884,22706.5,22709.5,3.0,1.0,0.0,40.0,2.0,True,2024-12-04 13:28:00,808,1.0,0.0,True,2024-12-04 10:05:00,1.0,14,18,24,296
2024-12-05,2024,3,False,False,False,False,,True,bull,2024-12-05 10:01:00,601,22701.5,22709.0,7.5,True,1.0,0.0,24.0,25.0,2024-12-05 11:21:00,681,22724.25,22726.75,2.5,1.0,0.0,35.25,14.75,True,2024-12-05 14:22:00,862,1.0,0.0,True,2024-12-05 10:03:00,1.0,14,24,32,294
2024-12-06,2024,4,False,False,False,True,event,False,,,-1,,,,False,,,,,,-1,,,,,,,,False,,-1,,,False,,,0,0,0,0
2024-12-08,2024,6,True,False,False,False,sunday,False,,,-1,,,,False,,,,,,-1,,,,,,,,False,,-1,,,False,,,0,0,0,0
2024-12-09,2024,0,False,False,False,False,,True,bear,2024-12-09 10:13:00,613,22811.75,22815.75,4.0,True,1.0,0.0,7.5,177.75,2024-12-09 11:49:00,709,22689.75,22697.5,7.75,1.0,0.0,32.75,4.0,True,2024-12-09 13:57:00,837,0.0,0.0,True,2024-12-09 10:25:00,0.0,15,27,44,316
2024-12-10,2024,1,False,False,False,False,,True,bull,2024-12-10 10:01:00,601,22716.0,22744.5,28.5,True,1.0,0.0,58.25,60.75,2024-12-10 11:50:00,710,22654.0,22663.75,9.75,1.0,0.0,36.0,22.5,True,2024-12-10 13:04:00,784,1.0,0.0,True,2024-12-10 10:03:00,1.0,18,23,34,344
2024-12-11,2024,2,False,False,False,True,event,False,,,-1,,,,False,,,,,,-1,,,,,,,,False,,-1,,,False,,,0,0,0,0
2024-12-12,2024,3,False,False,False,False,,True,bear,2024-12-12 10:03:00,602,22867.5,22873.0,5.5,True,1.0,0.0,72.75,41.5,2024-12-12 12:23:00,742,22907.25,22910.75,3.5,1.0,0.0,34.25,21.0,True,2024-12-12 09:32:00,571,1.0,0.0,True,2024-12-12 10:05:00,1.0,18,28,41,332
2024-12-13,2024,4,False,False,False,False,,True,bear,2024-12-13 10:08:00,608,23038.5,23056.25,17.75,True,1.0,0.0,53.0,167.0,2024-12-13 12:23:00,743,22917.0,22926.25,9.25,1.0,0.0,26.75,24.5,True,2024-12-13 12:59:00,779,0.0,0.0,True,2024-12-13 10:11:00,1.0,16,22,34,245
2024-12-15,2024,6,True,False,False,False,sunday,False,,,-1,,,,False,,,,,,-1,,,,,,,,False,,-1,,,False,,,0,0,0,0
2024-12-16,2024,0,False,False,False,False,,True,bull,2024-12-16 10:01:00,598,23167.75,23179.25,11.5,True,1.0,0.0,39.75,58.5,2024-12-16 12:58:00,775,23278.0,23281.25,3.25,0.0,0.0,50.25,1.25,True,2024-12-16 15:27:00,924,1.0,0.0,True,2024-12-16 10:02:00,1.0,10,34,49,367
2024-12-17,2024,1,False,False,False,False,,True,bear,2024-12-17 10:00:00,599,23246.25,23254.0,7.75,True,0.0,0.0,13.5,62.75,2024-12-17 13:15:00,794,23255.5,23255.75,0.25,0.0,0.0,2.25,52.5,True,2024-12-17 15:05:00,904,1.0,0.0,True,2024-12-17 10:01:00,1.0,12,23,32,377
2024-12-18,2024,2,False,False,False,True,event,False,,,-1,,,,False,,,,,,-1,,,,,,,,False,,-1,,,False,,,0,0,0,0
2024-12-19,2024,3,False,False,False,False,,True,bear,2024-12-19 10:06:00,606,22464.0,22488.25,24.25,True,1.0,0.0,87.25,83.0,2024-12-19 12:53:00,773,22356.75,22363.75,7.0,1.0,0.0,116.0,1.5,True,2024-12-19 13:32:00,812,1.0,0.0,True,2024-12-19 10:08:00,1.0,14,26,39,357
2024-12-20,2024,4,False,False,False,False,,True,bull,2024-12-20 10:02:00,602,22153.0,22156.25,3.25,True,1.0,0.0,296.5,31.5,2024-12-20 11:38:00,698,22613.25,22639.25,26.0,1.0,0.0,83.25,25.0,True,2024-12-20 10:45:00,645,1.0,0.0,True,2024-12-20 10:06:00,1.0,20,31,48,262
2024-12-22,2024,6,True,False,False,False,sunday,False,,,-1,,,,False,,,,,,-1,,,,,,,,False,,-1,,,False,,,0,0,0,0
2024-12-23,2024,0,False,False,False,False,,True,bear,2024-12-23 10:10:00,610,22446.25,22468.75,22.5,True,1.0,0.0,102.75,38.0,2024-12-23 12:37:00,757,22585.25,22601.0,15.75,1.0,0.0,95.5,-0.25,True,2024-12-23 15:00:00,900,1.0,0.0,True,2024-12-23 10:11:00,1.0,9,14,23,315
2024-12-24,2024,1,False,False,True,False,early_close,False,,,-1,,,,False,,,,,,-1,,,,,,,,False,,-1,,,False,,,0,0,0,0
2024-12-25,2024,2,False,True,False,False,holiday,False,,,-1,,,,False,,,,,,-1,,,,,,,,False,,-1,,,False,,,0,0,0,0
2024-12-26,2024,3,False,False,False,False,,True,bull,2024-12-26 10:01:00,600,22853.0,22869.0,16.0,True,1.0,0.0,45.0,38.25,2024-12-26 12:15:00,734,22961.0,22964.75,3.75,1.0,0.0,21.25,82.25,True,2024-12-26 15:21:00,920,1.0,0.0,True,2024-12-26 10:10:00,1.0,10,19,31,275
2024-12-27,2024,4,False,False,False,False,,True,bear,2024-12-27 10:02:00,602,22567.0,22608.0,41.0,True,0.0,0.0,22.75,117.75,2024-12-27 11:16:00,676,22465.25,22473.25,8.0,1.0,0.0,98.0,54.5,True,2024-12-27 09:57:00,597,0.0,0.0,True,2024-12-27 10:03:00,0.0,10,23,38,215
2024-12-29,2024,6,True,False,False,False,sunday,False,,,-1,,,,False,,,,,,-1,,,,,,,,False,,-1,,,False,,,0,0,0,0
2024-12-30,2024,0,False,False,False,False,,True,bear,2024-12-30 10:01:00,601,22200.0,22208.75,8.75,True,1.0,0.0,137.5,12.25,2024-12-30 14:20:00,860,22414.5,22420.25,5.75,1.0,0.0,44.75,23.5,True,2024-12-30 14:35:00,875,1.0,0.0,True,2024-12-30 10:06:00,1.0,10,19,34,314
2024-12-31,2024,1,False,False,False,False,,True,bear,2024-12-31 10:08:00,608,22313.75,22330.0,16.25,True,1.0,0.0,99.75,55.75,2024-12-31 11:21:00,681,22223.75,22240.5,16.75,1.0,0.0,49.5,24.75,True,2024-12-31 10:30:00,630,1.0,0.0,True,2024-12-31 10:09:00,1.0,11,35,48,242
2025-01-01,2025,2,False,True,False,False,holiday,False,,,-1,,,,False,,,,,,-1,,,,,,,,False,,-1,,,False,,,0,0,0,0
2025-01-02,2025,3,False,False,False,False,,True,bull,2025-01-02 10:06:00,606,22293.0,22324.75,31.75,True,1.0,0.0,27.25,230.5,2025-01-02 11:49:00,709,22220.0,22227.75,7.75,1.0,0.0,17.25,339.25,True,2025-01-02 09:55:00,595,1.0,0.0,True,2025-01-02 10:19:00,0.0,12,20,33,325
2025-01-03,2025,4,False,False,False,False,,True,bull,2025-01-03 10:06:00,606,22295.5,22336.25,40.75,True,1.0,0.0,15.25,164.0,2025-01-03 12:27:00,747,22378.5,22382.5,4.0,1.0,0.0,34.0,29.0,True,2025-01-03 15:09:00,909,1.0,0.0,True,2025-01-03 10:13:00,1.0,12,19,33,215
2025-01-05,2025,6,True,False,False,False,sunday,False,,,-1,,,,False,,,,,,-1,,,,,,,,False,,-1,,,False,,,0,0,0,0
2025-01-06,2025,0,False,False,False,False,,True,bull,2025-01-06 10:15:00,615,22733.5,22749.75,16.25,True,1.0,0.0,44.25,20.25,2025-01-06 11:21:00,681,22780.0,22789.5,9.5,1.0,0.0,3.25,73.5,True,2025-01-06 11:21:00,681,1.0,0.0,True,2025-01-06 10:16:00,1.0,4,8,18,264
2025-01-07,2025,1,False,False,False,False,,True,bear,2025-01-07 10:02:00,602,22566.0,22621.75,55.75,True,0.0,0.0,28.0,222.0,2025-01-07 11:43:00,703,22437.0,22452.5,15.5,1.0,0.0,4.5,115.25,True,2025-01-07 11:13:00,673,1.0,0.0,True,2025-01-07 10:03:00,1.0,13,27,44,350
2025-01-08,2025,2,False,False,False,False,,True,bull,2025-01-08 10:02:00,602,22256.25,22275.0,18.75,True,1.0,0.0,43.25,132.0,2025-01-08 13:18:00,798,22250.25,22261.0,10.75,1.0,0.0,56.0,70.0,True,2025-01-08 13:40:00,820,1.0,0.0,True,2025-01-08 10:04:00,0.0,11,27,41,315
2025-01-09,2025,3,False,False,False,False,thin_rth,False,,,-1,,,,False,,,,,,-1,,,,,,,,False,,-1,,,False,,,0,0,0,0
2025-01-10,2025,4,False,False,False,True,event,False,,,-1,,,,False,,,,,,-1,,,,,,,,False,,-1,,,False,,,0,0,0,0
2025-01-12,2025,6,True,False,False,False,sunday,False,,,-1,,,,False,,,,,,-1,,,,,,,,False,,-1,,,False,,,0,0,0,0
2025-01-13,2025,0,False,False,False,False,,True,bull,2025-01-13 10:08:00,608,21733.5,21742.0,8.5,True,1.0,0.0,50.25,115.75,2025-01-13 14:40:00,880,21799.0,21808.75,9.75,1.0,0.0,23.75,33.75,True,2025-01-13 12:04:00,724,0.0,0.0,True,2025-01-13 10:11:00,1.0,15,27,39,312
2025-01-14,2025,1,False,False,False,False,,True,bull,2025-01-14 10:03:00,603,21894.25,21904.5,10.25,True,1.0,0.0,102.25,120.25,2025-01-14 12:43:00,763,21744.75,21749.25,4.5,0.0,0.0,127.0,13.5,True,2025-01-14 12:45:00,765,1.0,0.0,True,2025-01-14 10:04:00,1.0,19,28,41,346
2025-01-15,2025,2,False,False,False,True,event,False,,,-1,,,,False,,,,,,-1,,,,,,,,False,,-1,,,False,,,0,0,0,0
2025-01-16,2025,3,False,False,False,False,,True,bear,2025-01-16 10:00:00,600,22300.5,22304.75,4.25,True,1.0,0.0,52.5,42.5,2025-01-16 14:24:00,864,22231.75,22250.25,18.5,1.0,0.0,83.25,4.75,True,2025-01-16 10:02:00,602,1.0,0.0,True,2025-01-16 10:01:00,1.0,13,32,48,335
2025-01-17,2025,4,False,False,False,False,,True,bear,2025-01-17 10:00:00,600,22420.25,22449.25,29.0,True,1.0,0.0,92.5,24.25,2025-01-17 11:04:00,664,22490.25,22499.25,9.0,1.0,0.0,60.75,17.5,True,2025-01-17 14:55:00,895,1.0,0.0,True,2025-01-17 10:02:00,1.0,13,21,28,241
2025-01-19,2025,6,True,False,False,False,sunday,False,,,-1,,,,False,,,,,,-1,,,,,,,,False,,-1,,,False,,,0,0,0,0
2025-01-20,2025,0,False,True,False,False,holiday,False,,,-1,,,,False,,,,,,-1,,,,,,,,False,,-1,,,False,,,0,0,0,0
2025-01-21,2025,1,False,False,False,False,,True,bear,2025-01-21 10:12:00,612,22521.75,22525.75,4.0,True,1.0,0.0,89.5,40.0,2025-01-21 11:19:00,679,22549.5,22555.5,6.0,1.0,0.0,54.25,22.5,True,2025-01-21 11:38:00,698,1.0,0.0,True,2025-01-21 10:13:00,1.0,10,16,24,301
2025-01-22,2025,2,False,False,False,False,,True,bear,2025-01-22 10:04:00,604,22917.75,22926.0,8.25,True,1.0,0.0,37.0,16.25,2025-01-22 13:20:00,800,22945.75,22948.75,3.0,1.0,0.0,24.5,16.25,True,2025-01-22 10:43:00,643,1.0,0.0,True,2025-01-22 10:08:00,1.0,7,19,24,297
2025-01-23,2025,3,False,False,False,False,,True,bull,2025-01-23 10:00:00,582,22796.5,22800.25,3.75,True,1.0,0.0,44.0,29.25,2025-01-23 13:25:00,787,22881.5,22884.5,3.0,1.0,0.0,11.25,50.0,True,2025-01-23 12:09:00,711,1.0,0.0,True,2025-01-23 10:03:00,1.0,16,29,44,282
2025-01-24,2025,4,False,False,False,False,,True,bear,2025-01-24 10:04:00,604,22950.5,22965.0,14.5,True,0.0,0.0,7.75,60.0,2025-01-24 11:18:00,678,22901.0,22906.5,5.5,1.0,0.0,48.0,15.75,True,2025-01-24 11:18:00,678,1.0,0.0,True,2025-01-24 10:05:00,0.0,9,26,39,219
2025-01-26,2025,6,True,False,False,False,sunday,False,,,-1,,,,False,,,,,,-1,,,,,,,,False,,-1,,,False,,,0,0,0,0
2025-01-27,2025,0,False,False,False,False,,True,bear,2025-01-27 10:02:00,602,22230.25,22245.25,15.0,True,1.0,0.0,109.25,81.25,2025-01-27 12:52:00,772,22082.75,22092.0,9.25,1.0,0.0,49.0,29.25,True,2025-01-27 11:41:00,701,1.0,0.0,True,2025-01-27 10:05:00,1.0,7,32,37,321
2025-01-28,2025,1,False,False,False,False,,True,bull,2025-01-28 10:02:00,602,22195.0,22214.25,19.25,True,0.0,0.0,142.0,26.0,2025-01-28 12:02:00,722,22384.5,22399.5,15.0,0.0,0.0,71.0,14.0,True,2025-01-28 10:05:00,605,1.0,0.0,True,2025-01-28 10:03:00,1.0,16,31,47,343
2025-01-29,2025,2,False,False,False,True,event,False,,,-1,,,,False,,,,,,-1,,,,,,,,False,,-1,,,False,,,0,0,0,0
2025-01-30,2025,3,False,False,False,False,,True,bear,2025-01-30 10:00:00,600,22586.0,22612.25,26.25,True,0.0,0.0,2.25,232.75,2025-01-30 13:29:00,809,22471.75,22477.5,5.75,1.0,0.0,79.75,7.75,True,2025-01-30 14:18:00,858,1.0,0.0,True,2025-01-30 10:04:00,1.0,18,18,32,326
2025-01-31,2025,4,False,False,False,False,,True,bull,2025-01-31 10:01:00,601,22757.5,22779.25,21.75,True,0.0,0.0,81.5,11.5,2025-01-31 14:15:00,855,22648.25,22656.25,8.0,1.0,0.0,18.75,193.75,True,2025-01-31 09:56:00,596,0.0,0.0,True,2025-01-31 10:02:00,1.0,15,18,34,211
2025-02-02,2025,6,True,False,False,False,sunday,False,,,-1,,,,False,,,,,,-1,,,,,,,,False,,-1,,,False,,,0,0,0,0
2025-02-03,2025,0,False,False,False,False,,True,bear,2025-02-03 10:04:00,604,22082.5,22094.25,11.75,True,1.0,0.0,287.0,57.25,2025-02-03 11:57:00,717,22336.25,22353.0,16.75,1.0,0.0,50.5,64.5,True,2025-02-03 11:28:00,688,1.0,0.0,True,2025-02-03 10:10:00,1.0,9,15,21,298
2025-02-04,2025,1,False,False,False,False,,True,bull,2025-02-04 10:09:00,609,22520.75,22530.75,10.0,True,1.0,0.0,51.5,13.25,2025-02-04 12:15:00,735,22556.75,22560.25,3.5,0.0,0.0,3.75,98.25,True,2025-02-04 14:07:00,847,1.0,0.0,True,2025-02-04 10:10:00,1.0,10,32,43,322
2025-02-05,2025,2,False,False,False,False,,True,bull,2025-02-05 10:01:00,601,22467.25,22476.75,9.5,True,1.0,0.0,16.0,88.0,2025-02-05 12:48:00,768,22617.0,22624.25,7.25,1.0,0.0,10.0,40.25,True,2025-02-05 12:48:00,768,1.0,0.0,True,2025-02-05 10:05:00,1.0,10,32,45,298
2025-02-06,2025,3,False,False,False,False,,True,bear,2025-02-06 10:03:00,603,22691.25,22701.5,10.25,True,1.0,0.0,69.5,39.0,2025-02-06 14:15:00,855,22734.5,22736.75,2.25,1.0,0.0,10.75,108.0,True,2025-02-06 09:56:00,596,1.0,0.0,True,2025-02-06 10:10:00,1.0,11,23,32,285
2025-02-07,2025,4,False,False,False,True,event,False,,,-1,,,,False,,,,,,-1,,,,,,,,False,,-1,,,False,,,0,0,0,0
2025-02-09,2025,6,True,False,False,False,sunday,False,,,-1,,,,False,,,,,,-1,,,,,,,,False,,-1,,,False,,,0,0,0,0
2025-02-10,2025,0,False,False,False,False,,True,bull,2025-02-10 10:06:00,606,22717.5,22726.75,9.25,True,0.0,0.0,59.25,8.75,2025-02-10 12:55:00,775,22765.5,22768.25,2.75,0.0,0.0,24.75,3.5,True,2025-02-10 12:33:00,753,0.0,0.0,True,2025-02-10 10:07:00,1.0,6,22,28,246
2025-02-11,2025,1,False,False,False,False,,True,bull,2025-02-11 10:02:00,602,22701.75,22707.0,5.25,True,1.0,0.0,58.75,46.75,2025-02-11 12:25:00,745,22685.5,22695.25,9.75,1.0,0.0,12.75,35.5,True,2025-02-11 09:45:00,585,1.0,0.0,True,2025-02-11 10:05:00,1.0,6,23,37,295
2025-02-12,2025,2,False,False,False,True,event,False,,,-1,,,,False,,,,,,-1,,,,,,,,False,,-1,,,False,,,0,0,0,0
2025-02-13,2025,3,False,False,False,False,,True,bull,2025-02-13 10:04:00,604,22833.75,22859.25,25.5,True,1.0,0.0,110.5,70.5,2025-02-13 14:27:00,867,22933.5,22937.0,3.5,1.0,0.0,69.0,5.5,True,2025-02-13 12:03:00,723,1.0,0.0,True,2025-02-13 10:06:00,1.0,13,22,40,272
2025-02-14,2025,4,False,False,False,False,,True,bear,2025-02-14 10:03:00,603,23024.5,23038.0,13.5,True,1.0,0.0,61.25,10.0,2025-02-14 11:49:00,709,23035.5,23047.25,11.75,1.0,0.0,23.0,27.75,True,2025-02-14 13:26:00,806,1.0,0.0,True,2025-02-14 10:05:00,1.0,14,12,18,185
2025-02-16,2025,6,True,False,False,False,sunday,False,,,-1,,,,False,,,,,,-1,,,,,,,,False,,-1,,,False,,,0,0,0,0
2025-02-17,2025,0,False,True,False,False,holiday,False,,,-1,,,,False,,,,,,-1,,,,,,,,False,,-1,,,False,,,0,0,0,0
2025-02-18,2025,1,False,False,False,False,,True,bear,2025-02-18 10:01:00,601,23114.5,23124.75,10.25,True,1.0,0.0,21.0,61.25,2025-02-18 14:40:00,880,23063.0,23068.75,5.75,0.0,0.0,40.0,0.0,True,2025-02-18 10:47:00,647,1.0,0.0,True,2025-02-18 10:02:00,1.0,14,19,35,249
2025-02-19,2025,2,False,False,False,False,,True,bear,2025-02-19 10:04:00,604,23061.5,23075.0,13.5,True,1.0,0.0,60.0,30.5,2025-02-19 11:50:00,710,23145.25,23149.25,4.0,1.0,0.0,29.25,16.75,True,2025-02-19 15:27:00,927,1.0,0.0,True,2025-02-19 10:10:00,1.0,13,16,30,307
2025-02-20,2025,3,False,False,False,False,,True,bear,2025-02-20 10:01:00,601,22923.0,22944.5,21.5,True,1.0,0.0,128.75,27.75,2025-02-20 12:57:00,777,22964.0,22978.25,14.25,1.0,0.0,27.5,20.0,True,2025-02-20 11:37:00,697,1.0,0.0,True,2025-02-20 10:02:00,1.0,16,22,40,329
2025-02-21,2025,4,False,False,False,False,,True,bear,2025-02-21 10:08:00,608,22985.5,22992.25,6.75,True,1.0,0.0,50.0,120.0,2025-02-21 12:18:00,738,22848.5,22861.0,12.5,0.0,0.0,5.25,150.75,True,2025-02-21 15:10:00,910,1.0,0.0,True,2025-02-21 10:10:00,1.0,11,27,40,197
2025-02-23,2025,6,True,False,False,False,sunday,False,,,-1,,,,False,,,,,,-1,,,,,,,,False,,-1,,,False,,,0,0,0,0
2025-02-24,2025,0,False,False,False,False,,True,bear,2025-02-24 10:03:00,602,22435.25,22479.5,44.25,True,1.0,0.0,62.0,87.0,2025-02-24 11:56:00,715,22505.75,22512.0,6.25,1.0,0.0,68.75,21.75,True,2025-02-24 09:59:00,598,1.0,0.0,True,2025-02-24 10:05:00,1.0,12,19,35,309
2025-02-25,2025,1,False,False,False,False,,True,bear,2025-02-25 10:00:00,600,22172.0,22192.0,20.0,True,0.0,0.0,5.75,231.75,2025-02-25 12:23:00,743,22032.25,22050.75,18.5,0.0,0.0,166.25,2.25,True,2025-02-25 13:16:00,796,1.0,0.0,True,2025-02-25 10:02:00,1.0,14,27,44,340
2025-02-26,2025,2,False,False,False,False,,True,bull,2025-02-26 10:00:00,600,22196.0,22206.75,10.75,True,1.0,0.0,78.0,37.5,2025-02-26 11:02:00,662,22263.5,22275.75,12.25,1.0,0.0,31.25,44.25,True,2025-02-26 14:19:00,859,1.0,0.0,True,2025-02-26 10:14:00,1.0,9,21,31,306
2025-02-27,2025,3,False,False,False,False,,True,bear,2025-02-27 10:02:00,602,21842.0,21921.0,79.0,True,1.0,0.0,239.25,1.0,2025-02-27 13:52:00,832,21981.5,21994.0,12.5,1.0,0.0,26.75,273.75,True,2025-02-27 11:27:00,687,0.0,0.0,True,2025-02-27 10:12:00,1.0,9,30,49,310
2025-02-28,2025,4,False,False,False,False,,True,bull,2025-02-28 10:01:00,601,21475.5,21505.5,30.0,True,1.0,0.0,155.25,68.75,2025-02-28 14:27:00,867,21501.5,21514.5,13.0,0.0,0.0,166.5,13.5,True,2025-02-28 13:36:00,816,1.0,0.0,True,2025-02-28 10:02:00,0.0,13,35,50,241
2025-03-02,2025,6,True,False,False,False,sunday,False,,,-1,,,,False,,,,,,-1,,,,,,,,False,,-1,,,False,,,0,0,0,0
2025-03-03,2025,0,False,False,False,False,,True,bear,2025-03-03 10:10:00,610,21745.0,21759.25,14.25,True,1.0,0.0,175.5,11.0,2025-03-03 14:45:00,885,21711.75,21716.25,4.5,0.0,0.0,-0.75,483.0,True,2025-03-03 10:47:00,647,1.0,0.0,True,2025-03-03 10:12:00,1.0,13,33,50,307
2025-03-04,2025,1,False,False,False,False,,True,bear,2025-03-04 10:01:00,601,21145.25,21226.25,81.0,True,1.0,0.0,56.5,131.75,2025-03-04 14:12:00,852,21461.25,21478.0,16.75,1.0,0.0,175.25,12.5,True,2025-03-04 10:16:00,616,1.0,0.0,True,2025-03-04 10:08:00,1.0,14,19,30,336
2025-03-05,2025,2,False,False,False,False,,True,bull,2025-03-05 10:00:00,600,21211.25,21228.75,17.5,True,1.0,0.0,180.25,17.25,2025-03-05 11:30:00,690,21178.25,21188.25,10.0,1.0,0.0,181.75,85.25,True,2025-03-05 11:59:00,719,0.0,0.0,True,2025-03-05 10:02:00,1.0,7,31,39,309
2025-03-06,2025,3,False,False,False,False,,True,bull,2025-03-06 10:05:00,605,21227.5,21266.5,39.0,True,0.0,0.0,154.25,3.0,2025-03-06 14:44:00,884,20971.25,20985.75,14.5,1.0,0.0,133.75,47.5,True,2025-03-06 12:22:00,742,1.0,0.0,True,2025-03-06 10:09:00,1.0,8,23,30,324
2025-03-07,2025,4,False,False,False,True,event,False,,,-1,,,,False,,,,,,-1,,,,,,,,False,,-1,,,False,,,0,0,0,0
2025-03-09,2025,6,True,False,False,False,sunday,False,,,-1,,,,False,,,,,,-1,,,,,,,,False,,-1,,,False,,,0,0,0,0
2025-03-10,2025,0,False,False,False,False,,True,bear,2025-03-10 10:01:00,601,20702.0,20722.0,20.0,True,0.0,0.0,1.0,245.5,2025-03-10 11:45:00,705,20521.25,20527.75,6.5,1.0,0.0,57.25,81.25,True,2025-03-10 10:34:00,634,1.0,0.0,True,2025-03-10 10:02:00,0.0,12,22,36,297
2025-03-11,2025,1,False,False,False,False,,True,bear,2025-03-11 10:04:00,604,20370.0,20454.5,84.5,True,1.0,0.0,115.75,157.75,2025-03-11 11:00:00,660,20249.75,20275.0,25.25,1.0,0.0,229.25,29.0,True,2025-03-11 10:24:00,624,1.0,0.0,True,2025-03-11 10:05:00,1.0,17,23,41,330
2025-03-12,2025,2,False,False,False,True,event,False,,,-1,,,,False,,,,,,-1,,,,,,,,False,,-1,,,False,,,0,0,0,0
2025-03-13,2025,3,False,False,False,False,,True,bull,2025-03-13 10:04:00,604,20275.75,20287.25,11.5,True,0.0,0.0,166.75,20.5,2025-03-13 14:03:00,843,20126.0,20146.75,20.75,0.0,0.0,147.0,17.5,True,2025-03-13 10:53:00,653,1.0,0.0,True,2025-03-13 10:05:00,1.0,14,22,33,342
2025-03-14,2025,4,False,False,False,False,,True,bear,2025-03-14 10:01:00,601,20457.25,20466.25,9.0,True,1.0,0.0,151.25,45.25,2025-03-14 14:25:00,865,20535.0,20544.25,9.25,1.0,0.0,95.25,3.0,True,2025-03-14 12:28:00,748,1.0,0.0,True,2025-03-14 10:02:00,1.0,11,23,31,205
2025-03-16,2025,6,True,False,False,False,sunday,False,,,-1,,,,False,,,,,,-1,,,,,,,,False,,-1,,,False,,,0,0,0,0
2025-03-17,2025,0,False,False,False,False,,True,bear,2025-03-17 10:03:00,603,20663.75,20702.25,38.5,True,1.0,0.0,73.25,92.25,2025-03-17 14:37:00,877,20845.25,20855.25,10.0,1.0,0.0,41.25,19.5,True,2025-03-17 12:22:00,742,1.0,0.0,True,2025-03-17 10:08:00,1.0,13,16,31,317
2025-03-18,2025,1,False,False,False,False,,True,bull,2025-03-18 10:06:00,606,20378.5,20401.25,22.75,True,1.0,0.0,38.5,91.0,2025-03-18 11:15:00,675,20353.5,20366.25,12.75,1.0,0.0,74.25,29.75,True,2025-03-18 12:12:00,732,1.0,0.0,True,2025-03-18 10:13:00,1.0,9,31,37,315
2025-03-19,2025,2,False,False,False,True,event,False,,,-1,,,,False,,,,,,-1,,,,,,,,False,,-1,,,False,,,0,0,0,0
2025-03-20,2025,3,False,False,False,False,,True,bull,2025-03-20 10:00:00,600,20615.0,20626.25,11.25,True,0.0,0.0,172.25,6.5,2025-03-20 14:54:00,894,20565.0,20575.0,10.0,1.0,0.0,41.75,66.0,True,2025-03-20 13:39:00,819,1.0,0.0,True,2025-03-20 10:01:00,0.0,13,22,38,335
2025-03-21,2025,4,False,False,False,False,,True,bear,2025-03-21 10:01:00,601,20427.75,20440.75,13.0,True,1.0,0.0,96.75,52.25,2025-03-21 14:25:00,865,20556.5,20569.0,12.5,1.0,0.0,40.75,35.25,True,2025-03-21 13:02:00,782,1.0,0.0,True,2025-03-21 10:10:00,1.0,10,21,31,253
2025-03-23,2025,6,True,False,False,False,sunday,False,,,-1,,,,False,,,,,,-1,,,,,,,,False,,-1,,,False,,,0,0,0,0
2025-03-24,2025,0,False,False,False,False,,True,bear,2025-03-24 10:10:00,610,21001.75,21010.25,8.5,True,0.0,0.0,89.25,0.0,2025-03-24 11:28:00,688,21064.0,21066.75,2.75,1.0,0.0,29.5,22.75,True,2025-03-24 12:27:00,747,1.0,0.0,True,2025-03-24 10:14:00,0.0,6,21,29,274
2025-03-25,2025,1,False,False,False,False,,True,bear,2025-03-25 10:03:00,601,21099.25,21115.25,16.0,True,1.0,0.0,114.5,9.0,2025-03-25 12:32:00,750,21134.75,21140.25,5.5,1.0,0.0,55.75,22.25,True,2025-03-25 10:19:00,617,1.0,0.0,True,2025-03-25 10:04:00,0.0,14,24,35,274
2025-03-26,2025,2,False,False,False,False,,True,bear,2025-03-26 10:21:00,621,20986.0,21004.5,18.5,True,1.0,0.0,61.75,31.75,2025-03-26 14:36:00,876,20824.25,20829.75,5.5,0.0,0.0,5.0,70.75,True,2025-03-26 09:59:00,599,0.0,0.0,True,2025-03-26 10:22:00,1.0,9,36,49,294
2025-03-27,2025,3,False,False,False,False,,True,bull,2025-03-27 10:14:00,614,20760.5,20772.25,11.75,True,1.0,0.0,112.5,39.25,2025-03-27 13:16:00,796,20759.5,20770.0,10.5,1.0,0.0,26.5,57.0,True,2025-03-27 11:01:00,661,1.0,0.0,True,2025-03-27 10:15:00,1.0,12,22,39,324
2025-03-28,2025,4,False,False,False,False,,True,bear,2025-03-28 10:07:00,607,20532.25,20547.25,15.0,True,0.0,0.0,-0.75,242.5,2025-03-28 13:28:00,808,20156.75,20167.5,10.75,1.0,0.0,72.75,6.75,True,2025-03-28 14:38:00,878,1.0,0.0,True,2025-03-28 10:08:00,0.0,16,25,44,220
2025-03-30,2025,6,True,False,False,False,sunday,False,,,-1,,,,False,,,,,,-1,,,,,,,,False,,-1,,,False,,,0,0,0,0
2025-03-31,2025,0,False,False,False,False,,True,bull,2025-03-31 10:02:00,602,19801.0,19826.25,25.25,True,1.0,0.0,47.75,74.25,2025-03-31 13:09:00,789,19970.0,19983.75,13.75,1.0,0.0,77.0,71.0,True,2025-03-31 09:53:00,593,0.0,0.0,True,2025-03-31 10:03:00,1.0,16,35,50,313
2025-04-01,2025,1,False,False,False,False,,True,bear,2025-04-01 10:03:00,603,20075.25,20099.0,23.75,True,1.0,0.0,175.25,105.5,2025-04-01 13:57:00,837,20226.75,20237.5,10.75,0.0,0.0,9.0,133.25,True,2025-04-01 09:30:00,570,1.0,0.0,True,2025-04-01 10:08:00,1.0,8,24,28,320
2025-04-02,2025,2,False,False,False,False,,True,bull,2025-04-02 10:02:00,602,20261.25,20284.25,23.0,True,1.0,0.0,47.75,100.75,2025-04-02 11:20:00,680,20303.75,20318.0,14.25,0.0,0.0,121.75,10.0,True,2025-04-02 10:14:00,614,0.0,0.0,True,2025-04-02 10:03:00,1.0,16,29,51,315
2025-04-03,2025,3,False,False,False,False,,True,bear,2025-04-03 10:05:00,605,19633.75,19682.25,48.5,True,1.0,0.0,44.0,197.0,2025-04-03 14:13:00,853,19499.75,19508.75,9.0,1.0,0.0,78.0,30.0,True,2025-04-03 12:32:00,752,1.0,0.0,True,2025-04-03 10:12:00,1.0,11,20,34,290
2025-04-04,2025,4,False,False,False,True,event,False,,,-1,,,,False,,,,,,-1,,,,,,,,False,,-1,,,False,,,0,0,0,0
2025-04-06,2025,6,True,False,False,False,sunday,False,,,-1,,,,False,,,,,,-1,,,,,,,,False,,-1,,,False,,,0,0,0,0
2025-04-07,2025,0,False,False,False,False,,True,bull,2025-04-07 10:00:00,600,17915.25,17957.25,42.0,True,1.0,0.0,1088.0,110.5,2025-04-07 12:25:00,745,17973.5,18013.75,40.25,1.0,0.0,249.0,119.5,True,2025-04-07 14:37:00,877,1.0,0.0,True,2025-04-07 10:12:00,1.0,22,18,40,291
2025-04-08,2025,1,False,False,False,False,,True,bull,2025-04-08 10:00:00,600,18938.25,18956.25,18.0,True,1.0,0.0,109.5,134.75,2025-04-08 12:50:00,770,18443.0,18468.5,25.5,1.0,0.0,21.25,293.75,True,2025-04-08 12:31:00,751,0.0,0.0,True,2025-04-08 10:32:00,1.0,6,14,19,315
2025-04-09,2025,2,False,False,False,False,,True,bull,2025-04-09 10:02:00,602,18188.0,18249.75,61.75,True,1.0,0.0,47.5,344.0,2025-04-09 14:02:00,842,19586.75,19630.75,44.0,1.0,0.0,183.25,209.75,True,2025-04-09 12:56:00,776,1.0,0.0,True,2025-04-09 10:07:00,1.0,18,35,52,320
2025-04-10,2025,3,False,False,False,True,event,False,,,-1,,,,False,,,,,,-1,,,,,,,,False,,-1,,,False,,,0,0,0,0
2025-04-11,2025,4,False,False,False,False,,True,bull,2025-04-11 10:09:00,609,19222.5,19277.25,54.75,True,1.0,0.0,42.25,298.75,2025-04-11 12:29:00,749,19265.75,19277.5,11.75,0.0,0.0,198.5,31.25,True,2025-04-11 14:13:00,853,1.0,0.0,True,2025-04-11 10:13:00,1.0,12,31,44,218
2025-04-13,2025,6,True,False,False,False,sunday,False,,,-1,,,,False,,,,,,-1,,,,,,,,False,,-1,,,False,,,0,0,0,0
2025-04-14,2025,0,False,False,False,False,,True,bull,2025-04-14 10:04:00,604,19773.5,19809.0,35.5,True,1.0,0.0,58.5,98.25,2025-04-14 11:33:00,693,19664.5,19684.75,20.25,0.0,0.0,7.25,244.0,True,2025-04-14 10:52:00,652,1.0,0.0,True,2025-04-14 10:05:00,1.0,9,25,38,322
2025-04-15,2025,1,False,False,False,False,,True,bull,2025-04-15 10:13:00,613,19815.25,19837.5,22.25,True,1.0,0.0,11.0,209.25,2025-04-15 14:47:00,887,19678.5,19684.25,5.75,1.0,0.0,25.0,53.25,True,2025-04-15 14:33:00,873,1.0,0.0,True,2025-04-15 10:15:00,0.0,15,20,32,284
2025-04-16,2025,2,False,False,False,False,,True,bear,2025-04-16 10:00:00,600,19254.0,19261.5,7.5,True,1.0,0.0,145.5,14.75,2025-04-16 13:48:00,828,19087.25,19095.75,8.5,1.0,0.0,45.75,110.0,True,2025-04-16 10:38:00,638,1.0,0.0,True,2025-04-16 10:01:00,1.0,14,32,46,301
2025-04-17,2025,3,False,False,False,False,,True,bear,2025-04-17 10:05:00,605,19151.25,19171.25,20.0,True,1.0,0.0,17.25,181.25,2025-04-17 12:38:00,758,19160.5,19166.75,6.25,1.0,0.0,34.0,74.75,True,2025-04-17 11:29:00,689,1.0,0.0,True,2025-04-17 10:15:00,1.0,7,28,37,199
2025-04-20,2025,6,True,False,False,False,sunday,False,,,-1,,,,False,,,,,,-1,,,,,,,,False,,-1,,,False,,,0,0,0,0
2025-04-21,2025,0,False,False,False,False,,True,bear,2025-04-21 10:00:00,600,18720.5,18735.5,15.0,True,0.0,0.0,3.75,94.75,2025-04-21 13:35:00,815,18463.0,18475.25,12.25,1.0,0.0,28.75,52.5,True,2025-04-21 09:37:00,577,1.0,0.0,True,2025-04-21 10:01:00,0.0,10,30,42,297
2025-04-22,2025,1,False,False,False,False,,True,bull,2025-04-22 10:00:00,600,18931.0,18947.5,16.5,True,0.0,0.0,101.0,13.0,2025-04-22 13:10:00,790,19160.25,19176.25,16.0,0.0,0.0,0.25,256.5,True,2025-04-22 10:59:00,659,1.0,0.0,True,2025-04-22 10:01:00,1.0,16,23,41,305
2025-04-23,2025,2,False,False,False,False,,True,bear,2025-04-23 10:15:00,615,19776.25,19795.25,19.0,True,1.0,0.0,99.25,92.25,2025-04-23 12:22:00,742,19475.25,19482.0,6.75,0.0,0.0,205.25,14.0,True,2025-04-23 12:08:00,728,1.0,0.0,True,2025-04-23 10:17:00,1.0,13,29,37,317
2025-04-24,2025,3,False,False,False,False,,True,bull,2025-04-24 10:00:00,600,19739.75,19756.25,16.5,True,0.0,0.0,128.25,7.0,2025-04-24 12:57:00,777,19950.75,19956.25,5.5,1.0,0.0,14.25,60.25,True,2025-04-24 11:13:00,673,1.0,0.0,True,2025-04-24 10:06:00,1.0,11,24,42,304
2025-04-25,2025,4,False,False,False,False,,True,bull,2025-04-25 10:02:00,602,19988.5,20025.0,36.5,True,1.0,0.0,85.5,86.5,2025-04-25 13:09:00,789,20190.75,20200.25,9.5,1.0,0.0,61.75,118.25,True,2025-04-25 13:06:00,786,1.0,0.0,True,2025-04-25 10:08:00,1.0,12,25,37,218
2025-04-27,2025,6,True,False,False,False,sunday,False,,,-1,,,,False,,,,,,-1,,,,,,,,False,,-1,,,False,,,0,0,0,0
2025-04-28,2025,0,False,False,False,False,,True,bear,2025-04-28 10:00:00,600,20177.0,20199.0,22.0,True,1.0,0.0,74.0,32.0,2025-04-28 12:23:00,743,20003.75,20017.0,13.25,1.0,0.0,70.0,29.0,True,2025-04-28 12:57:00,777,1.0,0.0,True,2025-04-28 10:04:00,1.0,10,19,29,347
2025-04-29,2025,1,False,False,False,False,,True,bull,2025-04-29 10:03:00,603,20214.5,20238.75,24.25,True,1.0,0.0,79.0,62.25,2025-04-29 13:15:00,795,20206.25,20226.0,19.75,0.0,0.0,166.75,4.25,True,2025-04-29 14:38:00,878,1.0,0.0,True,2025-04-29 10:07:00,1.0,12,29,43,314
2025-04-30,2025,2,False,False,False,False,,True,bull,2025-04-30 10:02:00,602,19829.75,19876.0,46.25,True,1.0,0.0,196.5,36.0,2025-04-30 14:48:00,888,20191.25,20196.5,5.25,1.0,0.0,88.5,28.0,True,2025-04-30 13:28:00,808,0.0,0.0,True,2025-04-30 10:10:00,0.0,14,28,40,309
2025-05-01,2025,3,False,False,False,False,,True,bull,2025-05-01 10:15:00,615,20613.25,20630.75,17.5,True,0.0,0.0,196.25,1.75,2025-05-01 12:27:00,747,20652.5,20673.75,21.25,1.0,0.0,52.0,54.25,True,2025-05-01 11:06:00,666,1.0,0.0,True,2025-05-01 10:16:00,0.0,10,20,33,321
2025-05-02,2025,4,False,False,False,True,event,False,,,-1,,,,False,,,,,,-1,,,,,,,,False,,-1,,,False,,,0,0,0,0
2025-05-04,2025,6,True,False,False,False,sunday,False,,,-1,,,,False,,,,,,-1,,,,,,,,False,,-1,,,False,,,0,0,0,0
2025-05-05,2025,0,False,False,False,False,,True,bull,2025-05-05 10:02:00,602,20767.25,20801.5,34.25,True,1.0,0.0,12.25,97.0,2025-05-05 14:32:00,872,20870.25,20877.25,7.0,1.0,0.0,22.25,63.25,True,2025-05-05 10:40:00,640,1.0,0.0,True,2025-05-05 10:05:00,1.0,11,23,33,307
2025-05-06,2025,1,False,False,False,False,,True,bear,2025-05-06 10:01:00,601,20466.0,20475.5,9.5,True,0.0,0.0,188.0,-0.25,2025-05-06 12:23:00,743,20631.5,20648.25,16.75,1.0,0.0,23.0,62.25,True,2025-05-06 14:37:00,877,1.0,0.0,True,2025-05-06 10:03:00,0.0,12,21,31,311
2025-05-07,2025,2,False,False,False,True,event,False,,,-1,,,,False,,,,,,-1,,,,,,,,False,,-1,,,False,,,0,0,0,0
2025-05-08,2025,3,False,False,False,False,,True,bear,2025-05-08 10:00:00,600,20798.5,20814.75,16.25,True,1.0,0.0,34.25,111.0,2025-05-08 13:58:00,838,20974.5,20987.25,12.75,1.0,0.0,60.0,23.5,True,2025-05-08 10:10:00,610,1.0,0.0,True,2025-05-08 10:02:00,1.0,16,14,27,291
2025-05-09,2025,4,False,False,False,False,,True,bull,2025-05-09 10:00:00,600,20949.5,20962.75,13.25,True,1.0,0.0,20.75,196.25,2025-05-09 12:37:00,757,20811.25,20819.75,8.5,1.0,0.0,7.75,63.0,True,2025-05-09 11:59:00,719,1.0,0.0,True,2025-05-09 10:19:00,0.0,12,23,30,205
2025-05-11,2025,6,True,False,False,False,sunday,False,,,-1,,,,False,,,,,,-1,,,,,,,,False,,-1,,,False,,,0,0,0,0
2025-05-12,2025,0,False,False,False,False,,True,bull,2025-05-12 10:13:00,613,21519.25,21526.5,7.25,True,1.0,0.0,21.75,137.5,2025-05-12 14:20:00,860,21625.5,21632.5,7.0,1.0,0.0,16.0,48.0,True,2025-05-12 12:26:00,746,1.0,0.0,True,2025-05-12 10:14:00,1.0,16,27,41,325
2025-05-13,2025,1,False,False,False,True,event,False,,,-1,,,,False,,,,,,-1,,,,,,,,False,,-1,,,False,,,0,0,0,0
2025-05-14,2025,2,False,False,False,False,,True,bull,2025-05-14 10:00:00,600,22000.0,22016.0,16.0,True,1.0,0.0,39.25,33.0,2025-05-14 11:25:00,685,22063.0,22069.75,6.75,1.0,0.0,35.5,3.25,True,2025-05-14 11:15:00,675,1.0,0.0,True,2025-05-14 10:11:00,1.0,9,25,38,295
2025-05-15,2025,3,False,False,False,False,,True,bull,2025-05-15 10:02:00,602,22007.0,22023.5,16.5,True,1.0,0.0,3.0,82.0,2025-05-15 11:12:00,672,22066.5,22078.0,11.5,0.0,0.0,90.0,2.5,True,2025-05-15 11:45:00,705,1.0,0.0,True,2025-05-15 10:03:00,1.0,13,29,40,342
2025-05-16,2025,4,False,False,False,False,,True,bear,2025-05-16 10:13:00,613,22124.75,22134.25,9.5,True,1.0,0.0,40.25,96.0,2025-05-16 12:51:00,771,22129.25,22137.5,8.25,1.0,0.0,57.25,1.5,True,2025-05-16 10:31:00,631,1.0,0.0,True,2025-05-16 10:17:00,1.0,13,11,22,224
2025-05-18,2025,6,True,False,False,False,sunday,False,,,-1,,,,False,,,,,,-1,,,,,,,,False,,-1,,,False,,,0,0,0,0
2025-05-19,2025,0,False,False,False,False,,True,bull,2025-05-19 10:03:00,603,22064.75,22095.5,30.75,True,1.0,0.0,66.25,19.75,2025-05-19 11:40:00,700,22141.75,22156.75,15.0,1.0,0.0,28.25,38.0,True,2025-05-19 13:53:00,833,0.0,0.0,True,2025-05-19 10:08:00,1.0,9,33,42,318
2025-05-20,2025,1,False,False,False,False,,True,bear,2025-05-20 10:09:00,609,22095.0,22110.0,15.0,True,1.0,0.0,70.25,17.75,2025-05-20 13:51:00,831,22127.0,22135.5,8.5,1.0,0.0,24.25,76.5,True,2025-05-20 09:37:00,577,1.0,0.0,True,2025-05-20 10:17:00,1.0,10,18,31,282
2025-05-21,2025,2,False,False,False,False,,True,bear,2025-05-21 10:00:00,600,22083.75,22089.75,6.0,True,1.0,0.0,88.75,11.75,2025-05-21 14:48:00,888,21968.0,21975.0,7.0,0.0,0.0,1.75,162.25,True,2025-05-21 14:57:00,897,1.0,0.0,True,2025-05-21 10:12:00,1.0,12,29,38,335
2025-05-22,2025,3,False,False,False,False,,True,bull,2025-05-22 10:05:00,605,22009.75,22017.25,7.5,True,1.0,0.0,21.75,142.25,2025-05-22 13:57:00,837,21984.25,22003.75,19.5,1.0,0.0,42.25,27.0,True,2025-05-22 09:32:00,572,1.0,0.0,True,2025-05-22 10:08:00,0.0,14,27,39,339
2025-05-23,2025,4,False,False,False,False,,True,bull,2025-05-23 10:06:00,606,21610.75,21636.5,25.75,True,1.0,0.0,59.5,37.75,2025-05-23 14:32:00,872,21746.0,21753.25,7.25,1.0,0.0,25.0,57.75,True,2025-05-23 13:06:00,786,0.0,0.0,True,2025-05-23 10:14:00,1.0,11,28,37,248
2025-05-25,2025,6,True,False,False,False,sunday,False,,,-1,,,,False,,,,,,-1,,,,,,,,False,,-1,,,False,,,0,0,0,0
2025-05-26,2025,0,False,True,False,False,holiday,False,,,-1,,,,False,,,,,,-1,,,,,,,,False,,-1,,,False,,,0,0,0,0
2025-05-27,2025,1,False,False,False,False,,True,bull,2025-05-27 10:02:00,602,22002.25,22033.75,31.5,True,0.0,0.0,63.0,2.5,2025-05-27 13:21:00,801,22161.25,22168.25,7.0,1.0,0.0,23.25,20.25,True,2025-05-27 11:02:00,662,1.0,0.0,True,2025-05-27 10:10:00,0.0,10,20,31,295
2025-05-28,2025,2,False,False,False,False,,True,bear,2025-05-28 10:18:00,618,22170.25,22179.75,9.5,True,1.0,0.0,15.75,35.75,2025-05-28 13:25:00,805,22189.5,22196.25,6.75,1.0,0.0,21.25,24.75,True,2025-05-28 09:47:00,587,0.0,0.0,True,2025-05-28 10:23:00,1.0,9,16,24,283
2025-05-29,2025,3,False,False,False,False,,True,bear,2025-05-29 10:06:00,606,22195.5,22209.5,14.0,True,1.0,0.0,67.25,74.5,2025-05-29 11:32:00,692,22193.5,22209.5,16.0,0.0,0.0,4.5,161.25,True,2025-05-29 14:18:00,858,1.0,0.0,True,2025-05-29 10:07:00,1.0,16,26,42,323
2025-05-30,2025,4,False,False,False,False,,True,bull,2025-05-30 10:02:00,602,21978.75,22009.5,30.75,True,1.0,0.0,85.75,15.0,2025-05-30 12:41:00,761,21848.0,21855.25,7.25,1.0,0.0,60.25,75.25,True,2025-05-30 13:37:00,817,1.0,0.0,True,2025-05-30 10:03:00,0.0,12,20,38,220
2025-06-01,2025,6,True,False,False,False,sunday,False,,,-1,,,,False,,,,,,-1,,,,,,,,False,,-1,,,False,,,0,0,0,0
2025-06-02,2025,0,False,False,False,False,,True,bear,2025-06-02 10:02:00,602,21961.75,22014.0,52.25,True,1.0,0.0,165.5,6.5,2025-06-02 11:05:00,665,22091.75,22113.75,22.0,1.0,0.0,61.5,28.0,True,2025-06-02 11:11:00,671,1.0,0.0,True,2025-06-02 10:04:00,0.0,10,15,26,318
2025-06-03,2025,1,False,False,False,False,,True,bull,2025-06-03 10:02:00,602,22303.25,22318.5,15.25,True,1.0,0.0,61.0,56.5,2025-06-03 14:28:00,868,22389.5,22394.5,5.0,0.0,0.0,22.75,7.75,True,2025-06-03 10:40:00,640,0.0,0.0,True,2025-06-03 10:04:00,1.0,11,27,43,317
2025-06-04,2025,2,False,False,False,False,,True,bear,2025-06-04 10:01:00,601,22454.75,22460.0,5.25,True,1.0,0.0,45.75,82.5,2025-06-04 12:13:00,733,22430.75,22435.75,5.0,1.0,0.0,54.5,16.25,True,2025-06-04 10:39:00,639,1.0,0.0,True,2025-06-04 10:02:00,1.0,16,18,30,274
2025-06-05,2025,3,False,False,False,False,,True,bull,2025-06-05 10:02:00,602,22432.25,22446.25,14.0,True,1.0,0.0,134.5,41.0,2025-06-05 13:09:00,789,22411.5,22430.0,18.5,1.0,0.0,57.0,47.0,True,2025-06-05 14:24:00,864,1.0,0.0,True,2025-06-05 10:18:00,1.0,16,21,34,318
2025-06-06,2025,4,False,False,False,True,event,False,,,-1,,,,False,,,,,,-1,,,,,,,,False,,-1,,,False,,,0,0,0,0
2025-06-08,2025,6,True,False,False,False,sunday,False,,,-1,,,,False,,,,,,-1,,,,,,,,False,,-1,,,False,,,0,0,0,0
2025-06-09,2025,0,False,False,False,False,,True,bull,2025-06-09 10:10:00,610,22517.0,22521.25,4.25,True,0.0,0.0,68.5,3.75,2025-06-09 12:38:00,758,22553.25,22558.25,5.0,1.0,0.0,32.75,18.0,True,2025-06-09 10:22:00,622,1.0,0.0,True,2025-06-09 10:11:00,0.0,10,18,28,285
2025-06-10,2025,1,False,False,False,False,,True,bull,2025-06-10 10:02:00,602,22566.25,22574.5,8.25,True,1.0,0.0,21.5,24.25,2025-06-10 11:49:00,709,22554.25,22561.0,6.75,0.0,0.0,64.5,2.75,True,2025-06-10 11:45:00,705,0.0,0.0,True,2025-06-10 10:12:00,1.0,6,34,46,291
2025-06-11,2025,2,False,False,False,True,event,False,,,-1,,,,False,,,,,,-1,,,,,,,,False,,-1,,,False,,,0,0,0,0
2025-06-12,2025,3,False,False,False,False,,True,bear,2025-06-12 10:05:00,605,22563.75,22570.0,6.25,True,0.0,0.0,122.0,8.5,2025-06-12 11:34:00,694,22614.75,22619.5,4.75,1.0,0.0,58.5,13.0,True,2025-06-12 12:52:00,772,1.0,0.0,True,2025-06-12 10:09:00,0.0,9,25,30,318
2025-06-13,2025,4,False,False,False,False,,True,bull,2025-06-13 10:01:00,601,22434.25,22443.5,9.25,True,1.0,0.0,29.0,124.0,2025-06-13 11:49:00,709,22530.0,22534.5,4.5,1.0,0.0,28.75,27.25,True,2025-06-13 14:02:00,842,0.0,0.0,True,2025-06-13 10:12:00,1.0,16,26,41,225
2025-06-15,2025,6,True,False,False,False,sunday,False,,,-1,,,,False,,,,,,-1,,,,,,,,False,,-1,,,False,,,0,0,0,0
2025-06-16,2025,0,False,False,False,False,,True,bear,2025-06-16 10:00:00,598,22645.5,22651.25,5.75,True,1.0,0.0,55.25,8.5,2025-06-16 14:47:00,885,22647.25,22652.5,5.25,1.0,0.0,30.25,14.0,True,2025-06-16 09:30:00,568,0.0,0.0,True,2025-06-16 10:02:00,1.0,11,19,27,330
2025-06-17,2025,1,False,False,False,False,,True,bull,2025-06-17 10:08:00,608,22572.75,22581.5,8.75,True,1.0,0.0,41.25,22.25,2025-06-17 14:47:00,887,22428.25,22437.0,8.75,0.0,0.0,53.75,17.75,True,2025-06-17 10:13:00,613,1.0,0.0,True,2025-06-17 10:09:00,1.0,13,21,36,321
2025-06-18,2025,2,False,False,False,True,event,False,,,-1,,,,False,,,,,,-1,,,,,,,,False,,-1,,,False,,,0,0,0,0
2025-06-19,2025,3,False,True,False,False,holiday,False,,,-1,,,,False,,,,,,-1,,,,,,,,False,,-1,,,False,,,0,0,0,0
2025-06-20,2025,4,False,False,False,False,,True,bear,2025-06-20 10:08:00,608,22494.0,22507.75,13.75,True,1.0,0.0,11.75,216.5,2025-06-20 11:22:00,682,22355.5,22360.5,5.0,1.0,0.0,60.5,28.25,True,2025-06-20 13:18:00,798,1.0,0.0,True,2025-06-20 10:09:00,1.0,17,28,45,207
2025-06-22,2025,6,True,False,False,False,sunday,False,,,-1,,,,False,,,,,,-1,,,,,,,,False,,-1,,,False,,,0,0,0,0
2025-06-23,2025,0,False,False,False,False,,True,bull,2025-06-23 10:01:00,601,22410.75,22419.25,8.5,True,0.0,0.0,87.75,-1.25,2025-06-23 13:12:00,792,22405.5,22418.0,12.5,1.0,0.0,142.75,40.75,True,2025-06-23 10:19:00,619,1.0,0.0,True,2025-06-23 10:02:00,0.0,11,23,37,314
2025-06-24,2025,1,False,False,False,False,,True,bull,2025-06-24 10:02:00,602,22785.0,22792.25,7.25,True,1.0,0.0,51.0,34.25,2025-06-24 12:24:00,744,22870.0,22874.25,4.25,1.0,0.0,37.5,2.25,True,2025-06-24 12:04:00,724,0.0,0.0,True,2025-06-24 10:06:00,1.0,10,30,41,301
2025-06-25,2025,2,False,False,False,False,,True,bear,2025-06-25 10:04:00,604,22996.5,23006.0,9.5,True,1.0,0.0,25.25,49.5,2025-06-25 12:18:00,738,22932.0,22937.0,5.0,1.0,0.0,19.25,28.0,True,2025-06-25 11:32:00,692,1.0,0.0,True,2025-06-25 10:11:00,1.0,10,30,40,293
2025-06-26,2025,3,False,False,False,False,,True,bull,2025-06-26 10:00:00,600,23019.25,23032.5,13.25,True,1.0,0.0,53.5,6.5,2025-06-26 11:14:00,674,23077.75,23085.25,7.5,1.0,0.0,40.0,42.75,True,2025-06-26 14:07:00,847,1.0,0.0,True,2025-06-26 10:01:00,1.0,9,34,47,285
2025-06-27,2025,4,False,False,False,False,,True,bull,2025-06-27 10:02:00,602,23258.5,23282.75,24.25,True,1.0,0.0,36.75,43.75,2025-06-27 13:42:00,822,23267.0,23272.25,5.25,0.0,0.0,1.0,169.25,True,2025-06-27 15:12:00,912,1.0,0.0,True,2025-06-27 10:05:00,1.0,13,21,36,219
2025-06-29,2025,6,True,False,False,False,sunday,False,,,-1,,,,False,,,,,,-1,,,,,,,,False,,-1,,,False,,,0,0,0,0
2025-06-30,2025,0,False,False,False,False,,True,bull,2025-06-30 10:12:00,612,23326.75,23331.0,4.25,True,1.0,0.0,5.0,41.25,2025-06-30 13:48:00,828,23313.5,23316.5,3.0,1.0,0.0,25.25,42.0,True,2025-06-30 11:46:00,706,1.0,0.0,True,2025-06-30 10:13:00,1.0,10,30,45,306
2025-07-01,2025,1,False,False,False,False,,True,bear,2025-07-01 10:11:00,611,23293.0,23299.5,6.5,True,1.0,0.0,57.75,189.75,2025-07-01 14:37:00,877,23228.25,23234.75,6.5,1.0,0.0,2.75,87.0,True,2025-07-01 10:24:00,624,0.0,0.0,True,2025-07-01 10:14:00,1.0,16,27,44,314
2025-07-02,2025,2,False,False,False,False,,True,bull,2025-07-02 10:02:00,602,23209.25,23214.0,4.75,True,0.0,0.0,113.5,4.75,2025-07-02 12:50:00,770,23326.25,23331.75,5.5,1.0,0.0,10.5,29.25,True,2025-07-02 10:27:00,627,1.0,0.0,True,2025-07-02 10:05:00,0.0,11,22,37,311
2025-07-03,2025,3,False,False,True,True,early_close,False,,,-1,,,,False,,,,,,-1,,,,,,,,False,,-1,,,False,,,0,0,0,0
2025-07-04,2025,4,False,True,False,False,holiday,False,,,-1,,,,False,,,,,,-1,,,,,,,,False,,-1,,,False,,,0,0,0,0
2025-07-06,2025,6,True,False,False,False,sunday,False,,,-1,,,,False,,,,,,-1,,,,,,,,False,,-1,,,False,,,0,0,0,0
2025-07-07,2025,0,False,False,False,False,,True,bear,2025-07-07 10:01:00,601,23438.75,23452.75,14.0,True,1.0,0.0,25.75,54.5,2025-07-07 12:40:00,760,23395.75,23410.25,14.5,1.0,0.0,28.25,55.75,True,2025-07-07 10:53:00,653,1.0,0.0,True,2025-07-07 10:02:00,1.0,16,21,37,303
2025-07-08,2025,1,False,False,False,False,,True,bear,2025-07-08 10:00:00,600,23392.5,23401.25,8.75,True,1.0,0.0,61.25,40.5,2025-07-08 11:22:00,682,23374.75,23382.25,7.5,1.0,0.0,62.25,20.25,True,2025-07-08 14:21:00,861,0.0,0.0,True,2025-07-08 10:26:00,1.0,13,18,29,308
2025-07-09,2025,2,False,False,False,False,,True,bull,2025-07-09 10:01:00,601,23574.75,23580.0,5.25,True,1.0,0.0,8.75,175.25,2025-07-09 11:23:00,683,23448.5,23456.25,7.75,1.0,0.0,19.75,33.25,True,2025-07-09 14:20:00,860,1.0,0.0,True,2025-07-09 10:02:00,0.0,12,35,48,323
2025-07-10,2025,3,False,False,False,False,,True,bear,2025-07-10 10:06:00,606,23414.75,23426.25,11.5,True,1.0,0.0,72.0,13.5,2025-07-10 11:34:00,694,23486.25,23491.5,5.25,1.0,0.0,33.25,29.0,True,2025-07-10 12:47:00,767,1.0,0.0,True,2025-07-10 10:10:00,1.0,12,22,35,307
2025-07-11,2025,4,False,False,False,False,,True,bull,2025-07-11 10:12:00,612,23447.5,23452.0,4.5,True,1.0,0.0,48.0,22.0,2025-07-11 11:32:00,692,23444.0,23452.0,8.0,0.0,0.0,52.75,5.5,True,2025-07-11 11:40:00,700,1.0,0.0,True,2025-07-11 10:14:00,1.0,10,30,45,227
2025-07-13,2025,6,True,False,False,False,sunday,False,,,-1,,,,False,,,,,,-1,,,,,,,,False,,-1,,,False,,,0,0,0,0
2025-07-14,2025,0,False,False,False,False,,True,bull,2025-07-14 10:18:00,618,23441.75,23447.25,5.5,True,1.0,0.0,62.25,37.25,2025-07-14 13:33:00,813,23545.25,23553.0,7.75,1.0,0.0,4.5,26.25,True,2025-07-14 10:22:00,622,1.0,0.0,True,2025-07-14 10:19:00,1.0,12,22,34,289
2025-07-15,2025,1,False,False,False,True,event,False,,,-1,,,,False,,,,,,-1,,,,,,,,False,,-1,,,False,,,0,0,0,0
2025-07-16,2025,2,False,False,False,False,,True,bear,2025-07-16 10:08:00,608,23446.25,23464.5,18.25,True,1.0,0.0,81.75,1.75,2025-07-16 13:16:00,796,23550.5,23556.0,5.5,1.0,0.0,12.5,31.75,True,2025-07-16 09:51:00,591,1.0,0.0,True,2025-07-16 10:10:00,1.0,13,22,34,292
2025-07-17,2025,3,False,False,False,False,,True,bull,2025-07-17 10:02:00,602,23645.75,23654.5,8.75,True,1.0,0.0,38.75,56.25,2025-07-17 14:18:00,858,23736.0,23740.5,4.5,0.0,0.0,25.5,6.0,True,2025-07-17 11:41:00,701,0.0,0.0,True,2025-07-17 10:03:00,1.0,13,26,45,295
2025-07-18,2025,4,False,False,False,False,,True,bull,2025-07-18 10:02:00,602,23753.5,23760.25,6.75,True,0.0,0.0,4.75,79.5,2025-07-18 13:50:00,830,23693.25,23698.5,5.25,1.0,0.0,22.5,16.25,True,2025-07-18 11:18:00,678,1.0,0.0,True,2025-07-18 10:05:00,1.0,14,22,29,198
2025-07-20,2025,6,True,False,False,False,sunday,False,,,-1,,,,False,,,,,,-1,,,,,,,,False,,-1,,,False,,,0,0,0,0
2025-07-21,2025,0,False,False,False,False,,True,bear,2025-07-21 10:00:00,600,23869.25,23871.75,2.5,True,0.0,0.0,49.5,-0.75,2025-07-21 13:37:00,817,23911.75,23914.75,3.0,1.0,0.0,3.5,16.75,True,2025-07-21 14:01:00,841,1.0,0.0,True,2025-07-21 10:02:00,1.0,6,23,30,279
2025-07-22,2025,1,False,False,False,False,,True,bull,2025-07-22 10:06:00,606,23623.5,23628.0,4.5,True,0.0,0.0,87.5,6.75,2025-07-22 12:19:00,739,23709.75,23715.25,5.5,1.0,0.0,3.0,61.75,True,2025-07-22 13:30:00,810,1.0,0.0,True,2025-07-22 10:07:00,0.0,13,27,37,301
2025-07-23,2025,2,False,False,False,False,,True,bear,2025-07-23 10:01:00,601,23659.5,23676.25,16.75,True,1.0,0.0,59.25,11.75,2025-07-23 12:22:00,742,23712.75,23720.25,7.5,1.0,0.0,27.25,18.75,True,2025-07-23 09:58:00,598,1.0,0.0,True,2025-07-23 10:03:00,1.0,12,17,31,278
2025-07-24,2025,3,False,False,False,False,,True,bear,2025-07-24 10:02:00,602,23845.0,23854.0,9.0,True,1.0,0.0,37.25,52.75,2025-07-24 12:13:00,733,23852.5,23858.0,5.5,1.0,0.0,64.5,18.5,True,2025-07-24 11:30:00,690,1.0,0.0,True,2025-07-24 10:07:00,1.0,10,22,32,283
2025-07-25,2025,4,False,False,False,False,,True,bull,2025-07-25 10:02:00,602,23886.0,23896.0,10.0,True,1.0,0.0,21.25,18.25,2025-07-25 14:44:00,884,23946.5,23950.0,3.5,1.0,0.0,3.5,21.0,True,2025-07-25 12:55:00,775,1.0,0.0,True,2025-07-25 10:12:00,1.0,10,27,33,208
2025-07-27,2025,6,True,False,False,False,sunday,False,,,-1,,,,False,,,,,,-1,,,,,,,,False,,-1,,,False,,,0,0,0,0
2025-07-28,2025,0,False,False,False,False,,True,bull,2025-07-28 10:00:00,600,24002.75,24008.75,6.0,True,1.0,0.0,8.0,47.5,2025-07-28 13:42:00,822,23973.5,23978.25,4.75,0.0,0.0,1.75,44.25,True,2025-07-28 11:07:00,667,1.0,0.0,True,2025-07-28 10:05:00,1.0,9,25,30,288
2025-07-29,2025,1,False,False,False,False,,True,bear,2025-07-29 10:03:00,603,24070.5,24078.75,8.25,True,1.0,0.0,11.25,60.5,2025-07-29 14:58:00,898,23970.0,23976.0,6.0,1.0,0.0,11.5,53.25,True,2025-07-29 14:22:00,862,1.0,0.0,True,2025-07-29 10:05:00,1.0,15,23,39,303
2025-07-30,2025,2,False,False,False,True,event,False,,,-1,,,,False,,,,,,-1,,,,,,,,False,,-1,,,False,,,0,0,0,0
2025-07-31,2025,3,False,False,False,False,,True,bear,2025-07-31 10:01:00,601,24167.25,24182.5,15.25,True,1.0,0.0,26.75,160.75,2025-07-31 13:27:00,807,23969.5,23990.75,21.25,1.0,0.0,25.25,164.75,True,2025-07-31 13:26:00,806,0.0,0.0,True,2025-07-31 10:06:00,1.0,13,34,52,315
2025-08-01,2025,4,False,False,False,True,event,False,,,-1,,,,False,,,,,,-1,,,,,,,,False,,-1,,,False,,,0,0,0,0
2025-08-03,2025,6,True,False,False,False,sunday,False,,,-1,,,,False,,,,,,-1,,,,,,,,False,,-1,,,False,,,0,0,0,0
2025-08-04,2025,0,False,False,False,False,,True,bull,2025-08-04 10:00:00,600,23730.5,23739.25,8.75,True,1.0,0.0,18.25,52.0,2025-08-04 11:52:00,712,23714.0,23723.0,9.0,0.0,0.0,49.25,2.75,True,2025-08-04 14:06:00,846,1.0,0.0,True,2025-08-04 10:10:00,1.0,16,17,39,297
2025-08-05,2025,1,False,False,False,False,,True,bear,2025-08-05 10:02:00,602,23850.25,23867.25,17.0,True,0.0,0.0,20.25,198.25,2025-08-05 11:24:00,684,23675.5,23680.25,4.75,1.0,0.0,32.25,65.25,True,2025-08-05 10:44:00,644,1.0,0.0,True,2025-08-05 10:06:00,0.0,21,27,48,315
2025-08-06,2025,2,False,False,False,False,,True,bull,2025-08-06 10:04:00,604,23719.5,23736.0,16.5,True,1.0,0.0,44.0,86.0,2025-08-06 11:52:00,712,23840.75,23853.0,12.25,1.0,0.0,21.5,22.25,True,2025-08-06 13:36:00,816,1.0,0.0,True,2025-08-06 10:06:00,1.0,17,29,46,301
2025-08-07,2025,3,False,False,False,False,,True,bear,2025-08-07 10:03:00,603,24131.75,24148.0,16.25,True,0.0,0.0,17.75,128.0,2025-08-07 14:03:00,843,23899.25,23912.75,13.5,1.0,0.0,23.5,76.25,True,2025-08-07 12:03:00,723,1.0,0.0,True,2025-08-07 10:26:00,1.0,5,25,31,311
2025-08-08,2025,4,False,False,False,False,,True,bull,2025-08-08 10:08:00,608,24143.25,24150.5,7.25,True,1.0,0.0,46.5,30.25,2025-08-08 14:49:00,889,24199.5,24204.75,5.25,1.0,0.0,9.25,34.0,True,2025-08-08 13:11:00,791,1.0,0.0,True,2025-08-08 10:11:00,1.0,13,28,42,219
2025-08-10,2025,6,True,False,False,False,sunday,False,,,-1,,,,False,,,,,,-1,,,,,,,,False,,-1,,,False,,,0,0,0,0
2025-08-11,2025,0,False,False,False,False,,True,bear,2025-08-11 10:05:00,605,24229.0,24238.5,9.5,True,1.0,0.0,41.25,8.25,2025-08-11 13:26:00,806,24227.75,24232.25,4.5,1.0,0.0,8.75,52.5,True,2025-08-11 13:27:00,807,0.0,0.0,True,2025-08-11 10:12:00,1.0,8,25,32,301
2025-08-12,2025,1,False,False,False,True,event,False,,,-1,,,,False,,,,,,-1,,,,,,,,False,,-1,,,False,,,0,0,0,0
2025-08-13,2025,2,False,False,False,False,,True,bear,2025-08-13 10:02:00,602,24497.75,24511.25,13.5,True,1.0,0.0,15.0,68.25,2025-08-13 13:33:00,813,24420.75,24432.25,11.5,1.0,0.0,32.0,21.5,True,2025-08-13 09:57:00,597,0.0,0.0,True,2025-08-13 10:07:00,1.0,9,23,34,279
2025-08-14,2025,3,False,False,False,False,,True,bull,2025-08-14 10:01:00,600,24421.25,24429.75,8.5,True,1.0,0.0,68.75,34.25,2025-08-14 12:46:00,765,24392.0,24399.25,7.25,0.0,0.0,74.0,5.0,True,2025-08-14 14:50:00,889,1.0,0.0,True,2025-08-14 10:17:00,0.0,14,23,38,330
2025-08-15,2025,4,False,False,False,False,,True,bull,2025-08-15 10:03:00,603,24295.0,24321.75,26.75,True,1.0,0.0,53.25,42.5,2025-08-15 13:08:00,788,24308.25,24311.75,3.5,1.0,0.0,28.0,33.5,True,2025-08-15 15:12:00,912,1.0,0.0,True,2025-08-15 10:16:00,0.0,8,24,31,219
2025-08-17,2025,6,True,False,False,False,sunday,False,,,-1,,,,False,,,,,,-1,,,,,,,,False,,-1,,,False,,,0,0,0,0
2025-08-18,2025,0,False,False,False,False,,True,bear,2025-08-18 10:00:00,600,24243.0,24245.0,2.0,True,1.0,0.0,75.25,30.0,2025-08-18 12:38:00,758,24241.5,24253.75,12.25,1.0,0.0,59.75,17.75,True,2025-08-18 09:51:00,591,1.0,0.0,True,2025-08-18 10:05:00,1.0,17,18,34,325
2025-08-19,2025,1,False,False,False,False,,True,bull,2025-08-19 10:05:00,605,24173.5,24184.5,11.0,True,1.0,0.0,7.0,207.25,2025-08-19 13:15:00,795,23954.75,23960.0,5.25,1.0,0.0,42.5,29.75,True,2025-08-19 13:15:00,795,1.0,0.0,True,2025-08-19 10:06:00,0.0,14,22,29,285
2025-08-20,2025,2,False,False,False,False,,True,bear,2025-08-20 10:06:00,606,23665.0,23693.0,28.0,True,0.0,0.0,13.25,108.75,2025-08-20 12:42:00,762,23756.0,23761.5,5.5,1.0,0.0,44.0,36.0,True,2025-08-20 13:57:00,837,1.0,0.0,True,2025-08-20 10:07:00,1.0,6,22,39,307
2025-08-21,2025,3,False,False,False,False,,True,bull,2025-08-21 10:03:00,603,23711.5,23722.25,10.75,True,0.0,0.0,90.5,14.75,2025-08-21 13:30:00,810,23636.25,23640.25,4.0,0.0,0.0,78.0,5.5,True,2025-08-21 14:58:00,898,1.0,0.0,True,2025-08-21 10:04:00,1.0,11,33,43,330
2025-08-22,2025,4,False,False,False,False,,True,bull,2025-08-22 10:02:00,601,23762.5,23952.75,190.25,True,0.0,0.0,166.5,2.5,2025-08-22 13:25:00,804,24086.75,24095.0,8.25,1.0,0.0,24.0,13.75,True,2025-08-22 12:24:00,743,1.0,0.0,True,2025-08-22 10:03:00,0.0,15,24,40,231
2025-08-24,2025,6,True,False,False,False,sunday,False,,,-1,,,,False,,,,,,-1,,,,,,,,False,,-1,,,False,,,0,0,0,0
2025-08-25,2025,0,False,False,False,False,,True,bull,2025-08-25 10:06:00,606,24022.5,24034.25,11.75,True,1.0,0.0,46.25,21.25,2025-08-25 13:45:00,825,24064.25,24066.5,2.25,1.0,0.0,15.0,23.25,True,2025-08-25 14:58:00,898,1.0,0.0,True,2025-08-25 10:12:00,1.0,10,15,32,279
2025-08-26,2025,1,False,False,False,False,,True,bull,2025-08-26 10:16:00,616,23991.5,23998.5,7.0,True,0.0,0.0,49.25,0.25,2025-08-26 14:36:00,876,24031.75,24035.0,3.25,1.0,0.0,38.25,5.5,True,2025-08-26 09:33:00,573,1.0,0.0,True,2025-08-26 10:18:00,1.0,6,26,38,293
2025-08-27,2025,2,False,False,False,False,,True,bull,2025-08-27 10:07:00,607,24029.5,24040.5,11.0,True,1.0,0.0,67.25,4.5,2025-08-27 13:53:00,833,24110.5,24113.75,3.25,1.0,0.0,37.75,6.5,True,2025-08-27 11:24:00,684,1.0,0.0,True,2025-08-27 10:15:00,0.0,13,25,38,319
2025-08-28,2025,3,False,False,False,False,,True,bull,2025-08-28 10:08:00,608,24128.0,24146.25,18.25,True,1.0,0.0,77.75,28.25,2025-08-28 14:42:00,882,24271.75,24275.0,3.25,1.0,0.0,17.0,11.75,True,2025-08-28 12:22:00,742,1.0,0.0,True,2025-08-28 10:23:00,1.0,11,24,36,309
2025-08-29,2025,4,False,False,False,False,,True,bear,2025-08-29 10:05:00,605,23992.25,24016.5,24.25,True,1.0,0.0,34.0,66.25,2025-08-29 13:17:00,797,23904.25,23913.0,8.75,0.0,0.0,66.25,12.75,True,2025-08-29 11:31:00,691,0.0,0.0,True,2025-08-29 10:06:00,1.0,11,19,34,229
2025-08-31,2025,6,True,False,False,False,sunday,False,,,-1,,,,False,,,,,,-1,,,,,,,,False,,-1,,,False,,,0,0,0,0
2025-09-01,2025,0,False,True,False,False,holiday,False,,,-1,,,,False,,,,,,-1,,,,,,,,False,,-1,,,False,,,0,0,0,0
2025-09-02,2025,1,False,False,False,False,,True,bull,2025-09-02 10:02:00,602,23728.75,23739.25,10.5,True,1.0,0.0,17.25,118.25,2025-09-02 14:32:00,872,23661.0,23671.0,10.0,1.0,0.0,82.0,21.5,True,2025-09-02 10:35:00,635,0.0,0.0,True,2025-09-02 10:19:00,1.0,10,25,35,326
2025-09-03,2025,2,False,False,False,False,,True,bull,2025-09-03 10:02:00,602,23882.5,23907.5,25.0,True,1.0,0.0,111.75,30.5,2025-09-03 11:52:00,712,23919.75,23923.0,3.25,1.0,0.0,27.75,44.75,True,2025-09-03 10:32:00,632,1.0,0.0,True,2025-09-03 10:05:00,1.0,11,19,30,326
2025-09-04,2025,3,False,False,False,False,,True,bear,2025-09-04 10:04:00,604,23950.25,23961.25,11.0,True,1.0,0.0,94.75,29.25,2025-09-04 14:46:00,886,24102.75,24106.0,3.25,0.0,0.0,34.5,3.75,True,2025-09-04 12:29:00,749,1.0,0.0,True,2025-09-04 10:05:00,1.0,16,19,31,345
2025-09-05,2025,4,False,False,False,True,event,False,,,-1,,,,False,,,,,,-1,,,,,,,,False,,-1,,,False,,,0,0,0,0
2025-09-07,2025,6,True,False,False,False,sunday,False,,,-1,,,,False,,,,,,-1,,,,,,,,False,,-1,,,False,,,0,0,0,0
2025-09-08,2025,0,False,False,False,False,,True,bear,2025-09-08 10:00:00,600,24347.25,24365.75,18.5,True,1.0,0.0,41.75,40.0,2025-09-08 14:40:00,880,24295.0,24302.5,7.5,1.0,0.0,13.5,37.75,True,2025-09-08 13:53:00,833,1.0,0.0,True,2025-09-08 10:20:00,0.0,11,26,36,327
2025-09-09,2025,1,False,False,False,False,,True,bull,2025-09-09 10:09:00,609,24299.25,24312.0,12.75,True,1.0,0.0,32.75,92.0,2025-09-09 11:14:00,674,24265.25,24272.0,6.75,1.0,0.0,53.25,24.25,True,2025-09-09 12:12:00,732,1.0,0.0,True,2025-09-09 10:11:00,1.0,11,31,39,312
2025-09-10,2025,2,False,False,False,False,,True,bull,2025-09-10 10:02:00,602,24424.25,24441.25,17.0,True,1.0,0.0,39.25,6.75,2025-09-10 13:36:00,816,24385.0,24390.25,5.25,1.0,0.0,12.75,50.75,True,2025-09-10 15:20:00,920,1.0,0.0,True,2025-09-10 10:03:00,1.0,6,17,21,294
2025-09-11,2025,3,False,False,False,True,event,False,,,-1,,,,False,,,,,,-1,,,,,,,,False,,-1,,,False,,,0,0,0,0
2025-09-12,2025,4,False,False,False,False,,True,bull,2025-09-12 10:05:00,605,24540.0,24542.5,2.5,True,1.0,0.0,66.0,23.0,2025-09-12 14:54:00,894,24633.5,24641.25,7.75,1.0,0.0,8.25,63.25,True,2025-09-12 14:41:00,881,1.0,0.0,True,2025-09-12 10:14:00,1.0,9,26,34,213
2025-09-14,2025,6,True,False,False,False,sunday,False,,,-1,,,,False,,,,,,-1,,,,,,,,False,,-1,,,False,,,0,0,0,0
2025-09-15,2025,0,False,False,False,False,,True,bull,2025-09-15 10:01:00,597,24753.75,24757.0,3.25,True,1.0,0.0,13.25,28.0,2025-09-15 14:06:00,842,24782.0,24785.5,3.5,1.0,0.0,3.5,41.75,True,2025-09-15 13:50:00,826,1.0,0.0,True,2025-09-15 10:09:00,1.0,8,31,45,363
2025-09-16,2025,1,False,False,False,False,,True,bear,2025-09-16 10:12:00,612,24799.0,24800.75,1.75,True,1.0,0.0,23.0,27.25,2025-09-16 11:30:00,690,24776.5,24782.0,5.5,1.0,0.0,11.0,17.75,True,2025-09-16 11:26:00,686,1.0,0.0,True,2025-09-16 10:19:00,1.0,9,27,39,324
2025-09-17,2025,2,False,False,False,True,event,False,,,-1,,,,False,,,,,,-1,,,,,,,,False,,-1,,,False,,,0,0,0,0
2025-09-18,2025,3,False,False,False,False,,True,bull,2025-09-18 10:01:00,601,24936.5,24953.5,17.0,True,0.0,0.0,109.0,6.25,2025-09-18 11:21:00,681,25058.5,25063.0,4.5,1.0,0.0,6.0,85.75,True,2025-09-18 13:02:00,782,1.0,0.0,True,2025-09-18 10:04:00,0.0,18,30,44,345
2025-09-19,2025,4,False,False,False,False,,True,bear,2025-09-19 10:11:00,611,25043.5,25054.25,10.75,True,1.0,0.0,18.0,58.5,2025-09-19 14:27:00,867,25063.75,25066.25,2.5,1.0,0.0,49.25,2.25,True,2025-09-19 13:05:00,785,1.0,0.0,True,2025-09-19 10:19:00,1.0,10,23,32,244
2025-09-21,2025,6,True,False,False,False,sunday,False,,,-1,,,,False,,,,,,-1,,,,,,,,False,,-1,,,False,,,0,0,0,0
2025-09-22,2025,0,False,False,False,False,,True,bull,2025-09-22 10:08:00,607,25132.25,25141.75,9.5,True,1.0,0.0,52.5,30.25,2025-09-22 14:58:00,897,25262.25,25265.5,3.25,1.0,0.0,14.75,22.75,True,2025-09-22 13:23:00,802,1.0,0.0,True,2025-09-22 10:12:00,1.0,13,26,41,305
2025-09-23,2025,1,False,False,False,False,,True,bull,2025-09-23 10:07:00,607,25197.25,25210.25,13.0,True,1.0,0.0,21.5,21.5,2025-09-23 14:45:00,885,25063.25,25067.0,3.75,1.0,0.0,28.0,26.5,True,2025-09-23 15:20:00,920,1.0,0.0,True,2025-09-23 10:09:00,1.0,11,23,34,324
2025-09-24,2025,2,False,False,False,False,,True,bull,2025-09-24 10:05:00,605,25072.0,25085.0,13.0,True,1.0,0.0,2.25,60.5,2025-09-24 12:19:00,739,24900.0,24907.25,7.25,0.0,0.0,79.75,6.0,True,2025-09-24 13:29:00,809,1.0,0.0,True,2025-09-24 10:07:00,1.0,11,31,38,319
2025-09-25,2025,3,False,False,False,False,,True,bull,2025-09-25 10:03:00,603,24710.25,24744.25,34.0,True,0.0,0.0,169.0,5.5,2025-09-25 14:19:00,859,24804.0,24814.5,10.5,1.0,0.0,78.75,7.5,True,2025-09-25 14:40:00,880,1.0,0.0,True,2025-09-25 10:06:00,0.0,15,28,42,359
2025-09-26,2025,4,False,False,False,False,,True,bull,2025-09-26 10:02:00,602,24962.75,24978.0,15.25,True,0.0,0.0,0.5,209.5,2025-09-26 14:57:00,897,24969.75,24974.0,4.25,1.0,0.0,13.75,21.25,True,2025-09-26 10:42:00,642,1.0,0.0,True,2025-09-26 10:04:00,0.0,16,29,41,258
2025-09-28,2025,6,True,False,False,False,sunday,False,,,-1,,,,False,,,,,,-1,,,,,,,,False,,-1,,,False,,,0,0,0,0
2025-09-29,2025,0,False,False,False,False,,True,bull,2025-09-29 10:07:00,607,25184.0,25187.75,3.75,True,1.0,0.0,34.25,23.75,2025-09-29 13:53:00,833,25085.0,25093.0,8.0,1.0,0.0,23.5,12.25,True,2025-09-29 14:06:00,846,1.0,0.0,True,2025-09-29 10:08:00,1.0,12,21,32,313
2025-09-30,2025,1,False,False,False,False,,True,bull,2025-09-30 10:00:00,600,25024.75,25032.75,8.0,True,1.0,0.0,73.75,38.5,2025-09-30 13:48:00,828,25019.0,25024.0,5.0,1.0,0.0,78.0,10.25,True,2025-09-30 13:52:00,832,1.0,0.0,True,2025-09-30 10:01:00,1.0,12,22,38,308
2025-10-01,2025,2,False,False,False,False,,True,bear,2025-10-01 10:00:00,600,25041.25,25057.5,16.25,True,1.0,0.0,136.0,34.75,2025-10-01 12:22:00,742,25188.75,25193.25,4.5,1.0,0.0,52.75,3.5,True,2025-10-01 15:13:00,913,1.0,0.0,True,2025-10-01 10:05:00,1.0,11,15,22,296
2025-10-02,2025,3,False,False,False,False,,True,bull,2025-10-02 10:00:00,600,25289.75,25313.0,23.25,True,1.0,0.0,28.75,69.0,2025-10-02 13:42:00,822,25345.75,25352.5,6.75,1.0,0.0,18.5,17.5,True,2025-10-02 11:08:00,668,1.0,0.0,True,2025-10-02 10:06:00,1.0,8,26,32,275
2025-10-03,2025,4,False,False,False,True,event,False,,,-1,,,,False,,,,,,-1,,,,,,,,False,,-1,,,False,,,0,0,0,0
2025-10-05,2025,6,True,False,False,False,sunday,False,,,-1,,,,False,,,,,,-1,,,,,,,,False,,-1,,,False,,,0,0,0,0
2025-10-06,2025,0,False,False,False,False,,True,bear,2025-10-06 10:10:00,610,25416.75,25421.5,4.75,True,1.0,0.0,35.75,40.75,2025-10-06 14:07:00,847,25486.75,25487.75,1.0,1.0,0.0,22.5,11.5,True,2025-10-06 12:36:00,756,1.0,0.0,True,2025-10-06 10:14:00,1.0,10,19,28,297
2025-10-07,2025,1,False,False,False,False,,True,bear,2025-10-07 10:00:00,600,25497.75,25506.25,8.5,True,1.0,0.0,16.25,86.25,2025-10-07 13:19:00,799,25299.25,25304.25,5.0,1.0,0.0,22.25,51.75,True,2025-10-07 15:12:00,912,1.0,0.0,True,2025-10-07 10:04:00,1.0,10,25,33,310
2025-10-08,2025,2,False,False,False,False,,True,bull,2025-10-08 10:02:00,602,25436.75,25444.0,7.25,True,1.0,0.0,24.25,34.0,2025-10-08 12:12:00,732,25513.0,25519.25,6.25,1.0,0.0,11.0,31.75,True,2025-10-08 10:28:00,628,1.0,0.0,True,2025-10-08 10:10:00,1.0,9,24,44,290
2025-10-09,2025,3,False,False,False,False,,True,bear,2025-10-09 10:01:00,601,25536.0,25538.0,2.0,True,1.0,0.0,16.25,79.0,2025-10-09 13:44:00,824,25455.0,25459.0,4.0,1.0,0.0,44.75,7.25,True,2025-10-09 09:53:00,593,1.0,0.0,True,2025-10-09 10:05:00,1.0,11,23,32,306
2025-10-10,2025,4,False,False,False,False,,True,bear,2025-10-10 10:03:00,603,25600.0,25612.0,12.0,True,1.0,0.0,13.25,351.0,2025-10-10 11:02:00,662,25365.0,25451.0,86.0,0.0,0.0,25.25,405.5,True,2025-10-10 11:49:00,709,0.0,0.0,True,2025-10-10 10:15:00,1.0,11,29,40,222
2025-10-12,2025,6,True,False,False,False,sunday,False,,,-1,,,,False,,,,,,-1,,,,,,,,False,,-1,,,False,,,0,0,0,0
2025-10-13,2025,0,False,False,False,False,,True,bull,2025-10-13 10:06:00,606,25141.5,25160.5,19.0,True,1.0,0.0,5.0,164.5,2025-10-13 11:47:00,707,25113.75,25125.5,11.75,1.0,0.0,60.5,20.75,True,2025-10-13 11:17:00,677,0.0,0.0,True,2025-10-13 10:21:00,1.0,10,26,40,306
2025-10-14,2025,1,False,False,False,False,,True,bull,2025-10-14 10:06:00,606,24838.0,24849.0,11.0,True,1.0,0.0,176.0,13.25,2025-10-14 11:46:00,706,25020.25,25033.75,13.5,1.0,0.0,129.25,29.25,True,2025-10-14 11:03:00,663,1.0,0.0,True,2025-10-14 10:14:00,1.0,12,29,46,355
2025-10-15,2025,2,False,False,False,False,,True,bull,2025-10-15 10:02:00,602,25278.0,25287.5,9.5,True,0.0,0.0,84.0,11.5,2025-10-15 13:46:00,826,25086.75,25094.0,7.25,0.0,0.0,86.5,19.25,True,2025-10-15 13:52:00,832,1.0,0.0,True,2025-10-15 10:07:00,0.0,6,30,40,324
2025-10-16,2025,3,False,False,False,False,,True,bear,2025-10-16 10:13:00,613,25287.75,25311.25,23.5,True,1.0,0.0,154.75,3.0,2025-10-16 14:05:00,845,25081.75,25096.25,14.5,0.0,0.0,18.0,151.0,True,2025-10-16 11:28:00,688,1.0,0.0,True,2025-10-16 10:17:00,1.0,13,39,51,319
2025-10-17,2025,4,False,False,False,False,,True,bear,2025-10-17 10:00:00,600,25100.0,25117.75,17.75,True,1.0,0.0,138.5,73.25,2025-10-17 12:20:00,740,25169.25,25184.0,14.75,1.0,0.0,61.25,83.0,True,2025-10-17 10:36:00,636,1.0,0.0,True,2025-10-17 10:01:00,1.0,17,17,31,208
2025-10-19,2025,6,True,False,False,False,sunday,False,,,-1,,,,False,,,,,,-1,,,,,,,,False,,-1,,,False,,,0,0,0,0
2025-10-20,2025,0,False,False,False,False,,True,bear,2025-10-20 10:16:00,616,25494.5,25502.75,8.25,True,1.0,0.0,94.75,12.5,2025-10-20 14:47:00,887,25573.5,25578.25,4.75,1.0,0.0,27.25,12.25,True,2025-10-20 14:23:00,863,1.0,0.0,True,2025-10-20 10:24:00,0.0,8,17,20,292
2025-10-21,2025,1,False,False,False,False,,True,bear,2025-10-21 10:02:00,602,25481.75,25491.25,9.5,True,1.0,0.0,78.5,22.0,2025-10-21 13:03:00,783,25525.5,25533.5,8.0,1.0,0.0,58.5,9.0,True,2025-10-21 10:30:00,630,1.0,0.0,True,2025-10-21 10:07:00,1.0,16,20,33,301
2025-10-22,2025,2,False,False,False,False,,True,bull,2025-10-22 10:02:00,602,25516.25,25526.5,10.25,True,0.0,0.0,5.5,221.75,2025-10-22 14:07:00,847,25140.75,25158.25,17.5,1.0,0.0,105.75,77.0,True,2025-10-22 12:54:00,774,1.0,0.0,True,2025-10-22 10:04:00,1.0,16,25,36,315
2025-10-23,2025,3,False,False,False,False,,True,bear,2025-10-23 10:12:00,612,25373.0,25381.5,8.5,True,1.0,0.0,82.0,32.5,2025-10-23 14:36:00,876,25525.5,25529.0,3.5,1.0,0.0,24.5,3.75,True,2025-10-23 11:45:00,705,0.0,0.0,True,2025-10-23 10:14:00,1.0,16,17,30,296
2025-10-24,2025,4,False,False,False,True,event,False,,,-1,,,,False,,,,,,-1,,,,,,,,False,,-1,,,False,,,0,0,0,0
2025-10-26,2025,6,True,False,False,False,sunday,False,,,-1,,,,False,,,,,,-1,,,,,,,,False,,-1,,,False,,,0,0,0,0
2025-10-27,2025,0,False,False,False,False,,True,bull,2025-10-27 10:05:00,605,26116.25,26123.0,6.75,True,1.0,0.0,25.5,43.5,2025-10-27 14:41:00,881,26183.25,26185.25,2.0,1.0,0.0,17.5,8.25,True,2025-10-27 12:51:00,771,1.0,0.0,True,2025-10-27 10:12:00,1.0,6,26,32,273
2025-10-28,2025,1,False,False,False,False,,True,bear,2025-10-28 10:17:00,617,26321.75,26322.75,1.0,True,1.0,0.0,8.75,51.25,2025-10-28 11:43:00,703,26296.75,26299.5,2.75,1.0,0.0,106.5,9.0,True,2025-10-28 09:37:00,577,1.0,0.0,True,2025-10-28 10:25:00,1.0,7,17,25,315
2025-10-29,2025,2,False,False,False,True,event,False,,,-1,,,,False,,,,,,-1,,,,,,,,False,,-1,,,False,,,0,0,0,0
2025-10-30,2025,3,False,False,False,False,,True,bear,2025-10-30 10:10:00,610,26357.25,26383.25,26.0,True,1.0,0.0,25.5,113.5,2025-10-30 12:36:00,756,26310.0,26319.25,9.25,1.0,0.0,33.5,48.0,True,2025-10-30 13:13:00,793,1.0,0.0,True,2025-10-30 10:18:00,1.0,8,32,48,378
2025-10-31,2025,4,False,False,False,False,,True,bull,2025-10-31 10:08:00,608,26343.75,26353.0,9.25,True,1.0,0.0,85.5,36.5,2025-10-31 14:41:00,881,26253.75,26269.25,15.5,1.0,0.0,105.25,42.25,True,2025-10-31 14:41:00,881,1.0,0.0,True,2025-10-31 10:23:00,0.0,6,21,31,212
2025-11-02,2025,6,True,False,False,False,sunday,False,,,-1,,,,False,,,,,,-1,,,,,,,,False,,-1,,,False,,,0,0,0,0
2025-11-03,2025,0,False,False,False,False,,True,bear,2025-11-03 10:02:00,602,26371.5,26389.0,17.5,True,1.0,0.0,44.75,95.5,2025-11-03 14:19:00,859,26356.5,26370.25,13.75,1.0,0.0,25.5,33.75,True,2025-11-03 12:25:00,745,1.0,0.0,True,2025-11-03 10:07:00,1.0,17,17,32,337
2025-11-04,2025,1,False,False,False,False,,True,bull,2025-11-04 10:01:00,601,26119.75,26128.75,9.0,True,1.0,0.0,21.25,108.5,2025-11-04 11:56:00,716,26012.5,26020.75,8.25,1.0,0.0,1.0,124.0,True,2025-11-04 13:52:00,832,1.0,0.0,True,2025-11-04 10:15:00,1.0,12,21,36,356
2025-11-05,2025,2,False,False,False,False,,True,bull,2025-11-05 10:07:00,607,25922.25,25943.5,21.25,True,1.0,0.0,31.75,89.25,2025-11-05 12:22:00,742,26027.5,26034.0,6.5,0.0,0.0,56.5,9.25,True,2025-11-05 14:12:00,852,0.0,0.0,True,2025-11-05 10:09:00,1.0,11,31,50,355
2025-11-06,2025,3,False,False,False,False,,True,bear,2025-11-06 10:01:00,601,25769.75,25787.25,17.5,True,1.0,0.0,60.5,195.75,2025-11-06 13:11:00,791,25494.0,25504.5,10.5,1.0,0.0,175.75,9.75,True,2025-11-06 12:15:00,735,1.0,0.0,True,2025-11-06 10:02:00,1.0,14,20,40,343
2025-11-07,2025,4,False,False,False,True,event,False,,,-1,,,,False,,,,,,-1,,,,,,,,False,,-1,,,False,,,0,0,0,0
2025-11-09,2025,6,True,False,False,False,sunday,False,,,-1,,,,False,,,,,,-1,,,,,,,,False,,-1,,,False,,,0,0,0,0
2025-11-10,2025,0,False,False,False,False,,True,bear,2025-11-10 10:15:00,615,25901.5,25906.25,4.75,True,1.0,0.0,42.0,153.5,2025-11-10 13:57:00,837,25919.5,25926.75,7.25,1.0,0.0,53.5,20.5,True,2025-11-10 15:00:00,900,1.0,0.0,True,2025-11-10 10:20:00,1.0,8,12,21,303
2025-11-11,2025,1,False,False,False,False,,True,bear,2025-11-11 10:08:00,608,25820.25,25841.25,21.0,True,1.0,0.0,33.75,77.25,2025-11-11 12:27:00,747,25819.25,25840.0,20.75,1.0,0.0,114.5,8.5,True,2025-11-11 14:20:00,860,1.0,0.0,True,2025-11-11 10:34:00,1.0,5,13,20,292
2025-11-12,2025,2,False,False,False,False,,True,bull,2025-11-12 10:02:00,602,25853.25,25870.25,17.0,True,1.0,0.0,36.25,95.25,2025-11-12 12:37:00,757,25826.0,25838.0,12.0,1.0,0.0,42.0,35.75,True,2025-11-12 14:36:00,876,1.0,0.0,True,2025-11-12 10:10:00,1.0,11,31,37,341
2025-11-13,2025,3,False,False,False,False,,True,bear,2025-11-13 10:03:00,603,25624.0,25638.5,14.5,True,1.0,0.0,155.25,144.5,2025-11-13 13:27:00,807,25331.5,25359.75,28.25,1.0,0.0,52.0,62.25,True,2025-11-13 13:26:00,806,1.0,0.0,True,2025-11-13 10:08:00,1.0,16,22,37,308
2025-11-14,2025,4,False,False,False,False,,True,bear,2025-11-14 10:02:00,602,25187.0,25207.25,20.25,True,1.0,0.0,258.75,57.0,2025-11-14 13:19:00,799,25421.25,25448.75,27.5,1.0,0.0,33.25,76.5,True,2025-11-14 13:04:00,784,1.0,0.0,True,2025-11-14 10:13:00,1.0,14,23,31,219
2025-11-16,2025,6,True,False,False,False,sunday,False,,,-1,,,,False,,,,,,-1,,,,,,,,False,,-1,,,False,,,0,0,0,0
2025-11-17,2025,0,False,False,False,False,,True,bear,2025-11-17 10:05:00,605,25399.25,25430.75,31.5,True,1.0,0.0,40.5,126.25,2025-11-17 12:56:00,776,25281.5,25286.25,4.75,1.0,0.0,25.75,138.25,True,2025-11-17 14:58:00,898,1.0,0.0,True,2025-11-17 10:09:00,1.0,14,38,47,316
2025-11-18,2025,1,False,False,False,False,,True,bear,2025-11-18 10:00:00,600,24807.25,24815.25,8.0,True,1.0,0.0,91.0,129.5,2025-11-18 12:29:00,749,24797.75,24848.75,51.0,1.0,0.0,256.5,42.25,True,2025-11-18 10:13:00,613,1.0,0.0,True,2025-11-18 10:03:00,1.0,15,20,38,328
2025-11-19,2025,2,False,False,False,False,,True,bull,2025-11-19 10:00:00,600,25115.0,25129.75,14.75,True,1.0,0.0,94.25,145.75,2025-11-19 12:43:00,763,24785.5,24828.25,42.75,1.0,0.0,99.75,47.75,True,2025-11-19 12:30:00,750,1.0,0.0,True,2025-11-19 10:01:00,1.0,10,20,38,288
2025-11-20,2025,3,False,False,False,True,event,False,,,-1,,,,False,,,,,,-1,,,,,,,,False,,-1,,,False,,,0,0,0,0
2025-11-21,2025,4,False,False,False,False,,True,bear,2025-11-21 10:02:00,602,24414.25,24430.5,16.25,True,1.0,0.0,94.0,203.0,2025-11-21 12:53:00,773,24614.5,24617.25,2.75,1.0,0.0,215.0,141.0,True,2025-11-21 12:52:00,772,1.0,0.0,True,2025-11-21 10:03:00,1.0,16,17,32,242
2025-11-23,2025,6,True,False,False,False,sunday,False,,,-1,,,,False,,,,,,-1,,,,,,,,False,,-1,,,False,,,0,0,0,0
2025-11-24,2025,0,False,False,False,False,,True,bull,2025-11-24 10:01:00,601,24911.0,24939.5,28.5,True,1.0,0.0,113.75,39.5,2025-11-24 11:55:00,715,25122.75,25128.0,5.25,1.0,0.0,68.25,42.5,True,2025-11-24 12:55:00,775,1.0,0.0,True,2025-11-24 10:02:00,1.0,7,21,38,283
2025-11-25,2025,1,False,False,False,False,,True,bull,2025-11-25 10:00:00,600,25037.75,25054.5,16.75,True,1.0,0.0,56.0,161.5,2025-11-25 14:45:00,885,25211.0,25216.25,5.25,1.0,0.0,119.25,14.0,True,2025-11-25 10:31:00,631,1.0,0.0,True,2025-11-25 10:02:00,1.0,16,38,53,340
2025-11-26,2025,2,False,False,False,False,,True,bear,2025-11-26 10:00:00,600,25443.0,25457.0,14.0,True,1.0,0.0,110.5,33.75,2025-11-26 13:45:00,825,25560.75,25567.0,6.25,1.0,0.0,63.25,5.5,True,2025-11-26 15:08:00,908,1.0,0.0,True,2025-11-26 10:01:00,1.0,13,31,39,320
2025-11-27,2025,3,False,True,False,False,holiday,False,,,-1,,,,False,,,,,,-1,,,,,,,,False,,-1,,,False,,,0,0,0,0
2025-11-28,2025,4,False,False,True,False,early_close,False,,,-1,,,,False,,,,,,-1,,,,,,,,False,,-1,,,False,,,0,0,0,0
2025-11-30,2025,6,True,False,False,False,sunday,False,,,-1,,,,False,,,,,,-1,,,,,,,,False,,-1,,,False,,,0,0,0,0
2025-12-01,2025,0,False,False,False,False,,True,bear,2025-12-01 10:16:00,616,25611.5,25630.5,19.0,True,1.0,0.0,78.0,74.5,2025-12-01 12:17:00,737,25695.0,25699.5,4.5,1.0,0.0,57.25,10.0,True,2025-12-01 14:07:00,847,0.0,0.0,True,2025-12-01 10:22:00,1.0,11,25,32,282
2025-12-02,2025,1,False,False,False,False,,True,bull,2025-12-02 10:02:00,602,25855.0,25875.0,20.0,True,1.0,0.0,28.25,110.75,2025-12-02 14:53:00,893,25870.0,25886.75,16.75,1.0,0.0,15.0,40.25,True,2025-12-02 12:20:00,740,1.0,0.0,True,2025-12-02 10:03:00,1.0,15,30,43,328
2025-12-03,2025,2,False,False,False,False,,True,bull,2025-12-03 10:04:00,604,25775.25,25808.75,33.5,True,1.0,0.0,39.25,68.0,2025-12-03 12:02:00,722,25816.75,25824.0,7.25,1.0,0.0,63.75,18.5,True,2025-12-03 11:35:00,695,1.0,0.0,True,2025-12-03 10:08:00,1.0,10,25,33,287
2025-12-04,2025,3,False,False,False,False,,True,bear,2025-12-04 10:12:00,612,25824.25,25832.0,7.75,True,1.0,0.0,71.5,62.75,2025-12-04 11:56:00,716,25886.25,25888.5,2.25,1.0,0.0,25.25,42.25,True,2025-12-04 12:06:00,726,0.0,0.0,True,2025-12-04 10:18:00,1.0,12,28,42,344
2025-12-05,2025,4,False,False,False,True,event,False,,,-1,,,,False,,,,,,-1,,,,,,,,False,,-1,,,False,,,0,0,0,0
2025-12-07,2025,6,True,False,False,False,sunday,False,,,-1,,,,False,,,,,,-1,,,,,,,,False,,-1,,,False,,,0,0,0,0
2025-12-08,2025,0,False,False,False,False,,True,bull,2025-12-08 10:04:00,604,26009.25,26021.75,12.5,True,1.0,0.0,11.25,138.25,2025-12-08 12:55:00,775,25901.25,25903.75,2.5,1.0,0.0,49.0,63.25,True,2025-12-08 12:50:00,770,1.0,0.0,True,2025-12-08 10:07:00,0.0,10,17,23,282
2025-12-09,2025,1,False,False,False,False,,True,bull,2025-12-09 10:04:00,604,25895.25,25906.5,11.25,True,1.0,0.0,53.5,31.75,2025-12-09 13:14:00,794,25968.25,25969.75,1.5,1.0,0.0,22.5,22.5,True,2025-12-09 09:30:00,570,1.0,0.0,True,2025-12-09 10:06:00,1.0,10,22,32,273
2025-12-10,2025,2,False,False,False,True,event,False,,,-1,,,,False,,,,,,-1,,,,,,,,False,,-1,,,False,,,0,0,0,0
2025-12-11,2025,3,False,False,False,False,,True,bull,2025-12-11 10:04:00,604,25670.75,25692.25,21.5,True,0.0,0.0,175.5,9.5,2025-12-11 13:02:00,782,25849.0,25857.5,8.5,0.0,0.0,82.0,6.5,True,2025-12-11 13:38:00,818,1.0,0.0,True,2025-12-11 10:05:00,0.0,19,35,47,276
